x0,y0,z0,x1,y1,z1,x2,y2,z2,x3,y3,z3,x4,y4,z4,x5,y5,z5,x6,y6,z6,x7,y7,z7,x8,y8,z8,x9,y9,z9,x10,y10,z10,x11,y11,z11,x12,y12,z12,x13,y13,z13,x14,y14,z14,x15,y15,z15,x16,y16,z16,x17,y17,z17,x18,y18,z18,x19,y19,z19,x20,y20,z20,label
0.5368051528930664,0.7832990884780884,-6.191382340148266e-07,0.5724247694015503,0.7455413937568665,-0.0966624990105629,0.5648418664932251,0.6748210787773132,-0.13865908980369568,0.5023236274719238,0.6400841474533081,-0.16347013413906097,0.4365150034427643,0.6441290378570557,-0.17452917993068695,0.5352928638458252,0.44176575541496277,-0.080448217689991,0.4965924620628357,0.4826240539550781,-0.13754740357398987,0.5080896019935608,0.5755736827850342,-0.16183620691299438,0.5163332223892212,0.5784187912940979,-0.17558395862579346,0.47163069248199463,0.4558737874031067,-0.05861368402838707,0.42902910709381104,0.5229558944702148,-0.12141001969575882,0.45419949293136597,0.6223531365394592,-0.13000240921974182,0.4737745523452759,0.6131827235221863,-0.12366452813148499,0.420650452375412,0.5069894790649414,-0.0493411161005497,0.3843921422958374,0.5921972990036011,-0.11178956180810928,0.4193805456161499,0.6778583526611328,-0.10283152759075165,0.4397905170917511,0.6610094308853149,-0.0837053656578064,0.38404983282089233,0.5696203112602234,-0.049150317907333374,0.36069875955581665,0.6399754881858826,-0.09347033500671387,0.3924693763256073,0.694746196269989,-0.09169234335422516,0.4130914509296417,0.6839770674705505,-0.07922807335853577,R
0.5254732370376587,0.7653971910476685,-3.266453347805509e-07,0.5618472099304199,0.7399628758430481,-0.09679625928401947,0.5546612739562988,0.6814383864402771,-0.1423032134771347,0.49931737780570984,0.6431466341018677,-0.17021067440509796,0.44714653491973877,0.6269965767860413,-0.18507134914398193,0.534144937992096,0.43543440103530884,-0.08842143416404724,0.47326359152793884,0.510398268699646,-0.1415354311466217,0.4784493148326874,0.6014142632484436,-0.16007685661315918,0.4916446805000305,0.6120061874389648,-0.16863153874874115,0.4742520749568939,0.4463743269443512,-0.06433536857366562,0.41055741906166077,0.540779173374176,-0.1259518265724182,0.433393657207489,0.6280866265296936,-0.13503775000572205,0.4552503228187561,0.6282070875167847,-0.12878964841365814,0.42535316944122314,0.49209287762641907,-0.050904255360364914,0.3714603781700134,0.5960172414779663,-0.1140599399805069,0.4066314995288849,0.6739282608032227,-0.1077985092997551,0.43422743678092957,0.6652480959892273,-0.08975514769554138,0.3898695409297943,0.5529038310050964,-0.04580754414200783,0.35466229915618896,0.6294688582420349,-0.0947173461318016,0.38786977529525757,0.6854203343391418,-0.09650851041078568,0.4150587022304535,0.6794886589050293,-0.08464466780424118,R
0.523554265499115,0.7622568607330322,-3.7565138200079673e-07,0.5594174265861511,0.7272136807441711,-0.08567575365304947,0.544633150100708,0.6552257537841797,-0.12360765039920807,0.4825902581214905,0.6204612255096436,-0.1471910923719406,0.4245079457759857,0.6068310141563416,-0.15971355140209198,0.5282533168792725,0.4435141682624817,-0.07034994661808014,0.4801284670829773,0.4912152588367462,-0.12691760063171387,0.47654446959495544,0.5812458992004395,-0.15208326280117035,0.48370495438575745,0.6117634773254395,-0.16310237348079681,0.4661654531955719,0.4578566551208496,-0.050219833850860596,0.40845656394958496,0.5328081846237183,-0.11464068293571472,0.42768386006355286,0.6191449165344238,-0.1293383687734604,0.4484647512435913,0.6336529850959778,-0.12432254105806351,0.4174689054489136,0.5047414302825928,-0.040964704006910324,0.36991259455680847,0.5996142625808716,-0.10602973401546478,0.4045441746711731,0.6754282712936401,-0.10496024787425995,0.4322628676891327,0.6773169040679932,-0.08763524144887924,0.3838433027267456,0.5655146837234497,-0.03892720118165016,0.3529404401779175,0.6359264254570007,-0.08804575353860855,0.3844086229801178,0.6898810267448425,-0.09144935011863708,0.41053029894828796,0.6870399713516235,-0.079619862139225,R
0.5214785933494568,0.7565573453903198,-2.8356129178064293e-07,0.5549380779266357,0.7237158417701721,-0.09538484364748001,0.538425862789154,0.6557849049568176,-0.1395498514175415,0.47717803716659546,0.6313663721084595,-0.1671236902475357,0.42569416761398315,0.628168523311615,-0.18342411518096924,0.5229672789573669,0.4390560984611511,-0.08501841872930527,0.4563920199871063,0.5114455223083496,-0.14348703622817993,0.4613131880760193,0.5973519682884216,-0.16782967746257782,0.47607678174972534,0.6188423037528992,-0.1780918538570404,0.46242836117744446,0.45629072189331055,-0.06066235899925232,0.3914004862308502,0.5469695329666138,-0.13135753571987152,0.41979551315307617,0.634475588798523,-0.1470402628183365,0.44627848267555237,0.6472687721252441,-0.14137935638427734,0.4146880507469177,0.5046815276145935,-0.04706767201423645,0.3593307435512543,0.6025469303131104,-0.11644760519266129,0.39782699942588806,0.6780328750610352,-0.11538207530975342,0.4282442033290863,0.6779754757881165,-0.09699834883213043,0.38121503591537476,0.5661691427230835,-0.04137910529971123,0.3458314836025238,0.6392368674278259,-0.0934458002448082,0.3774296045303345,0.6921827793121338,-0.09853333234786987,0.4044104516506195,0.6869708895683289,-0.08718938380479813,R
0.5100328922271729,0.7641587257385254,-3.7543117059612996e-07,0.5496909022331238,0.7348609566688538,-0.09438589960336685,0.5355576276779175,0.6589804887771606,-0.13436195254325867,0.4709237813949585,0.6241273880004883,-0.15681912004947662,0.41380590200424194,0.6111232042312622,-0.16731028258800507,0.5198308229446411,0.4476187825202942,-0.08238720148801804,0.4602504372596741,0.5123006701469421,-0.1392693668603897,0.4623553156852722,0.6067711710929871,-0.162825345993042,0.47086256742477417,0.6324293613433838,-0.17312532663345337,0.4573500156402588,0.45947158336639404,-0.05776391178369522,0.3936731219291687,0.5443117618560791,-0.1215701550245285,0.42182600498199463,0.6264262199401855,-0.13387493789196014,0.44620564579963684,0.6327217817306519,-0.12834584712982178,0.40875592827796936,0.5046752095222473,-0.0442754402756691,0.3591475486755371,0.6029826402664185,-0.10759682208299637,0.396811306476593,0.6769377589225769,-0.10321208089590073,0.42360711097717285,0.6727818250656128,-0.08528908342123032,0.3748704493045807,0.5646616220474243,-0.03901093080639839,0.34235745668411255,0.6410478353500366,-0.08821042627096176,0.37652409076690674,0.6928520798683167,-0.09153489768505096,0.40184709429740906,0.685141921043396,-0.08029206842184067,R
0.514470636844635,0.7688122987747192,-3.482442139102204e-07,0.5504096746444702,0.7299466729164124,-0.08830717951059341,0.5321483016014099,0.6532451510429382,-0.12557460367679596,0.46342942118644714,0.6272129416465759,-0.1475614607334137,0.4031209647655487,0.6270098090171814,-0.15977393090724945,0.5159186720848083,0.4505113363265991,-0.07171822339296341,0.4612354338169098,0.5033107399940491,-0.12881186604499817,0.45870864391326904,0.5910259485244751,-0.1563943326473236,0.4668450951576233,0.6216140389442444,-0.1685226708650589,0.4547275900840759,0.4688171446323395,-0.04974111542105675,0.3928951323032379,0.5376981496810913,-0.11398977041244507,0.4116983711719513,0.6197539567947388,-0.1312848925590515,0.43304508924484253,0.6391332149505615,-0.12766443192958832,0.4067157804965973,0.5178452134132385,-0.038732707500457764,0.3564671576023102,0.6039345860481262,-0.10396668314933777,0.3900415301322937,0.6796787977218628,-0.10697325319051743,0.4184090197086334,0.6873993873596191,-0.09156110882759094,0.3740699291229248,0.5799076557159424,-0.034991804510354996,0.3400183916091919,0.6429332494735718,-0.08416814357042313,0.3693937659263611,0.6947609782218933,-0.08977687358856201,0.39496704936027527,0.6961209177970886,-0.07933804392814636,R
0.5061557292938232,0.77012038230896,-2.96838351232509e-07,0.5459079742431641,0.735404372215271,-0.09445474296808243,0.5319377183914185,0.662764847278595,-0.13823311030864716,0.4637514650821686,0.642573356628418,-0.16519257426261902,0.40336188673973083,0.6428459286689758,-0.1802484095096588,0.5095416307449341,0.4516163468360901,-0.08420432358980179,0.453998327255249,0.5068159103393555,-0.1437661051750183,0.4572681486606598,0.6025233268737793,-0.16934089362621307,0.46308964490890503,0.6294205188751221,-0.18083299696445465,0.448213130235672,0.4693794250488281,-0.060171566903591156,0.3821369707584381,0.5541836619377136,-0.1286374181509018,0.4175020754337311,0.641554057598114,-0.14168933033943176,0.44444650411605835,0.6443094611167908,-0.13572056591510773,0.4006860852241516,0.5181811451911926,-0.047356992959976196,0.34949785470962524,0.6116040349006653,-0.11270918697118759,0.3931775391101837,0.6860813498497009,-0.10668154060840607,0.4214843511581421,0.677478551864624,-0.08720067143440247,0.36733278632164,0.5791319608688354,-0.04269208014011383,0.3361494243144989,0.652313768863678,-0.08976516872644424,0.37273523211479187,0.7028917074203491,-0.09059732407331467,0.398820161819458,0.6906195282936096,-0.07805191725492477,R
0.502304196357727,0.7788862586021423,-4.811154212802649e-07,0.5414488911628723,0.7426977157592773,-0.08629787713289261,0.5307828783988953,0.6715354323387146,-0.12390033900737762,0.46683424711227417,0.6391561031341553,-0.14754371345043182,0.40818122029304504,0.6241276860237122,-0.16162317991256714,0.5110660791397095,0.47120219469070435,-0.07016436755657196,0.46761590242385864,0.4931075870990753,-0.1310545802116394,0.4455797076225281,0.592587411403656,-0.16274765133857727,0.43893396854400635,0.64894038438797,-0.1768718957901001,0.44983771443367004,0.48452889919281006,-0.049166180193424225,0.3924831748008728,0.5380116105079651,-0.11448061466217041,0.4020862877368927,0.6273669600486755,-0.13377328217029572,0.42054882645606995,0.6564213633537292,-0.1317562311887741,0.40226882696151733,0.5284588932991028,-0.03948600962758064,0.3537389636039734,0.6089819669723511,-0.104152150452137,0.3830772042274475,0.6874327659606934,-0.10694313794374466,0.41067662835121155,0.7036815285682678,-0.09198001772165298,0.37082189321517944,0.586641788482666,-0.036979708820581436,0.33592042326927185,0.6485048532485962,-0.08685655146837234,0.36349499225616455,0.7025817036628723,-0.09205713868141174,0.38992756605148315,0.7101839780807495,-0.0811520367860794,R
0.5042819976806641,0.7699267864227295,-3.503827201711829e-07,0.54230135679245,0.7361716628074646,-0.08679943531751633,0.5305445194244385,0.6699392795562744,-0.12744972109794617,0.46157315373420715,0.64291912317276,-0.15395477414131165,0.40028148889541626,0.6296169757843018,-0.17079472541809082,0.5075328350067139,0.46122297644615173,-0.07377506792545319,0.4549267888069153,0.513537585735321,-0.13265778124332428,0.4462815523147583,0.6058567762374878,-0.16181105375289917,0.447201669216156,0.6421876549720764,-0.1751190572977066,0.44653937220573425,0.4803996980190277,-0.052717771381139755,0.3805544972419739,0.558087170124054,-0.11951658874750137,0.40511220693588257,0.6459529399871826,-0.13633005321025848,0.42955848574638367,0.6627773642539978,-0.13239122927188873,0.3994191288948059,0.5290578007698059,-0.042187225073575974,0.34603333473205566,0.6165372133255005,-0.10719171911478043,0.3830496668815613,0.6936930418014526,-0.10517939925193787,0.41216734051704407,0.6982916593551636,-0.08709477633237839,0.36724624037742615,0.5910411477088928,-0.038873106241226196,0.3322122097015381,0.6565695405006409,-0.08696961402893066,0.36362648010253906,0.7093153595924377,-0.08883433789014816,0.39130210876464844,0.7071028351783752,-0.07567449659109116,R
0.5036081671714783,0.7782179117202759,-3.467694398295862e-07,0.5405247211456299,0.7497118711471558,-0.0973915085196495,0.5222601890563965,0.6709081530570984,-0.13924796879291534,0.45226243138313293,0.6373106241226196,-0.1626834124326706,0.39352676272392273,0.6197865605354309,-0.17270448803901672,0.506743848323822,0.4666910171508789,-0.08475735783576965,0.45109033584594727,0.5275682210922241,-0.14633367955684662,0.4526534080505371,0.6323687434196472,-0.1717388927936554,0.4558657109737396,0.6650131940841675,-0.18242336809635162,0.44305288791656494,0.48247864842414856,-0.05914885178208351,0.38135117292404175,0.5645850896835327,-0.12634557485580444,0.4169776737689972,0.6475433111190796,-0.13799716532230377,0.4413607716560364,0.6450057625770569,-0.13169395923614502,0.3944782614707947,0.5303469300270081,-0.04560701176524162,0.3467245399951935,0.6273311972618103,-0.11067410558462143,0.39035049080848694,0.6997784972190857,-0.10327159613370895,0.41546520590782166,0.6884077787399292,-0.08354517072439194,0.36097192764282227,0.5911774039268494,-0.040660321712493896,0.33175966143608093,0.6685096025466919,-0.08961033076047897,0.3699038624763489,0.7179676294326782,-0.09096904844045639,0.39360085129737854,0.703003466129303,-0.07879331707954407,R
0.5000610947608948,0.7746585607528687,-4.233374681916757e-07,0.5386689901351929,0.7531080842018127,-0.09782667458057404,0.52225661277771,0.6798741817474365,-0.1375037580728531,0.452309787273407,0.6378556489944458,-0.15820062160491943,0.3934471607208252,0.608418881893158,-0.16591668128967285,0.5052105188369751,0.46975547075271606,-0.08971680700778961,0.44791916012763977,0.5394180417060852,-0.14827440679073334,0.4409785568714142,0.6504859328269958,-0.17134100198745728,0.44230329990386963,0.6905086636543274,-0.1812872439622879,0.4413275122642517,0.48226600885391235,-0.06404072046279907,0.3825048804283142,0.5675949454307556,-0.12633846700191498,0.41122496128082275,0.6489064693450928,-0.1362830102443695,0.43750572204589844,0.6516457796096802,-0.13085365295410156,0.39319130778312683,0.5288876295089722,-0.049839671701192856,0.34492191672325134,0.6325490474700928,-0.11222255229949951,0.38401907682418823,0.7073812484741211,-0.10432466864585876,0.4121025800704956,0.7018260955810547,-0.08572223037481308,0.36114299297332764,0.5914568305015564,-0.044343430548906326,0.3277910649776459,0.672696590423584,-0.09548085927963257,0.3644412159919739,0.7231297492980957,-0.09771984070539474,0.3907053470611572,0.7137622833251953,-0.0861445963382721,R
0.49880465865135193,0.777323842048645,-3.8800564539087645e-07,0.5405492782592773,0.7585165500640869,-0.09717536717653275,0.5266982316970825,0.6846924424171448,-0.13666822016239166,0.4543670415878296,0.6424673199653625,-0.15717223286628723,0.3947080969810486,0.6106705665588379,-0.16519542038440704,0.5059603452682495,0.46978461742401123,-0.08702658861875534,0.4477050006389618,0.5569744110107422,-0.14613191783428192,0.4471694827079773,0.6559122204780579,-0.17075547575950623,0.4545622169971466,0.6834293603897095,-0.18141311407089233,0.44113314151763916,0.4802442789077759,-0.061078913509845734,0.3813767433166504,0.5759108662605286,-0.12279974669218063,0.40955036878585815,0.6519085764884949,-0.13367055356502533,0.43522700667381287,0.6525770425796509,-0.12877999246120453,0.392875075340271,0.5263806581497192,-0.046526458114385605,0.34401583671569824,0.6366947889328003,-0.10954050719738007,0.3814476430416107,0.7107270359992981,-0.10291782021522522,0.40918368101119995,0.7054396271705627,-0.08459345251321793,0.36025330424308777,0.5890702605247498,-0.04044631868600845,0.3270663917064667,0.6728096008300781,-0.09154000133275986,0.36204424500465393,0.72453773021698,-0.09420594573020935,0.38762786984443665,0.7164990305900574,-0.08256711810827255,R
0.4989573359489441,0.7744746804237366,-3.914415742656274e-07,0.5394077301025391,0.7599360346794128,-0.0970965325832367,0.5272517800331116,0.6988505125045776,-0.1389981508255005,0.4567294120788574,0.6545222997665405,-0.16204524040222168,0.3956112861633301,0.6171209216117859,-0.1738172322511673,0.5077384114265442,0.46990519762039185,-0.09466061741113663,0.4500993490219116,0.5584157109260559,-0.15206877887248993,0.4444677531719208,0.65755295753479,-0.1774081289768219,0.4480246305465698,0.689584493637085,-0.1896204650402069,0.4428968131542206,0.47919735312461853,-0.06853220611810684,0.3842504620552063,0.576278030872345,-0.1275320202112198,0.4077654182910919,0.651975691318512,-0.1392119973897934,0.4308529794216156,0.6597340703010559,-0.13711676001548767,0.39374688267707825,0.5253830552101135,-0.05274132266640663,0.3434617519378662,0.6367981433868408,-0.11254768073558807,0.37769389152526855,0.7090484499931335,-0.10690904408693314,0.40493491291999817,0.7110596895217896,-0.0913480892777443,0.3603605329990387,0.5895703434944153,-0.045352041721343994,0.3261500298976898,0.6729728579521179,-0.09597945958375931,0.35868194699287415,0.7253250479698181,-0.0995548740029335,0.38481903076171875,0.7240016460418701,-0.08952100574970245,R
0.5012475252151489,0.7709983587265015,-3.80476308237121e-07,0.5408401489257812,0.7543641924858093,-0.09586694091558456,0.5283459424972534,0.689564049243927,-0.13834825158119202,0.4544578790664673,0.6484214663505554,-0.16271604597568512,0.3911374509334564,0.6124876141548157,-0.1757916808128357,0.5043562650680542,0.4692404270172119,-0.09056881815195084,0.44334426522254944,0.5596590042114258,-0.15276999771595,0.4436613917350769,0.6506255865097046,-0.18044725060462952,0.45385241508483887,0.6777159571647644,-0.19246914982795715,0.44121429324150085,0.4818732440471649,-0.06584308296442032,0.37514495849609375,0.5782506465911865,-0.1314670890569687,0.4001191258430481,0.6589494347572327,-0.14409075677394867,0.4255225360393524,0.6703009605407715,-0.13935625553131104,0.3937441110610962,0.5287886261940002,-0.05214696750044823,0.3404425084590912,0.639848530292511,-0.1171371266245842,0.3777479827404022,0.7125757932662964,-0.11120336502790451,0.4080547094345093,0.7128397226333618,-0.0925925076007843,0.36106425523757935,0.5916202664375305,-0.04664984717965126,0.3255142569541931,0.6746560335159302,-0.09763732552528381,0.359378457069397,0.7271237969398499,-0.09999793022871017,0.3874332904815674,0.7225327491760254,-0.08793571591377258,R
0.509006142616272,0.759226381778717,-3.6416173543329933e-07,0.5451171398162842,0.7534173727035522,-0.1040414497256279,0.5314743518829346,0.7011628150939941,-0.1520179659128189,0.46046823263168335,0.658417820930481,-0.18023252487182617,0.3972286880016327,0.6183521151542664,-0.19773544371128082,0.5061641335487366,0.46842265129089355,-0.10735318064689636,0.439335435628891,0.5721772909164429,-0.17202484607696533,0.43339869379997253,0.6647142171859741,-0.2003713846206665,0.44284096360206604,0.6947833299636841,-0.21290193498134613,0.4429551064968109,0.47701355814933777,-0.07890084385871887,0.37464722990989685,0.5819963216781616,-0.1473628580570221,0.39262688159942627,0.6636983752250671,-0.1615898162126541,0.41627252101898193,0.6810078024864197,-0.15845967829227448,0.395659863948822,0.5221105217933655,-0.06100180372595787,0.34057921171188354,0.6449064016342163,-0.12766428291797638,0.3744644224643707,0.7167899012565613,-0.12244901806116104,0.40573081374168396,0.7214416861534119,-0.10485511273145676,0.36323046684265137,0.5839394330978394,-0.05181025713682175,0.3268261253833771,0.6772794723510742,-0.10579238831996918,0.35915765166282654,0.7304409146308899,-0.1101054921746254,0.3883432149887085,0.728002667427063,-0.09923683106899261,R
0.4953230023384094,0.7640063762664795,-4.1621672153269174e-07,0.5305690169334412,0.7739559412002563,-0.10783655196428299,0.5211363434791565,0.7231765985488892,-0.15490508079528809,0.46569839119911194,0.6551825404167175,-0.17984789609909058,0.4152693450450897,0.5801439881324768,-0.19237753748893738,0.510675847530365,0.47534987330436707,-0.12099254131317139,0.43746623396873474,0.58694988489151,-0.18186092376708984,0.43219059705734253,0.6784783601760864,-0.20398388803005219,0.44030138850212097,0.7005915641784668,-0.21454671025276184,0.4461626708507538,0.47391897439956665,-0.09012012183666229,0.37994253635406494,0.5919013023376465,-0.1536499559879303,0.4018573462963104,0.671004593372345,-0.16133353114128113,0.4276750087738037,0.6798301339149475,-0.15728235244750977,0.39660099148750305,0.5127460360527039,-0.06921971589326859,0.34124743938446045,0.6401419043540955,-0.13011009991168976,0.3727845549583435,0.7143112421035767,-0.11703643947839737,0.40067318081855774,0.7165511250495911,-0.09833930432796478,0.36297011375427246,0.5733346939086914,-0.05793975666165352,0.32667675614356995,0.6738792061805725,-0.11292234063148499,0.3600451350212097,0.7268000841140747,-0.11698911339044571,0.3889807462692261,0.7231605648994446,-0.10710558295249939,R
0.5147192478179932,0.7590577006340027,-3.865475832753873e-07,0.5390923619270325,0.7685213088989258,-0.11399922519922256,0.5223531723022461,0.7133552432060242,-0.16209140419960022,0.4692848324775696,0.6368290781974792,-0.1866244077682495,0.42274564504623413,0.5554507970809937,-0.19898593425750732,0.5107237100601196,0.4704766273498535,-0.12765724956989288,0.44131341576576233,0.5894840359687805,-0.18957719206809998,0.4332773685455322,0.6824920773506165,-0.21133120357990265,0.43941083550453186,0.7080889940261841,-0.22043314576148987,0.4481205642223358,0.4706733524799347,-0.09352345019578934,0.38279539346694946,0.5871165990829468,-0.1584693342447281,0.3966046869754791,0.6678454279899597,-0.16635160148143768,0.41932639479637146,0.6871117949485779,-0.16181816160678864,0.39888814091682434,0.5107909440994263,-0.06966180354356766,0.3422064185142517,0.6380032300949097,-0.1340305209159851,0.36990877985954285,0.7133743166923523,-0.12375392764806747,0.3993091285228729,0.7217947840690613,-0.10555311292409897,0.3647540807723999,0.5720146298408508,-0.05558853968977928,0.32699054479599,0.6723273396492004,-0.11159295588731766,0.35944610834121704,0.725923478603363,-0.11651407182216644,0.39025333523750305,0.7249764204025269,-0.10714345425367355,R
0.5143563151359558,0.7556412816047668,-3.717535150826734e-07,0.5398359894752502,0.7679802179336548,-0.10953693836927414,0.5218496322631836,0.727855920791626,-0.1576864868402481,0.4638148248195648,0.6707708835601807,-0.18361665308475494,0.41109636425971985,0.604212760925293,-0.1966947317123413,0.5092353820800781,0.4653555750846863,-0.12005501985549927,0.4386279284954071,0.582841694355011,-0.17462843656539917,0.4368385076522827,0.6772985458374023,-0.19257958233356476,0.4467063546180725,0.6938213109970093,-0.2014087438583374,0.4477420449256897,0.46553850173950195,-0.08790654689073563,0.3850965201854706,0.5827699899673462,-0.14685465395450592,0.4036303460597992,0.6601848006248474,-0.15394160151481628,0.4258615970611572,0.6690543293952942,-0.15036816895008087,0.3995945453643799,0.5063380002975464,-0.06530392915010452,0.34539783000946045,0.639707088470459,-0.12119941413402557,0.37560826539993286,0.7104941606521606,-0.10974404215812683,0.4016357660293579,0.7104267477989197,-0.09361136704683304,0.3666161298751831,0.5684899091720581,-0.05263982713222504,0.33002933859825134,0.6724963784217834,-0.10365136712789536,0.36340898275375366,0.7224037051200867,-0.10806622356176376,0.39180856943130493,0.7160669565200806,-0.09976396709680557,R
0.5140972137451172,0.7518830299377441,-2.726320076362754e-07,0.5391542315483093,0.7693977355957031,-0.11400220543146133,0.5237669348716736,0.7369099855422974,-0.167573943734169,0.46909016370773315,0.6881531476974487,-0.19830037653446198,0.4178397059440613,0.6247390508651733,-0.21513457596302032,0.5095576643943787,0.4626944959163666,-0.12882067263126373,0.4361775517463684,0.5909560322761536,-0.18559060990810394,0.4431729018688202,0.6804682612419128,-0.20289096236228943,0.45659497380256653,0.681954026222229,-0.2118249088525772,0.4479518234729767,0.4621351957321167,-0.09627147018909454,0.3821619749069214,0.5918342471122742,-0.15943090617656708,0.4097563326358795,0.6691129803657532,-0.1651422083377838,0.43470069766044617,0.6656192541122437,-0.1603933572769165,0.3995026648044586,0.5030694007873535,-0.07343380898237228,0.34391891956329346,0.6403321027755737,-0.13169623911380768,0.3792300522327423,0.7097674608230591,-0.1171945184469223,0.4045165777206421,0.7006052732467651,-0.09923531860113144,0.3656541407108307,0.5648202896118164,-0.06096142157912254,0.3304876983165741,0.6724643111228943,-0.11160672456026077,0.36746013164520264,0.7193402051925659,-0.11459513753652573,0.39627572894096375,0.7050690650939941,-0.10573475062847137,R
0.5178447961807251,0.753262996673584,-3.2704051022847125e-07,0.5395577549934387,0.7662444710731506,-0.11465815454721451,0.5198675394058228,0.7188104391098022,-0.1636236310005188,0.4684521555900574,0.6585754156112671,-0.189037024974823,0.4237847328186035,0.5927268266677856,-0.20044036209583282,0.5079624652862549,0.45738065242767334,-0.12083906680345535,0.43564632534980774,0.5868039727210999,-0.17868690192699432,0.4411851167678833,0.6757239699363708,-0.19786368310451508,0.45499342679977417,0.6786044239997864,-0.20687955617904663,0.4475243389606476,0.45905497670173645,-0.08703627437353134,0.38456934690475464,0.5850843191146851,-0.14946843683719635,0.4074286222457886,0.6625059247016907,-0.15569058060646057,0.43177375197410583,0.662419319152832,-0.1503448486328125,0.39944401383399963,0.5000715255737305,-0.06415043771266937,0.34564149379730225,0.63043212890625,-0.12379394471645355,0.3765846788883209,0.7001010179519653,-0.11146230250597,0.40082332491874695,0.6920861601829529,-0.09350533783435822,0.3662135601043701,0.5610566139221191,-0.05179830640554428,0.3317575454711914,0.6656317114830017,-0.10294798016548157,0.3664454221725464,0.7129058241844177,-0.10678205639123917,0.39354607462882996,0.7002561092376709,-0.09780950844287872,R
0.5199783444404602,0.7509453296661377,-3.769442855627858e-07,0.5417969226837158,0.7610297203063965,-0.11388211697340012,0.5204588174819946,0.7165043950080872,-0.16349910199642181,0.4651522934436798,0.6586947441101074,-0.1896205097436905,0.4165511727333069,0.5909150242805481,-0.2022453248500824,0.5120848417282104,0.4549522399902344,-0.1254148930311203,0.4402695596218109,0.5850487351417542,-0.18172723054885864,0.43900325894355774,0.6796031594276428,-0.20038065314292908,0.448208212852478,0.6923678517341614,-0.20992735028266907,0.45188069343566895,0.4550662040710449,-0.09188946336507797,0.38748544454574585,0.5809988379478455,-0.15408144891262054,0.40773680806159973,0.6602219939231873,-0.1609734147787094,0.4309529662132263,0.6668485999107361,-0.15680232644081116,0.40381520986557007,0.4947592616081238,-0.06828940659761429,0.347115159034729,0.6294912099838257,-0.12623897194862366,0.37801143527030945,0.700179934501648,-0.11349882930517197,0.4028274118900299,0.6969653367996216,-0.0964401513338089,0.3703189790248871,0.556451678276062,-0.055132970213890076,0.33358773589134216,0.6655013561248779,-0.10704845190048218,0.3688475787639618,0.7131232619285583,-0.1109512597322464,0.3970244228839874,0.7024755477905273,-0.10228072851896286,R
0.5177792310714722,0.7466787695884705,-3.129258914214006e-07,0.5416868925094604,0.7582204341888428,-0.11501523107290268,0.5235208868980408,0.7128585577011108,-0.16616499423980713,0.4700269401073456,0.6546128988265991,-0.19409653544425964,0.4213029146194458,0.5860280394554138,-0.20821309089660645,0.5117215514183044,0.45533668994903564,-0.12676075100898743,0.43815693259239197,0.581296443939209,-0.18563659489154816,0.4418307840824127,0.6717473268508911,-0.20447246730327606,0.45402827858924866,0.681748628616333,-0.21334576606750488,0.45094162225723267,0.4552433490753174,-0.09315525740385056,0.38560086488723755,0.5832525491714478,-0.15812739729881287,0.4119211733341217,0.6585916876792908,-0.16495265066623688,0.43774598836898804,0.6581071615219116,-0.16010603308677673,0.4033547639846802,0.49479973316192627,-0.06990287452936172,0.3474292755126953,0.6304989457130432,-0.13056999444961548,0.3812691569328308,0.7000051736831665,-0.1171174943447113,0.4072648584842682,0.6926800012588501,-0.0988069549202919,0.370362251996994,0.5546779632568359,-0.05719614773988724,0.3339850902557373,0.663672924041748,-0.1103629320859909,0.36993375420570374,0.711688220500946,-0.11443310976028442,0.39825937151908875,0.6987158060073853,-0.10554442554712296,R
0.516746997833252,0.7433298230171204,-3.2745509770393255e-07,0.5390443801879883,0.7590422034263611,-0.11660435795783997,0.5194469690322876,0.712720513343811,-0.16761323809623718,0.4688592255115509,0.6487426161766052,-0.19472505152225494,0.42655259370803833,0.5728997588157654,-0.20758649706840515,0.512830913066864,0.45595696568489075,-0.13020789623260498,0.43653765320777893,0.5881367325782776,-0.18885692954063416,0.43982285261154175,0.6790621876716614,-0.20668208599090576,0.4522738754749298,0.6892510652542114,-0.2150140255689621,0.45296046137809753,0.45289403200149536,-0.09529923647642136,0.38624513149261475,0.5865466594696045,-0.16004016995429993,0.414124071598053,0.6603610515594482,-0.16573774814605713,0.4416702091693878,0.6577311754226685,-0.1606510877609253,0.40528160333633423,0.489747017621994,-0.07064913213253021,0.3477354943752289,0.6298696994781494,-0.13039804995059967,0.3818349242210388,0.699089765548706,-0.11544275283813477,0.40835946798324585,0.6913462281227112,-0.09682060033082962,0.3720749318599701,0.5481612086296082,-0.05685883387923241,0.3340436518192291,0.6617342233657837,-0.11025067418813705,0.37033578753471375,0.7092477083206177,-0.11453817784786224,0.39947155117988586,0.6959037184715271,-0.10600012540817261,R
0.5161197185516357,0.7487692832946777,-3.792371501276648e-07,0.5416434407234192,0.7519844174385071,-0.11035189032554626,0.5234431624412537,0.6973615884780884,-0.15787063539028168,0.4722566604614258,0.6324333548545837,-0.18326842784881592,0.4288080930709839,0.561336100101471,-0.19526655972003937,0.5100170969963074,0.4508116841316223,-0.11735522001981735,0.4382116198539734,0.5759152173995972,-0.17596971988677979,0.44277578592300415,0.6655738353729248,-0.1955270767211914,0.4561570882797241,0.6778721213340759,-0.20382776856422424,0.44917061924934387,0.453857421875,-0.08512702584266663,0.38555729389190674,0.580308198928833,-0.14929401874542236,0.40849950909614563,0.6585325598716736,-0.1561860293149948,0.4327429234981537,0.6652414798736572,-0.15030108392238617,0.4023219645023346,0.4950433671474457,-0.06345963478088379,0.3487754464149475,0.6247216463088989,-0.1238497644662857,0.380084365606308,0.6934505701065063,-0.11134450882673264,0.40580809116363525,0.6905176043510437,-0.09242434054613113,0.37018266320228577,0.5552359223365784,-0.05196785926818848,0.3358587622642517,0.6570638418197632,-0.10337409377098083,0.36937791109085083,0.7045421004295349,-0.10685417801141739,0.3967190384864807,0.6945852041244507,-0.09704243391752243,R
0.5150994658470154,0.747899055480957,-3.1438742098544026e-07,0.541208803653717,0.7537675499916077,-0.10809400677680969,0.5250056385993958,0.7055805921554565,-0.1568215936422348,0.47196832299232483,0.6475638151168823,-0.1839195340871811,0.4269365072250366,0.579630970954895,-0.19682340323925018,0.5103635191917419,0.4519997239112854,-0.11698514968156815,0.43718481063842773,0.5709059238433838,-0.17373086512088776,0.4502738416194916,0.6544820070266724,-0.19124631583690643,0.4670015573501587,0.6571222543716431,-0.1990385800600052,0.4490233361721039,0.45450353622436523,-0.0864371582865715,0.38343584537506104,0.5820367932319641,-0.15006011724472046,0.41398006677627563,0.6573828458786011,-0.1557837873697281,0.4395085573196411,0.6542112231254578,-0.14943930506706238,0.4020126461982727,0.49619153141975403,-0.06608875095844269,0.3497886657714844,0.6278852820396423,-0.12488753348588943,0.38579827547073364,0.6947410702705383,-0.1106150820851326,0.4106714129447937,0.684892475605011,-0.0913233608007431,0.37001919746398926,0.5562945604324341,-0.05584997311234474,0.33775514364242554,0.6581707000732422,-0.10525763779878616,0.3738582730293274,0.7040224075317383,-0.1077856793999672,0.4008428454399109,0.6893699169158936,-0.09802576899528503,R
0.5180070400238037,0.7445194721221924,-3.2620724255139066e-07,0.5413656234741211,0.7513523101806641,-0.10975640267133713,0.5253070592880249,0.7013403177261353,-0.1581164300441742,0.47749629616737366,0.6353909969329834,-0.1844620704650879,0.43393388390541077,0.5620707869529724,-0.19693586230278015,0.5114012956619263,0.4524461627006531,-0.12102452665567398,0.43814849853515625,0.5712893009185791,-0.17807814478874207,0.4480142295360565,0.6586586236953735,-0.1949532926082611,0.46358832716941833,0.6644551157951355,-0.20247983932495117,0.4502926468849182,0.4549446403980255,-0.08944813907146454,0.38659659028053284,0.5778118968009949,-0.15290163457393646,0.41460996866226196,0.6535888314247131,-0.15776026248931885,0.4404484033584595,0.6528956890106201,-0.15143443644046783,0.40359365940093994,0.4963219165802002,-0.06799586117267609,0.35139232873916626,0.6261641383171082,-0.12640023231506348,0.3852912187576294,0.6945095658302307,-0.11105205863714218,0.41096925735473633,0.6868113279342651,-0.09174283593893051,0.37210819125175476,0.5570982098579407,-0.05685226991772652,0.3384982943534851,0.6605479121208191,-0.10720768570899963,0.374366819858551,0.7064545154571533,-0.11001645773649216,0.402744859457016,0.6923714876174927,-0.10071548074483871,R
0.5173824429512024,0.7453417778015137,-3.2880291200854117e-07,0.5415289998054504,0.7523941993713379,-0.11259551346302032,0.525149405002594,0.6994156837463379,-0.16118545830249786,0.47923535108566284,0.6302824020385742,-0.18662607669830322,0.43652528524398804,0.5529705286026001,-0.19792723655700684,0.5124346017837524,0.45396655797958374,-0.1258518248796463,0.44269299507141113,0.5761092305183411,-0.1817188262939453,0.44624337553977966,0.66652911901474,-0.1968943029642105,0.45726528763771057,0.6766892075538635,-0.2037513703107834,0.45038357377052307,0.4569409489631653,-0.09273004531860352,0.3903822898864746,0.5805526375770569,-0.15468427538871765,0.4154137969017029,0.6538487672805786,-0.15804423391819,0.4404206871986389,0.6529334783554077,-0.15149962902069092,0.40287646651268005,0.4984884262084961,-0.06985928863286972,0.35422325134277344,0.6304234862327576,-0.12772439420223236,0.386790931224823,0.696806788444519,-0.11212243884801865,0.4124423861503601,0.6872331500053406,-0.09331681579351425,0.37143126130104065,0.559056282043457,-0.05751863121986389,0.3406553566455841,0.6622029542922974,-0.10908056050539017,0.3759665787220001,0.7076929211616516,-0.11248093098402023,0.4033440053462982,0.693403422832489,-0.10384413599967957,R
0.520971417427063,0.7446395754814148,-3.013912817095843e-07,0.5459998250007629,0.752788782119751,-0.11451150476932526,0.5308818817138672,0.7062861919403076,-0.16706891357898712,0.48368650674819946,0.6415596604347229,-0.19630801677703857,0.4379834532737732,0.5657138228416443,-0.21181625127792358,0.51444411277771,0.4572944641113281,-0.13354311883449554,0.4438548684120178,0.5763477087020874,-0.19195319712162018,0.44707611203193665,0.6659129858016968,-0.208519846200943,0.4564456045627594,0.6803699135780334,-0.2158122956752777,0.45228245854377747,0.46013307571411133,-0.10012199729681015,0.38847804069519043,0.5795480012893677,-0.16412264108657837,0.41241738200187683,0.654455840587616,-0.16868503391742706,0.4355495274066925,0.6582100987434387,-0.1629926711320877,0.40517979860305786,0.5024796724319458,-0.07657580822706223,0.35430100560188293,0.6322854161262512,-0.13487227261066437,0.3878021836280823,0.6988099813461304,-0.11933931708335876,0.41384780406951904,0.6922511458396912,-0.10081689059734344,0.3736937344074249,0.5638296008110046,-0.06356270611286163,0.341452419757843,0.6645026206970215,-0.11457759141921997,0.3771285116672516,0.7097774744033813,-0.11750045418739319,0.40530991554260254,0.6972008943557739,-0.10884931683540344,R
0.5292076468467712,0.7437722682952881,-3.07193886328605e-07,0.548236608505249,0.7640516757965088,-0.11929845809936523,0.5294068455696106,0.7287490963935852,-0.17532886564731598,0.47786396741867065,0.6710823178291321,-0.20709630846977234,0.42757904529571533,0.5985579490661621,-0.22550484538078308,0.5200157165527344,0.4648715853691101,-0.14137034118175507,0.44783127307891846,0.5839130878448486,-0.2000257968902588,0.4464523196220398,0.6786064505577087,-0.2179694026708603,0.455711305141449,0.7013683319091797,-0.2263231873512268,0.45918893814086914,0.46098655462265015,-0.1054794192314148,0.39536935091018677,0.5768834948539734,-0.16763520240783691,0.41426536440849304,0.6534926891326904,-0.17377066612243652,0.4367711842060089,0.6635804176330566,-0.17035166919231415,0.41165733337402344,0.4992623031139374,-0.07910864055156708,0.35717979073524475,0.6306557655334473,-0.13529281318187714,0.3873131275177002,0.700617790222168,-0.12102340906858444,0.4134216606616974,0.6999753713607788,-0.104639433324337,0.37834876775741577,0.5587440729141235,-0.06359626352787018,0.3421098589897156,0.6625676155090332,-0.11549101024866104,0.3760749101638794,0.7109296321868896,-0.11966042220592499,0.4053939878940582,0.7034972310066223,-0.11212301254272461,R
0.5266883373260498,0.7588084936141968,-3.2604475563857704e-07,0.5557710528373718,0.7522063255310059,-0.09887233376502991,0.5372016429901123,0.7041815519332886,-0.14508675038814545,0.47784706950187683,0.6628656387329102,-0.17197206616401672,0.42623093724250793,0.6131880879402161,-0.18567830324172974,0.5134293437004089,0.46167266368865967,-0.10627475380897522,0.4474209249019623,0.5869684815406799,-0.16155943274497986,0.45341363549232483,0.6767290234565735,-0.18130604922771454,0.46507421135902405,0.6870028972625732,-0.1907612383365631,0.452744722366333,0.4699106216430664,-0.07978836447000504,0.3957609236240387,0.5988540053367615,-0.13916915655136108,0.42568060755729675,0.6662992835044861,-0.14572247862815857,0.4512324631214142,0.66069495677948,-0.1412387490272522,0.4068814814090729,0.5132054686546326,-0.06296898424625397,0.3584631681442261,0.646493136882782,-0.11816086620092392,0.3963572382926941,0.709156334400177,-0.10544520616531372,0.4227634072303772,0.6977933645248413,-0.08810922503471375,0.3759915828704834,0.5748810172080994,-0.0556190051138401,0.3449970483779907,0.677939772605896,-0.10218559950590134,0.3823510408401489,0.7220274209976196,-0.10379741340875626,0.40968576073646545,0.7084681391716003,-0.09401637315750122,R
0.5269530415534973,0.7406601905822754,-3.9442340948880883e-07,0.5501679182052612,0.7602306008338928,-0.11021417379379272,0.5320010185241699,0.7168049216270447,-0.15814532339572906,0.48381537199020386,0.6505627632141113,-0.18282900750637054,0.43618476390838623,0.5728926658630371,-0.19511336088180542,0.5211908221244812,0.47765135765075684,-0.1321268230676651,0.46136951446533203,0.588579535484314,-0.19503667950630188,0.44055214524269104,0.6885800957679749,-0.21926963329315186,0.42868706583976746,0.7272796034812927,-0.23114332556724548,0.45819300413131714,0.47595563530921936,-0.09998943656682968,0.4069635272026062,0.5807421803474426,-0.16019563376903534,0.421779990196228,0.6477193832397461,-0.16625945270061493,0.4419596791267395,0.654055655002594,-0.16366469860076904,0.4092230200767517,0.5135803818702698,-0.07764323055744171,0.36072826385498047,0.6446966528892517,-0.1327056735754013,0.3924952447414398,0.7129606008529663,-0.11715708673000336,0.4212723970413208,0.7099740505218506,-0.09990215301513672,0.37802380323410034,0.5731633305549622,-0.06584542989730835,0.3431543707847595,0.6818511486053467,-0.1160728707909584,0.37955617904663086,0.7296197414398193,-0.11744705587625504,0.4102936387062073,0.7218554019927979,-0.1082894504070282,R
0.507850706577301,0.7706772089004517,-1.7617131220504234e-07,0.546269416809082,0.7283039689064026,-0.07143045961856842,0.5612674355506897,0.6562760472297668,-0.111295185983181,0.5082237720489502,0.6337123513221741,-0.14154908061027527,0.4466601610183716,0.6488250494003296,-0.1648702621459961,0.4854889214038849,0.49149125814437866,-0.06604985892772675,0.4795982539653778,0.46969762444496155,-0.12941791117191315,0.4830344319343567,0.5373613238334656,-0.16283689439296722,0.4817310869693756,0.5854707360267639,-0.17716678977012634,0.4294947683811188,0.520246684551239,-0.054118454456329346,0.4033939242362976,0.55043625831604,-0.11822941154241562,0.43417516350746155,0.6400267481803894,-0.13476212322711945,0.4519301652908325,0.6655641794204712,-0.13169726729393005,0.3897441625595093,0.5735843181610107,-0.05221584439277649,0.37029388546943665,0.6381401419639587,-0.11525922268629074,0.41104674339294434,0.7069980502128601,-0.11235184222459793,0.4332978129386902,0.7118347883224487,-0.09535624831914902,0.3636525273323059,0.6370725631713867,-0.0559321865439415,0.35196030139923096,0.6930668354034424,-0.09846782684326172,0.38848406076431274,0.7400230765342712,-0.0946611687541008,0.4103916883468628,0.737435519695282,-0.08011919260025024,R
0.5019372701644897,0.7730512022972107,-1.0893051438642942e-07,0.527137041091919,0.6989538669586182,-0.06909466534852982,0.5201461315155029,0.5882256031036377,-0.10385216027498245,0.47610580921173096,0.5634025931358337,-0.12958040833473206,0.43002718687057495,0.578156590461731,-0.14714965224266052,0.45521581172943115,0.4975316524505615,-0.06514023244380951,0.4304297864437103,0.4989532232284546,-0.12649735808372498,0.4517565369606018,0.5831321477890015,-0.15544182062149048,0.45538508892059326,0.6298002004623413,-0.16753488779067993,0.40649300813674927,0.557629406452179,-0.05337374284863472,0.3874770700931549,0.606557309627533,-0.11438605934381485,0.4404183626174927,0.6707237958908081,-0.12597817182540894,0.44833964109420776,0.6567052006721497,-0.12306921184062958,0.37697964906692505,0.6290838122367859,-0.05251950025558472,0.36882349848747253,0.6893573999404907,-0.10822708904743195,0.42055362462997437,0.7225774526596069,-0.10018812865018845,0.42769065499305725,0.6899203062057495,-0.08548905700445175,0.36040666699409485,0.699925422668457,-0.0578564815223217,0.3593303859233856,0.7441036701202393,-0.08991271257400513,0.4009517729282379,0.7645876407623291,-0.08253262937068939,0.41228222846984863,0.738144040107727,-0.0709957703948021,R
0.4849134087562561,0.7700693607330322,-2.438284525396739e-07,0.4910378158092499,0.6701685190200806,-0.026647720485925674,0.4753676652908325,0.5616097450256348,-0.04024572670459747,0.4426409602165222,0.5206214189529419,-0.054913219064474106,0.41195446252822876,0.5086990594863892,-0.06597479432821274,0.4334636628627777,0.5099364519119263,-0.010711168870329857,0.397718220949173,0.510044276714325,-0.05302370339632034,0.4105069935321808,0.5728886723518372,-0.07793905586004257,0.4178731143474579,0.6026164293289185,-0.09133511781692505,0.4014003276824951,0.5731521248817444,-0.01583910919725895,0.36187541484832764,0.6075015068054199,-0.059799253940582275,0.41614070534706116,0.664746105670929,-0.0688774362206459,0.4396359920501709,0.6579000353813171,-0.06693217903375626,0.3849231004714966,0.6424210667610168,-0.028456782922148705,0.3522563874721527,0.677874743938446,-0.0746069848537445,0.40552765130996704,0.7156835198402405,-0.06313877552747726,0.42383942008018494,0.7038395404815674,-0.04622294008731842,0.38194844126701355,0.7139309048652649,-0.04355773702263832,0.35781073570251465,0.729329526424408,-0.07103877514600754,0.39432263374328613,0.7580492496490479,-0.05744550749659538,0.41030141711235046,0.755474328994751,-0.04146508872509003,R
0.48040932416915894,0.7538427114486694,-8.132519013770434e-08,0.4841880798339844,0.6601129770278931,-0.024710876867175102,0.455658495426178,0.5684831142425537,-0.03797157481312752,0.41146883368492126,0.5415074825286865,-0.05062239244580269,0.3880428373813629,0.5548319816589355,-0.06242949515581131,0.40827324986457825,0.5376750230789185,-0.024967538192868233,0.3855662941932678,0.526068925857544,-0.05809218809008598,0.3970017433166504,0.5635887384414673,-0.08198121935129166,0.41672059893608093,0.5879148840904236,-0.09628076106309891,0.3857363164424896,0.5800651907920837,-0.027943333610892296,0.3585568368434906,0.6070356965065002,-0.06478060036897659,0.3987204134464264,0.6389361619949341,-0.07983063161373138,0.4334188401699066,0.6463621258735657,-0.08342979848384857,0.37994468212127686,0.6321583390235901,-0.03475077450275421,0.35425326228141785,0.6544064283370972,-0.07382678240537643,0.39509356021881104,0.6726786494255066,-0.07652091234922409,0.42510128021240234,0.6733438968658447,-0.06993933767080307,0.38635164499282837,0.6851316094398499,-0.04280812665820122,0.3660684823989868,0.6878053545951843,-0.0685802772641182,0.3953539729118347,0.7022018432617188,-0.06382342427968979,0.4194619655609131,0.7061048746109009,-0.05447280779480934,R
0.4873690605163574,0.7541372179985046,3.067895590902481e-07,0.4854164719581604,0.6502679586410522,-0.032493870705366135,0.4520280957221985,0.5394918918609619,-0.04911298677325249,0.41412684321403503,0.5084466338157654,-0.06184209883213043,0.3929159939289093,0.5395005941390991,-0.0719524547457695,0.3595617413520813,0.5990877151489258,-0.04924217611551285,0.36133813858032227,0.5517488121986389,-0.08318982273340225,0.3936186730861664,0.5603729486465454,-0.0995953157544136,0.40824297070503235,0.5812379121780396,-0.10837347060441971,0.3403971791267395,0.6560062170028687,-0.04945289343595505,0.3504885137081146,0.6262823343276978,-0.08945422619581223,0.40667951107025146,0.6329796314239502,-0.10079292953014374,0.43004924058914185,0.64261394739151,-0.10330164432525635,0.34400734305381775,0.7113858461380005,-0.05264215171337128,0.34805548191070557,0.6782681941986084,-0.09351456165313721,0.4067022204399109,0.6726403832435608,-0.09233172982931137,0.4306062161922455,0.6765449643135071,-0.08424752205610275,0.3619927763938904,0.7616034746170044,-0.05734366178512573,0.36836475133895874,0.7151387929916382,-0.08578669279813766,0.41156378388404846,0.7018941640853882,-0.08188870549201965,0.4301550090312958,0.7032560706138611,-0.07414549589157104,R
0.5107437372207642,0.713421106338501,6.354790826890166e-08,0.4728097915649414,0.627777099609375,-0.02285401150584221,0.42191240191459656,0.5275098085403442,-0.03628576174378395,0.3867441415786743,0.5074306130409241,-0.049209557473659515,0.38021379709243774,0.5504783987998962,-0.05988151207566261,0.3371187448501587,0.5979823470115662,-0.028520487248897552,0.3450930714607239,0.53440260887146,-0.06375107914209366,0.38926300406455994,0.5548069477081299,-0.07954152673482895,0.40294843912124634,0.5909934639930725,-0.08665791153907776,0.3239195942878723,0.6896400451660156,-0.03650965914130211,0.3437909483909607,0.6211405992507935,-0.07113564014434814,0.41498979926109314,0.6376219391822815,-0.07537100464105606,0.4239651560783386,0.6626847386360168,-0.07201310992240906,0.3401142954826355,0.7670806646347046,-0.048235949128866196,0.3662513494491577,0.6959413290023804,-0.08839960396289825,0.434434711933136,0.6967973113059998,-0.07822974026203156,0.44038107991218567,0.72331702709198,-0.06345785409212112,0.37267106771469116,0.8353032469749451,-0.06108665093779564,0.3949654996395111,0.7615907788276672,-0.08689900487661362,0.4449494481086731,0.7477412819862366,-0.07368937134742737,0.45268136262893677,0.7631478905677795,-0.05833781883120537,R
0.5322104692459106,0.7166389226913452,-1.1453217751977718e-07,0.48903724551200867,0.6138067841529846,-0.04706887900829315,0.4312853217124939,0.5216256380081177,-0.07786012440919876,0.38025832176208496,0.5016486048698425,-0.10409072786569595,0.37438496947288513,0.5580374598503113,-0.1249958947300911,0.32028624415397644,0.6611495018005371,-0.054160989820957184,0.3271258473396301,0.570635974407196,-0.10113776475191116,0.3813231289386749,0.5659769773483276,-0.12214900553226471,0.39228492975234985,0.5978459119796753,-0.13294732570648193,0.32104215025901794,0.7402529716491699,-0.05394518002867699,0.35218238830566406,0.6394870281219482,-0.10517829656600952,0.42676714062690735,0.6368488073348999,-0.11623736470937729,0.4250362813472748,0.6733806729316711,-0.11650815606117249,0.34527891874313354,0.8048661351203918,-0.05898309871554375,0.3755847215652466,0.7099688053131104,-0.11301322281360626,0.44100290536880493,0.6992658972740173,-0.10497986525297165,0.4399462044239044,0.7306069731712341,-0.09018278121948242,0.3816554546356201,0.8620733022689819,-0.0674581304192543,0.4007781147956848,0.7765059471130371,-0.10328897088766098,0.44644981622695923,0.7552430033683777,-0.09467396885156631,0.453614205121994,0.7781165838241577,-0.0812380462884903,R
0.5475499629974365,0.7318410277366638,-3.4348181543464307e-07,0.4958260655403137,0.6192610859870911,-0.04229423403739929,0.4303102195262909,0.5210521817207336,-0.07096263021230698,0.3765798807144165,0.5016972422599792,-0.09648158401250839,0.3813379108905792,0.5645159482955933,-0.11631426215171814,0.31951892375946045,0.6811876893043518,-0.042722102254629135,0.3265947997570038,0.5819885730743408,-0.0878853127360344,0.38937580585479736,0.5796970725059509,-0.11257930099964142,0.3975369334220886,0.6123471856117249,-0.12790192663669586,0.32427823543548584,0.7606613039970398,-0.04399445280432701,0.354177325963974,0.6471027731895447,-0.09003067761659622,0.4246367812156677,0.6396791934967041,-0.10267788171768188,0.42325350642204285,0.6765940189361572,-0.10661812126636505,0.350873738527298,0.8221506476402283,-0.05069594830274582,0.3804531991481781,0.7180322408676147,-0.09544719755649567,0.4421035647392273,0.704973042011261,-0.09041467308998108,0.44205716252326965,0.7395675778388977,-0.08099707961082458,0.3876936137676239,0.8706668615341187,-0.0612977035343647,0.4098268151283264,0.7814323902130127,-0.08816181868314743,0.4532177448272705,0.7605472803115845,-0.08241432905197144,0.45931288599967957,0.784692108631134,-0.07374566793441772,R
0.5497093200683594,0.7350165843963623,-3.0367056069735554e-07,0.4973543882369995,0.6206522583961487,-0.047369956970214844,0.4319629967212677,0.5236932039260864,-0.079539455473423,0.3786817789077759,0.5051848888397217,-0.10726695507764816,0.38714903593063354,0.5697252154350281,-0.1289721429347992,0.3262615501880646,0.692371666431427,-0.05685287341475487,0.3334617614746094,0.5859888792037964,-0.10266636312007904,0.3959391117095947,0.5800975561141968,-0.12435829639434814,0.4025619924068451,0.6175676584243774,-0.13819608092308044,0.3296726644039154,0.7718319296836853,-0.0563567653298378,0.3583139479160309,0.652839720249176,-0.10401339828968048,0.42795437574386597,0.640985369682312,-0.11426425725221634,0.4233796000480652,0.680113673210144,-0.11732222139835358,0.35486432909965515,0.8296779990196228,-0.06086333841085434,0.38369232416152954,0.7222481966018677,-0.10751167684793472,0.44432684779167175,0.7055008411407471,-0.10100273787975311,0.4418518543243408,0.7421702742576599,-0.09145451337099075,0.38998734951019287,0.8735629320144653,-0.06961797922849655,0.4144885838031769,0.7831487655639648,-0.10007962584495544,0.4553760290145874,0.7612499594688416,-0.09615670144557953,0.45833656191825867,0.7871473431587219,-0.08917545527219772,R
0.5530708432197571,0.7418373823165894,-3.3823971534729935e-07,0.500351071357727,0.6275116801261902,-0.04624307155609131,0.43474575877189636,0.5311872363090515,-0.07807952165603638,0.3803236782550812,0.5107792615890503,-0.10573592036962509,0.3868740499019623,0.5753931999206543,-0.12728369235992432,0.3305189609527588,0.7017964720726013,-0.05499087646603584,0.33728447556495667,0.5920436978340149,-0.10076122730970383,0.40023621916770935,0.5862263441085815,-0.1225699856877327,0.4064091145992279,0.6255776286125183,-0.13655397295951843,0.3334193229675293,0.7791717052459717,-0.054954785853624344,0.36105823516845703,0.6567535400390625,-0.10182665288448334,0.4310373365879059,0.6451802849769592,-0.11163168400526047,0.4259817898273468,0.6853243708610535,-0.11465819180011749,0.35797107219696045,0.8352189660072327,-0.05996818095445633,0.3861925005912781,0.7251188158988953,-0.10585267841815948,0.4472799599170685,0.7094054222106934,-0.09894867986440659,0.44504815340042114,0.7477044463157654,-0.08954855054616928,0.39292752742767334,0.8775636553764343,-0.06921610981225967,0.4177669286727905,0.7869628071784973,-0.09952893853187561,0.45843401551246643,0.7656770348548889,-0.09585800021886826,0.46103495359420776,0.7920787334442139,-0.08922168612480164,R
0.5539274215698242,0.7440811395645142,-3.1040448789099173e-07,0.5000515580177307,0.630866289138794,-0.04643668979406357,0.4353233277797699,0.5381965637207031,-0.078200563788414,0.38039374351501465,0.5139590501785278,-0.10555431246757507,0.38669687509536743,0.5749197602272034,-0.12670379877090454,0.3344322443008423,0.7148841023445129,-0.05907593294978142,0.3414367139339447,0.6003533601760864,-0.10528751462697983,0.4040202498435974,0.591381311416626,-0.12642128765583038,0.41146141290664673,0.6312267184257507,-0.14006860554218292,0.3371073007583618,0.7895625233650208,-0.05902489647269249,0.3639765679836273,0.661249041557312,-0.10808710753917694,0.4336697459220886,0.6484255790710449,-0.11769798398017883,0.43032339215278625,0.6889583468437195,-0.12023312598466873,0.3603326678276062,0.8423583507537842,-0.06368187814950943,0.38889071345329285,0.7248584628105164,-0.11255234479904175,0.4506318271160126,0.7092686295509338,-0.10540838539600372,0.44922301173210144,0.7483369708061218,-0.09500845521688461,0.39418256282806396,0.8814658522605896,-0.07246392965316772,0.41900500655174255,0.7852818965911865,-0.10629185289144516,0.4605618119239807,0.7646420001983643,-0.10326005518436432,0.4637529253959656,0.7920034527778625,-0.09633024036884308,R
0.5561560392379761,0.7547978758811951,-3.391361644844437e-07,0.49932312965393066,0.6389397382736206,-0.04146239534020424,0.4352648854255676,0.5460500121116638,-0.07253921031951904,0.38299399614334106,0.517947793006897,-0.10112768411636353,0.3859862685203552,0.57431960105896,-0.12384705245494843,0.3284468650817871,0.7138261795043945,-0.04972270503640175,0.3346458673477173,0.5996395349502563,-0.09690220654010773,0.3967270851135254,0.5939614176750183,-0.12077561765909195,0.4075714945793152,0.6299663186073303,-0.13596515357494354,0.3348681628704071,0.7902117371559143,-0.0528070293366909,0.36297425627708435,0.6579289436340332,-0.10130751132965088,0.43134310841560364,0.6501926183700562,-0.11245405673980713,0.4306219518184662,0.6904523372650146,-0.11602312326431274,0.3620157837867737,0.8458251357078552,-0.061056166887283325,0.3923497200012207,0.722251832485199,-0.10751807689666748,0.451939195394516,0.7108950614929199,-0.10144427418708801,0.451216459274292,0.7495822906494141,-0.09214536100625992,0.3990967571735382,0.8860472440719604,-0.07349619269371033,0.4241114556789398,0.7845996618270874,-0.10432727634906769,0.46479836106300354,0.766444981098175,-0.10152619332075119,0.46727317571640015,0.7945387959480286,-0.09517580270767212,R
0.5558897256851196,0.7539672255516052,-3.6156001215204014e-07,0.5016922354698181,0.6390340328216553,-0.04191528633236885,0.4373588263988495,0.5437031388282776,-0.071663498878479,0.38320156931877136,0.5139474868774414,-0.09799161553382874,0.38794752955436707,0.5721015930175781,-0.11835017055273056,0.33327916264533997,0.7126774191856384,-0.0535520501434803,0.34180793166160583,0.5994372367858887,-0.0981113463640213,0.4035181403160095,0.5957666039466858,-0.11914747953414917,0.4129594564437866,0.635439932346344,-0.13312940299510956,0.3353208005428314,0.7887169718742371,-0.05551103502511978,0.3669511377811432,0.6611657738685608,-0.1025824174284935,0.4354030191898346,0.6556333899497986,-0.11275950074195862,0.43321701884269714,0.6972577571868896,-0.11635846644639969,0.35943174362182617,0.8439249992370605,-0.06194956600666046,0.3924782872200012,0.7258345484733582,-0.10791832208633423,0.4522611200809479,0.7153382897377014,-0.10194126516580582,0.4500197768211365,0.7544946670532227,-0.09336254000663757,0.39488255977630615,0.8844773769378662,-0.07237930595874786,0.42241838574409485,0.7880431413650513,-0.10442136973142624,0.4627751111984253,0.7714728713035583,-0.10250004380941391,0.4640001952648163,0.800477147102356,-0.09706328064203262,R
0.555560827255249,0.7604882121086121,-4.7679813519607706e-07,0.5100885033607483,0.6398060917854309,-0.03938719630241394,0.4499669671058655,0.5328366756439209,-0.068076491355896,0.39655110239982605,0.5070583820343018,-0.09519615024328232,0.3948984444141388,0.5786898136138916,-0.11684158444404602,0.330797016620636,0.6795960068702698,-0.03366978093981743,0.34325700998306274,0.5782090425491333,-0.0801331028342247,0.4041108191013336,0.5839344263076782,-0.10786061733961105,0.4073607325553894,0.623909592628479,-0.12571501731872559,0.32985472679138184,0.7579677700996399,-0.036664899438619614,0.36709731817245483,0.653214156627655,-0.08070942014455795,0.43616512417793274,0.6524590253829956,-0.09420666843652725,0.427102655172348,0.6923716068267822,-0.10016890615224838,0.3526023030281067,0.8196914196014404,-0.0455913208425045,0.3877294063568115,0.7265720963478088,-0.08813241124153137,0.44856059551239014,0.7183409333229065,-0.082843117415905,0.4412964880466461,0.7568874359130859,-0.07509361952543259,0.38653719425201416,0.8700430989265442,-0.058580949902534485,0.41470256447792053,0.7922009825706482,-0.08537271618843079,0.45791134238243103,0.7781451940536499,-0.08051444590091705,0.4582222104072571,0.8080017566680908,-0.073275126516819,R
0.5477634072303772,0.7644498348236084,-5.629305519505579e-07,0.5197542309761047,0.6430957913398743,-0.03409726172685623,0.47251781821250916,0.5150426626205444,-0.05839667096734047,0.4141954481601715,0.4928247928619385,-0.08271899074316025,0.399064838886261,0.575770378112793,-0.10192649066448212,0.35657262802124023,0.6086176633834839,-0.02055964805185795,0.36090123653411865,0.5420271158218384,-0.06620561331510544,0.4186865985393524,0.5663731098175049,-0.09265247732400894,0.41384586691856384,0.6089586615562439,-0.10985181480646133,0.3391370177268982,0.6941623687744141,-0.025840116664767265,0.36704614758491516,0.6366887092590332,-0.07130894809961319,0.4378776550292969,0.6521400809288025,-0.08522021770477295,0.42237892746925354,0.6847997307777405,-0.09034872055053711,0.3499011993408203,0.7697118520736694,-0.037738021463155746,0.3751026391983032,0.7242599725723267,-0.08409204334020615,0.4402315616607666,0.7250319719314575,-0.07713140547275543,0.42752039432525635,0.7521011233329773,-0.0669754222035408,0.37302330136299133,0.8395318388938904,-0.052876755595207214,0.3948324918746948,0.7972248792648315,-0.08140619099140167,0.43861645460128784,0.7886383533477783,-0.07431230694055557,0.4333506226539612,0.8082643747329712,-0.06500838696956635,R
0.5386390686035156,0.7825561761856079,-5.375376872507331e-07,0.5380008220672607,0.6673581004142761,-0.04917129501700401,0.5115633606910706,0.5234495401382446,-0.07786048203706741,0.4498388469219208,0.49728822708129883,-0.10228608548641205,0.4141566753387451,0.5776036977767944,-0.12012363225221634,0.4188839793205261,0.5320791602134705,-0.04579827934503555,0.3998049795627594,0.4955649971961975,-0.10474589467048645,0.4318188726902008,0.5551092028617859,-0.131064310669899,0.42842885851860046,0.599777102470398,-0.14400415122509003,0.37868279218673706,0.6117109060287476,-0.043879229575395584,0.3791641294956207,0.6218744516372681,-0.10221584886312485,0.4460638165473938,0.6679705381393433,-0.10690398514270782,0.43998950719833374,0.6708033084869385,-0.10043005645275116,0.3637200891971588,0.6946696639060974,-0.05136102810502052,0.3756168484687805,0.7181906700134277,-0.10882336646318436,0.43876245617866516,0.7422330975532532,-0.09098557382822037,0.4306122362613678,0.7383130192756653,-0.06946543604135513,0.3615511357784271,0.7810876369476318,-0.06346049159765244,0.3850463628768921,0.7929417490959167,-0.09721311926841736,0.4306175410747528,0.8048925399780273,-0.08603021502494812,0.4260627031326294,0.7995363473892212,-0.07178151607513428,R
0.5165313482284546,0.7919085025787354,-3.652476721072162e-07,0.5343264937400818,0.6749494671821594,-0.05771685764193535,0.5283328890800476,0.5377098917961121,-0.08507764339447021,0.47342628240585327,0.5179852247238159,-0.10550043731927872,0.4307052493095398,0.579717218875885,-0.11746393144130707,0.449599027633667,0.5039074420928955,-0.03965309262275696,0.4229170083999634,0.49184170365333557,-0.09924156218767166,0.4547329246997833,0.5698747038841248,-0.13040399551391602,0.45829668641090393,0.6031803488731384,-0.14611981809139252,0.4082426428794861,0.5673431158065796,-0.031785767525434494,0.3818274140357971,0.5871462225914001,-0.09649364650249481,0.4440743029117584,0.6423224210739136,-0.10963006317615509,0.4544026553630829,0.6312832832336426,-0.10528028011322021,0.38178855180740356,0.6366662383079529,-0.03426511958241463,0.3720429241657257,0.6744217276573181,-0.09486954659223557,0.43410637974739075,0.7098351716995239,-0.08369621634483337,0.4394542872905731,0.6908895373344421,-0.06341119855642319,0.36524200439453125,0.7084258198738098,-0.042008571326732635,0.3730759620666504,0.7434201240539551,-0.07558901607990265,0.42062318325042725,0.7650402784347534,-0.066838838160038,0.42840489745140076,0.7484579682350159,-0.05305307358503342,R
0.5090262293815613,0.7795268297195435,-2.156203606773488e-07,0.5347451567649841,0.6898673176765442,-0.06394175440073013,0.5361791849136353,0.5666423439979553,-0.09527954459190369,0.4865510165691376,0.5434167981147766,-0.117151640355587,0.44074252247810364,0.5741880536079407,-0.13015250861644745,0.49711138010025024,0.4919222593307495,-0.05524786561727524,0.46354010701179504,0.4834592342376709,-0.11745568364858627,0.47323766350746155,0.5771028399467468,-0.145990788936615,0.48189425468444824,0.6063570380210876,-0.16007645428180695,0.4427163898944855,0.5442318320274353,-0.04759300872683525,0.41432830691337585,0.521755576133728,-0.12012656778097153,0.4513835608959198,0.6050961017608643,-0.1352083832025528,0.4670131504535675,0.6063528060913086,-0.12900479137897491,0.4022105932235718,0.6072092652320862,-0.049802932888269424,0.38876083493232727,0.6402837634086609,-0.11699794232845306,0.43599390983581543,0.6971416473388672,-0.10890959948301315,0.44605308771133423,0.6735395193099976,-0.08894693106412888,0.3735218346118927,0.6730949282646179,-0.057001687586307526,0.3749158978462219,0.7122908234596252,-0.09595657885074615,0.4168280065059662,0.7496185302734375,-0.08799365162849426,0.42675572633743286,0.7277500033378601,-0.07403934746980667,R
0.5070035457611084,0.7727683782577515,-2.0980277781745826e-07,0.5518035888671875,0.6981425285339355,-0.06255445629358292,0.5564067959785461,0.5734068751335144,-0.09159859269857407,0.5013861656188965,0.5378713607788086,-0.11255700886249542,0.4498785138130188,0.5552061796188354,-0.1246594712138176,0.5032902956008911,0.4805294871330261,-0.04421313852071762,0.4725533425807953,0.4591679871082306,-0.10900381207466125,0.469662606716156,0.5553497076034546,-0.1403018981218338,0.4767226278781891,0.608116626739502,-0.15363618731498718,0.4473413825035095,0.522605836391449,-0.03672024607658386,0.4187299907207489,0.5219457149505615,-0.10795993357896805,0.4530854821205139,0.6098716855049133,-0.12220313400030136,0.4747093915939331,0.621444582939148,-0.11420480161905289,0.40806227922439575,0.5811973810195923,-0.0410907007753849,0.39230671525001526,0.6343919038772583,-0.10398637503385544,0.43616974353790283,0.6913560032844543,-0.09642820805311203,0.45389583706855774,0.6720410585403442,-0.07679164409637451,0.38226595520973206,0.6476010084152222,-0.051294486969709396,0.37856414914131165,0.7018837332725525,-0.08684327453374863,0.4156319200992584,0.741351842880249,-0.08054453879594803,0.4301065504550934,0.7209262847900391,-0.0673699751496315,R
0.49206647276878357,0.7783962488174438,-4.120149412756291e-07,0.5389449000358582,0.7118896842002869,-0.052956435829401016,0.5517298579216003,0.5880725979804993,-0.07600095123052597,0.5154041647911072,0.5301083326339722,-0.09290546178817749,0.4785914421081543,0.4971727132797241,-0.10196002572774887,0.5099969506263733,0.48906004428863525,-0.03629636764526367,0.47825175523757935,0.4601626992225647,-0.09978209435939789,0.46807074546813965,0.555925190448761,-0.12970586121082306,0.4738117456436157,0.6036241054534912,-0.14332139492034912,0.45949673652648926,0.5184003114700317,-0.03288813680410385,0.4207242429256439,0.5059230923652649,-0.10496386140584946,0.445658802986145,0.6088863015174866,-0.11877173185348511,0.4681406617164612,0.6283140778541565,-0.11048007756471634,0.4224388897418976,0.5685305595397949,-0.04050537198781967,0.3923693895339966,0.6227483749389648,-0.10690009593963623,0.43139487504959106,0.6974315643310547,-0.09716383367776871,0.4537457227706909,0.6848006248474121,-0.0753929391503334,0.39678001403808594,0.6286805868148804,-0.052857905626297,0.37393832206726074,0.6916768550872803,-0.09499315917491913,0.41162800788879395,0.743793249130249,-0.08939725905656815,0.43456393480300903,0.7233507633209229,-0.07563112676143646,R
0.48057225346565247,0.7744935750961304,-4.857114959122555e-07,0.5181131958961487,0.7062544822692871,-0.026773963123559952,0.5285309553146362,0.5722599029541016,-0.03719673678278923,0.5157300233840942,0.5143298506736755,-0.04758532717823982,0.5036330223083496,0.4852016568183899,-0.05334118753671646,0.5027545094490051,0.48066946864128113,-0.011934896931052208,0.4692712724208832,0.4470052123069763,-0.06014736741781235,0.4582395553588867,0.5343732833862305,-0.08305960893630981,0.4699667692184448,0.5909304022789001,-0.09336520731449127,0.4694869816303253,0.506650447845459,-0.01838613860309124,0.41848304867744446,0.48966270685195923,-0.07425311952829361,0.4317905604839325,0.5875658988952637,-0.0857444480061531,0.4592365324497223,0.6214531660079956,-0.07950595021247864,0.444623202085495,0.5530340671539307,-0.03333389014005661,0.3922993242740631,0.5936396718025208,-0.08931712806224823,0.4216674864292145,0.6712350845336914,-0.08467064052820206,0.4530099332332611,0.6767062544822693,-0.06798740476369858,0.4265727698802948,0.6077092289924622,-0.050396159291267395,0.3766441345214844,0.6536345481872559,-0.0872485414147377,0.4025779068470001,0.713287353515625,-0.0837571769952774,0.4323388934135437,0.7117326259613037,-0.07283131778240204,R
0.487013041973114,0.7756404876708984,-3.7663602370230365e-07,0.520703911781311,0.6947338581085205,-0.030488494783639908,0.5288842916488647,0.5558074116706848,-0.041463274508714676,0.5106266140937805,0.49839234352111816,-0.052174538373947144,0.49876880645751953,0.4757537841796875,-0.05698363855481148,0.506427526473999,0.4838305711746216,-0.015318934805691242,0.46996375918388367,0.43610680103302,-0.06498441845178604,0.45719534158706665,0.5207904577255249,-0.08708543330430984,0.4679040312767029,0.5737820267677307,-0.09650279581546783,0.46326157450675964,0.5191094875335693,-0.020444946363568306,0.4104274809360504,0.49542975425720215,-0.07888057827949524,0.4308299124240875,0.5855652689933777,-0.09030749648809433,0.45829686522483826,0.6089670658111572,-0.08360284566879272,0.4327108860015869,0.5725643038749695,-0.034530527889728546,0.3846753239631653,0.6085203886032104,-0.09403597563505173,0.4247317314147949,0.6762219667434692,-0.0921526849269867,0.4555991590023041,0.6707799434661865,-0.07665591686964035,0.41263800859451294,0.6329044699668884,-0.05088625103235245,0.37599197030067444,0.6716632843017578,-0.08813491463661194,0.4047642648220062,0.7279007434844971,-0.0857258141040802,0.4301074743270874,0.7248193621635437,-0.07579807192087173,R
0.470220148563385,0.7646268606185913,-4.709050926976488e-07,0.4898463189601898,0.6713098287582397,-0.02122442238032818,0.49552953243255615,0.5352290272712708,-0.03301241621375084,0.49053701758384705,0.4949212670326233,-0.04711132496595383,0.4891704022884369,0.4832143783569336,-0.055673934519290924,0.48850104212760925,0.4653572142124176,-0.012143697589635849,0.4520252048969269,0.44336557388305664,-0.06049905717372894,0.45437803864479065,0.5390997529029846,-0.08482203632593155,0.47137251496315,0.5927273035049438,-0.09664784371852875,0.4532378613948822,0.5003926157951355,-0.022286294028162956,0.3963017463684082,0.513012170791626,-0.07798409461975098,0.42689085006713867,0.6007111072540283,-0.09037086367607117,0.4587641656398773,0.6184576153755188,-0.08673174679279327,0.4290628433227539,0.5505161285400391,-0.04035188630223274,0.37773430347442627,0.6043590307235718,-0.0934925228357315,0.42313313484191895,0.66965252161026,-0.08973854035139084,0.4556553363800049,0.6644952893257141,-0.07573670893907547,0.4152448773384094,0.6062003374099731,-0.06074630841612816,0.37513864040374756,0.660510241985321,-0.09267515689134598,0.40519726276397705,0.7154330015182495,-0.0886356383562088,0.43232473731040955,0.712622880935669,-0.07923001050949097,R
0.4708102345466614,0.7386960387229919,-2.3183488906397542e-07,0.5186849236488342,0.6603716611862183,-0.040439996868371964,0.5353408455848694,0.5357893705368042,-0.06308542191982269,0.5102149844169617,0.5027281045913696,-0.08352457731962204,0.4912034273147583,0.48706361651420593,-0.09805750101804733,0.4930177330970764,0.4566207230091095,-0.04348500818014145,0.4695569574832916,0.4542085528373718,-0.1076640859246254,0.46933865547180176,0.5558203458786011,-0.14200499653816223,0.4756918251514435,0.6163944005966187,-0.15907074511051178,0.4361738860607147,0.48536592721939087,-0.047846224159002304,0.4008641541004181,0.49416664242744446,-0.11376191675662994,0.43354374170303345,0.5823498368263245,-0.12758557498455048,0.46055376529693604,0.6097144484519958,-0.1241874173283577,0.3979857563972473,0.5371180176734924,-0.0613742470741272,0.37342673540115356,0.6070418953895569,-0.12235629558563232,0.4263395071029663,0.6785580515861511,-0.11553271114826202,0.460470050573349,0.6807483434677124,-0.09903772920370102,0.3773150146007538,0.5993432402610779,-0.0791132003068924,0.3676050007343292,0.6749008297920227,-0.11688496172428131,0.40681806206703186,0.7311131954193115,-0.11181353777647018,0.4352947175502777,0.7285183668136597,-0.10109198838472366,R
0.46317505836486816,0.6806182861328125,8.309205412615484e-08,0.5300426483154297,0.5856229066848755,-0.04226049408316612,0.5549658536911011,0.49471426010131836,-0.07082106173038483,0.506490170955658,0.5303395986557007,-0.09669049084186554,0.468504399061203,0.5966739058494568,-0.11583326011896133,0.462354451417923,0.41275399923324585,-0.05264562740921974,0.47256848216056824,0.4392438232898712,-0.12050709128379822,0.485880583524704,0.5556026697158813,-0.15729019045829773,0.48502734303474426,0.6285357475280762,-0.17459678649902344,0.39501437544822693,0.47038576006889343,-0.05880429595708847,0.40735551714897156,0.5307996869087219,-0.12336111068725586,0.4661656320095062,0.6113108396530151,-0.13471710681915283,0.49415192008018494,0.6272943019866943,-0.12941457331180573,0.3573252856731415,0.5506804585456848,-0.07388981431722641,0.39523211121559143,0.6518439054489136,-0.12840893864631653,0.4591728746891022,0.6921290159225464,-0.1124027743935585,0.48217713832855225,0.6710671186447144,-0.09017296880483627,0.34301772713661194,0.633029043674469,-0.09461043775081635,0.39020901918411255,0.7198349833488464,-0.12855972349643707,0.4434841275215149,0.7498005032539368,-0.1167745590209961,0.46426907181739807,0.7299372553825378,-0.10013975203037262,R
0.48198041319847107,0.653850793838501,-2.3932468451448585e-08,0.5296332240104675,0.5464516878128052,-0.05082523077726364,0.5467507839202881,0.46328219771385193,-0.0850125253200531,0.5062979459762573,0.5288911461830139,-0.11216830462217331,0.47299712896347046,0.613085150718689,-0.13219237327575684,0.4331389367580414,0.4051370620727539,-0.08154632151126862,0.48093611001968384,0.4583214819431305,-0.14976893365383148,0.5035117268562317,0.5636053085327148,-0.18673312664031982,0.49752962589263916,0.631695568561554,-0.20523741841316223,0.3682914972305298,0.494256854057312,-0.0844164714217186,0.42543381452560425,0.5842023491859436,-0.14247024059295654,0.48988592624664307,0.6342172622680664,-0.15100133419036865,0.5059762001037598,0.6293818354606628,-0.1490977555513382,0.3449201285839081,0.5935794115066528,-0.09425212442874908,0.4270811676979065,0.6945385932922363,-0.14063802361488342,0.48572057485580444,0.7057853937149048,-0.12188898772001266,0.4895640015602112,0.6679854393005371,-0.10208341479301453,0.3436802625656128,0.6861100792884827,-0.11081212013959885,0.4225288927555084,0.7631994485855103,-0.14123216271400452,0.4737602174282074,0.7659265995025635,-0.12826243042945862,0.48198366165161133,0.7341166734695435,-0.11258817464113235,R
0.5429700016975403,0.6790503859519958,-1.2784570913026982e-07,0.569293200969696,0.5612466931343079,-0.06079612299799919,0.5603387951850891,0.45965468883514404,-0.09716080129146576,0.5168691277503967,0.517105221748352,-0.12452040612697601,0.485662043094635,0.6132996082305908,-0.14703050255775452,0.4097440242767334,0.4159911870956421,-0.08141107112169266,0.4729404151439667,0.46509242057800293,-0.1466381698846817,0.5186256766319275,0.543775737285614,-0.18746013939380646,0.5056835412979126,0.5879955291748047,-0.2113107591867447,0.36345213651657104,0.5172982811927795,-0.08011548221111298,0.43958956003189087,0.5953712463378906,-0.13086549937725067,0.5041687488555908,0.6157076358795166,-0.14729739725589752,0.4953386187553406,0.595281720161438,-0.155781552195549,0.3504199981689453,0.6202436685562134,-0.08616242557764053,0.4371531307697296,0.702146589756012,-0.12860873341560364,0.49534884095191956,0.6969097256660461,-0.12179815769195557,0.48216304183006287,0.6575875282287598,-0.11396976560354233,0.35632094740867615,0.715828537940979,-0.09926871955394745,0.4279380142688751,0.776616096496582,-0.12071293592453003,0.48014163970947266,0.7647933959960938,-0.10892335325479507,0.4812699258327484,0.7319114804267883,-0.0980152115225792,R
0.5569775700569153,0.6689338088035583,-2.1791899484924215e-07,0.5813026428222656,0.559972882270813,-0.06755020469427109,0.5737292170524597,0.46551835536956787,-0.10748549550771713,0.5311422944068909,0.5371827483177185,-0.13711781799793243,0.4939051866531372,0.6371884346008301,-0.16058267652988434,0.41898542642593384,0.41208404302597046,-0.0874682143330574,0.47236090898513794,0.45336684584617615,-0.15100444853305817,0.5194052457809448,0.5153791308403015,-0.187155619263649,0.5086722373962402,0.5498060584068298,-0.2089282125234604,0.36745238304138184,0.5047062635421753,-0.0813276395201683,0.44766679406166077,0.5950696468353271,-0.1361982226371765,0.5062150955200195,0.6063129305839539,-0.15228036046028137,0.49479660391807556,0.5821214914321899,-0.16012020409107208,0.3495694398880005,0.6043686866760254,-0.08277559280395508,0.4405733048915863,0.6984952092170715,-0.13087357580661774,0.5019619464874268,0.6922069191932678,-0.1251010000705719,0.49289149045944214,0.6562566161155701,-0.11750821769237518,0.35001981258392334,0.701549768447876,-0.09142645448446274,0.42854583263397217,0.7749449610710144,-0.12236964702606201,0.48289522528648376,0.7639035582542419,-0.11709339171648026,0.4832622706890106,0.7297133803367615,-0.1091594398021698,R
0.5519177913665771,0.6665172576904297,-2.7099216026726936e-07,0.5801063776016235,0.5561383962631226,-0.0627952367067337,0.573503315448761,0.46167993545532227,-0.09852546453475952,0.5291693210601807,0.5365350842475891,-0.12419191002845764,0.4904119372367859,0.632075846195221,-0.14340518414974213,0.4294690191745758,0.402609646320343,-0.07777556777000427,0.470353901386261,0.45829397439956665,-0.1361853927373886,0.5111081600189209,0.5132937431335449,-0.16873981058597565,0.5029494762420654,0.5356977581977844,-0.1883011907339096,0.37267643213272095,0.4888788163661957,-0.07160377502441406,0.44463104009628296,0.5957091450691223,-0.12197904288768768,0.5024770498275757,0.6039644479751587,-0.13520576059818268,0.49746155738830566,0.575106143951416,-0.1412719190120697,0.3507312834262848,0.5847024321556091,-0.07271547615528107,0.4347301721572876,0.6925362944602966,-0.117413729429245,0.49582114815711975,0.6883360147476196,-0.10968583822250366,0.4916766881942749,0.6535714268684387,-0.10126861929893494,0.3480854630470276,0.6807827353477478,-0.0807068720459938,0.421487957239151,0.764919102191925,-0.11034036427736282,0.4762175381183624,0.757307767868042,-0.1045219898223877,0.4796011447906494,0.724493145942688,-0.09606502950191498,R
0.5509952902793884,0.6695325970649719,-2.999249488766509e-07,0.5823708772659302,0.5584020018577576,-0.06349105387926102,0.5758864283561707,0.46396392583847046,-0.09899218380451202,0.5266161561012268,0.5367746949195862,-0.1231975257396698,0.4859585762023926,0.6308677196502686,-0.14042986929416656,0.42726385593414307,0.39219534397125244,-0.07981206476688385,0.4788111448287964,0.4729398488998413,-0.1384740024805069,0.5198322534561157,0.5364950895309448,-0.17130738496780396,0.506748378276825,0.5598565936088562,-0.19120769202709198,0.3718692660331726,0.4775482416152954,-0.07423385977745056,0.4450186789035797,0.5899639129638672,-0.12262430042028427,0.5007820129394531,0.6040084362030029,-0.13479243218898773,0.4938398003578186,0.5785330533981323,-0.1407615691423416,0.3497890830039978,0.5731924176216125,-0.07598849385976791,0.43287554383277893,0.6850178241729736,-0.11849718540906906,0.49006083607673645,0.6834708452224731,-0.11074751615524292,0.481829971075058,0.6485721468925476,-0.10302162170410156,0.34763532876968384,0.6697357892990112,-0.08481791615486145,0.419890820980072,0.7573189735412598,-0.11228784173727036,0.47231325507164,0.7510907649993896,-0.10611023008823395,0.4729801118373871,0.7186200618743896,-0.09809023886919022,R
0.5488438606262207,0.6648985743522644,-2.7655019607664144e-07,0.5827414989471436,0.5574302673339844,-0.06669343262910843,0.5792008638381958,0.4656088352203369,-0.10361713171005249,0.5285093784332275,0.5347065329551697,-0.12852805852890015,0.483134001493454,0.6253506541252136,-0.1460500955581665,0.4304373562335968,0.37933778762817383,-0.08282293379306793,0.48130977153778076,0.4546908736228943,-0.1435607522726059,0.5187870860099792,0.5235798358917236,-0.17812879383563995,0.501561164855957,0.5507537126541138,-0.19944769144058228,0.3731982707977295,0.4633186459541321,-0.0768684670329094,0.44227638840675354,0.576317310333252,-0.12685976922512054,0.49822747707366943,0.5940113067626953,-0.14004705846309662,0.4912545680999756,0.5662596821784973,-0.14661364257335663,0.34939250349998474,0.5596147775650024,-0.07864701747894287,0.4294372797012329,0.6747020483016968,-0.1229291632771492,0.4892342686653137,0.6764881610870361,-0.11461199820041656,0.48263323307037354,0.6399956345558167,-0.10613305121660233,0.3463565707206726,0.6568436026573181,-0.08785785734653473,0.4151705205440521,0.7475918531417847,-0.11701639741659164,0.4690924286842346,0.7424061894416809,-0.11016256362199783,0.4714953899383545,0.7087029814720154,-0.10124137997627258,R
0.5524757504463196,0.6613394021987915,-3.5540583098736533e-07,0.5880283713340759,0.5584389567375183,-0.06670141965150833,0.5839862823486328,0.4729347229003906,-0.10496068000793457,0.527522087097168,0.5396945476531982,-0.13126710057258606,0.47673681378364563,0.6269373297691345,-0.15040290355682373,0.4401561915874481,0.37092190980911255,-0.08427422493696213,0.48616424202919006,0.4599313735961914,-0.14777153730392456,0.5170644521713257,0.5456486344337463,-0.18498404324054718,0.49837517738342285,0.588772177696228,-0.20694848895072937,0.3804008960723877,0.44830968976020813,-0.07781772315502167,0.43942636251449585,0.5713694095611572,-0.12931117415428162,0.4965876638889313,0.5942984223365784,-0.14239203929901123,0.4971338212490082,0.5687638521194458,-0.14836539328098297,0.3528841733932495,0.5405059456825256,-0.07927121222019196,0.42224955558776855,0.6676130294799805,-0.12472619861364365,0.48586392402648926,0.6720702052116394,-0.11702538281679153,0.4879482686519623,0.6353874802589417,-0.10836324095726013,0.3469512462615967,0.636199951171875,-0.08799915760755539,0.4067988693714142,0.7348613739013672,-0.11691739410161972,0.46249663829803467,0.733713686466217,-0.10982117056846619,0.4705289602279663,0.7010977864265442,-0.10046401619911194,R
0.5531794428825378,0.6625179648399353,-4.0955981717161194e-07,0.5926684141159058,0.5650568604469299,-0.06471240520477295,0.5933603048324585,0.47746822237968445,-0.10305444896221161,0.534787654876709,0.5365990996360779,-0.13070034980773926,0.4798065423965454,0.6175006031990051,-0.1512606143951416,0.45446935296058655,0.3627074360847473,-0.0770488902926445,0.4928950071334839,0.44048380851745605,-0.14338497817516327,0.5186102390289307,0.5360144376754761,-0.1844959706068039,0.501555323600769,0.5936225056648254,-0.2083672285079956,0.38943013548851013,0.43291887640953064,-0.07162356376647949,0.4397403597831726,0.5570891499519348,-0.12444379925727844,0.4968225061893463,0.5857139229774475,-0.13983282446861267,0.5006316304206848,0.5632177591323853,-0.14692246913909912,0.3592415452003479,0.521992027759552,-0.07474426925182343,0.42372655868530273,0.6539155840873718,-0.12027851492166519,0.48605871200561523,0.661141574382782,-0.11322270333766937,0.48928868770599365,0.6261112689971924,-0.10508138686418533,0.35139137506484985,0.6155996918678284,-0.08514469861984253,0.40999913215637207,0.7178135514259338,-0.11455479264259338,0.4646553695201874,0.7203543186187744,-0.10796888172626495,0.47233372926712036,0.6887341737747192,-0.09882219135761261,R
0.5613162517547607,0.6602140665054321,-3.4610511079335993e-07,0.6035723686218262,0.5742917060852051,-0.06103644147515297,0.6142988204956055,0.4932607412338257,-0.09888575971126556,0.556264340877533,0.5466129183769226,-0.1280544102191925,0.4970307946205139,0.6185805201530457,-0.1515529304742813,0.47964707016944885,0.3574720621109009,-0.07080566883087158,0.49878567457199097,0.39764952659606934,-0.13354097306728363,0.5134097933769226,0.4702748954296112,-0.17162181437015533,0.5045171976089478,0.5183210968971252,-0.19227585196495056,0.41072365641593933,0.4179306924343109,-0.06428990513086319,0.44838806986808777,0.5410724878311157,-0.1166258379817009,0.5074538588523865,0.5825649499893188,-0.13240115344524384,0.5189968347549438,0.5703839659690857,-0.1378733515739441,0.37445640563964844,0.50320965051651,-0.06555376201868057,0.42675158381462097,0.6354547142982483,-0.11283156275749207,0.4878590703010559,0.6533223986625671,-0.1080894023180008,0.4953765869140625,0.625491201877594,-0.099537193775177,0.3593685030937195,0.5947669148445129,-0.07308947294950485,0.409692645072937,0.6959053874015808,-0.10568961501121521,0.4650474190711975,0.7076593637466431,-0.10054171085357666,0.47716882824897766,0.6818979382514954,-0.09020675718784332,R
0.5564695000648499,0.6180455088615417,-2.595142518657667e-07,0.6150482296943665,0.5644185543060303,-0.06338034570217133,0.641125500202179,0.5202012062072754,-0.1019422709941864,0.5932530760765076,0.5813239812850952,-0.13062036037445068,0.5339900255203247,0.6322773098945618,-0.1565972864627838,0.5264614820480347,0.3447573184967041,-0.08296263962984085,0.5492068529129028,0.4245976209640503,-0.13846199214458466,0.542278528213501,0.4654928147792816,-0.17487289011478424,0.5243592262268066,0.4811995029449463,-0.19710613787174225,0.4523833990097046,0.3866531550884247,-0.07448577135801315,0.4862123131752014,0.5239970088005066,-0.12255368381738663,0.5046243071556091,0.573297917842865,-0.1416219025850296,0.5018508434295654,0.5760430693626404,-0.15042231976985931,0.40718215703964233,0.46250393986701965,-0.07161363959312439,0.4587954580783844,0.6156697273254395,-0.11596109718084335,0.5021913051605225,0.6407862305641174,-0.11585071682929993,0.5120435953140259,0.617626965045929,-0.11007991433143616,0.38131144642829895,0.5490241050720215,-0.07512057572603226,0.4338296055793762,0.6644670963287354,-0.1094457134604454,0.4800753593444824,0.6856256723403931,-0.10825980454683304,0.49609097838401794,0.6630932092666626,-0.10002871602773666,R
0.5578906536102295,0.5481590628623962,-1.9654110872124875e-07,0.6299219727516174,0.5376856923103333,-0.07200351357460022,0.6716718673706055,0.5372158885002136,-0.1222265437245369,0.6377556920051575,0.6017739772796631,-0.16209042072296143,0.584761381149292,0.6499362587928772,-0.20247089862823486,0.5915166139602661,0.3425670266151428,-0.11259006708860397,0.5885194540023804,0.43031200766563416,-0.18050357699394226,0.5875210165977478,0.46734267473220825,-0.22611962258815765,0.5895643830299377,0.479696124792099,-0.25217363238334656,0.5106967091560364,0.35989677906036377,-0.10154324769973755,0.5071770548820496,0.48183387517929077,-0.16050808131694794,0.5226794481277466,0.5502752661705017,-0.18318107724189758,0.5390293598175049,0.5769491195678711,-0.1920543909072876,0.45572909712791443,0.4166887402534485,-0.09550099074840546,0.4635876715183258,0.5553551912307739,-0.14948667585849762,0.4968695044517517,0.6119536757469177,-0.15139026939868927,0.521730899810791,0.6243873834609985,-0.14375431835651398,0.4233596622943878,0.48741933703422546,-0.09547118842601776,0.4372246563434601,0.6039508581161499,-0.13637083768844604,0.4728328287601471,0.6506543159484863,-0.13584117591381073,0.5007665157318115,0.6579444408416748,-0.1264428347349167,R
0.5906755328178406,0.5724559426307678,-4.3096687818433566e-07,0.6537333726882935,0.6005220413208008,-0.08443140983581543,0.6896353960037231,0.6124756932258606,-0.14023274183273315,0.65732741355896,0.6269866824150085,-0.1830834001302719,0.6041015982627869,0.634009838104248,-0.22317130863666534,0.6611089706420898,0.3565884530544281,-0.1249857023358345,0.6263805031776428,0.4599717855453491,-0.1931307464838028,0.6222018599510193,0.517912745475769,-0.2317712903022766,0.6319658160209656,0.539523720741272,-0.251810222864151,0.585529088973999,0.335446834564209,-0.10759733617305756,0.5492480993270874,0.4687471091747284,-0.1707395315170288,0.553734540939331,0.5585144758224487,-0.1884225755929947,0.571868896484375,0.5980380773544312,-0.19206029176712036,0.5238823294639587,0.3591010272502899,-0.0961264967918396,0.4898776710033417,0.49339723587036133,-0.15735556185245514,0.5059447884559631,0.5810959339141846,-0.15744081139564514,0.5296283960342407,0.6238520741462708,-0.1460946798324585,0.47990870475769043,0.40479815006256104,-0.09120138734579086,0.45130687952041626,0.5160351991653442,-0.142078697681427,0.4726157784461975,0.5913180112838745,-0.14501073956489563,0.5000781416893005,0.6281396150588989,-0.13460835814476013,R
0.6098892092704773,0.5827815532684326,-2.6994024437954067e-07,0.6622287034988403,0.6052379012107849,-0.06733296066522598,0.705757200717926,0.6211896538734436,-0.11900635808706284,0.6961948275566101,0.6527776718139648,-0.1624365895986557,0.6512081027030945,0.676811933517456,-0.2030552476644516,0.7095884680747986,0.3717283308506012,-0.10266099870204926,0.6736732125282288,0.5212187767028809,-0.17348241806030273,0.670284628868103,0.5856145620346069,-0.21599815785884857,0.6810138821601868,0.5811464786529541,-0.24018064141273499,0.6292399764060974,0.33896350860595703,-0.0963885635137558,0.5974006056785583,0.5142861604690552,-0.15732018649578094,0.6060906052589417,0.5964348912239075,-0.17068283259868622,0.6199239492416382,0.6017994284629822,-0.1739053577184677,0.5577471852302551,0.35318318009376526,-0.09661054611206055,0.5317637324333191,0.5262913703918457,-0.15320096909999847,0.5514119863510132,0.6115249991416931,-0.14724482595920563,0.5710341334342957,0.6268632411956787,-0.13435906171798706,0.5035660266876221,0.39182528853416443,-0.1035991907119751,0.48224231600761414,0.5362173914909363,-0.14555299282073975,0.5048046112060547,0.6156126260757446,-0.14413882791996002,0.5294218063354492,0.6391647458076477,-0.13356614112854004,R
0.6159612536430359,0.5876259207725525,-1.9023345032564976e-07,0.6717182993888855,0.6179336309432983,-0.07193931937217712,0.7187139987945557,0.6437898874282837,-0.12763355672359467,0.7058742642402649,0.678320586681366,-0.17483684420585632,0.6609677672386169,0.6965409517288208,-0.21851913630962372,0.7455540895462036,0.38934147357940674,-0.10963770002126694,0.7116824388504028,0.5468029975891113,-0.18270675837993622,0.7025213837623596,0.6222661733627319,-0.22414475679397583,0.7127934694290161,0.6208323836326599,-0.24875234067440033,0.6645920872688293,0.3478437662124634,-0.10538319498300552,0.6292014122009277,0.5482843518257141,-0.1721702367067337,0.6350578665733337,0.6425181031227112,-0.1863899528980255,0.6511961221694946,0.6381939053535461,-0.18974661827087402,0.5886279940605164,0.35932648181915283,-0.1080607995390892,0.5592597126960754,0.5575429201126099,-0.17438344657421112,0.5771440863609314,0.6537657976150513,-0.1679147630929947,0.5982615351676941,0.6617122888565063,-0.1532391905784607,0.5265815258026123,0.39631736278533936,-0.11754854023456573,0.5038061141967773,0.556842029094696,-0.16937707364559174,0.5244081616401672,0.6468091607093811,-0.1680249720811844,0.5497136116027832,0.6677672266960144,-0.1558753252029419,R
0.6174129843711853,0.5754059553146362,-1.6538612612748693e-07,0.67166668176651,0.6242208480834961,-0.07587628066539764,0.7182462811470032,0.6767205595970154,-0.1367664337158203,0.7036628723144531,0.7303146123886108,-0.1900917887687683,0.6620895266532898,0.7568459510803223,-0.24076975882053375,0.7616357803344727,0.4285680651664734,-0.11706248670816422,0.728079080581665,0.5904987454414368,-0.19929616153240204,0.7114467620849609,0.6827800273895264,-0.24864928424358368,0.7152776718139648,0.6992172002792358,-0.27627089619636536,0.6835593581199646,0.3767836093902588,-0.11354327946901321,0.6397636532783508,0.5835099816322327,-0.18312996625900269,0.6365759968757629,0.681147575378418,-0.1995065063238144,0.6494605541229248,0.6781094670295715,-0.20447656512260437,0.6048688292503357,0.37731918692588806,-0.11774571985006332,0.5652704238891602,0.5743667483329773,-0.18633100390434265,0.5738217234611511,0.6714242100715637,-0.17986279726028442,0.5915878415107727,0.6794203519821167,-0.16439282894134521,0.5382900238037109,0.40236109495162964,-0.12931305170059204,0.507296085357666,0.554981529712677,-0.18114711344242096,0.5189534425735474,0.6487144827842712,-0.17700743675231934,0.540492594242096,0.679108738899231,-0.16234561800956726,R
0.6247719526290894,0.5619505643844604,9.443888870919181e-08,0.6789203882217407,0.6347736716270447,-0.07639868557453156,0.7240290641784668,0.7123061418533325,-0.13874442875385284,0.7066131234169006,0.7618250250816345,-0.19219250977039337,0.6485589742660522,0.7666536569595337,-0.243862122297287,0.7655894756317139,0.45050033926963806,-0.13056975603103638,0.7109028697013855,0.6381494998931885,-0.21510504186153412,0.7015746831893921,0.6971698999404907,-0.26993507146835327,0.7188946008682251,0.6774471998214722,-0.30394381284713745,0.6848510503768921,0.394635409116745,-0.12756206095218658,0.6335899829864502,0.6225867867469788,-0.19395753741264343,0.637374758720398,0.6880733370780945,-0.20967701077461243,0.6574113965034485,0.6647330522537231,-0.22005222737789154,0.6035858988761902,0.3896958827972412,-0.13158872723579407,0.5620175004005432,0.6002444624900818,-0.19465067982673645,0.5754074454307556,0.6728168725967407,-0.18314261734485626,0.5989424586296082,0.6669907569885254,-0.16880251467227936,0.5350223779678345,0.4117346405982971,-0.14404070377349854,0.5059559345245361,0.5709027647972107,-0.19174598157405853,0.5167948007583618,0.6465238928794861,-0.18704697489738464,0.537566065788269,0.6685071587562561,-0.17563751339912415,R
0.6157397031784058,0.5579638481140137,2.1034411190612445e-07,0.6772373914718628,0.6473425030708313,-0.0779803916811943,0.72601717710495,0.7365691661834717,-0.14092902839183807,0.7033706307411194,0.7911016941070557,-0.19338597357273102,0.6410239934921265,0.7854617238044739,-0.24403992295265198,0.7573257684707642,0.46461957693099976,-0.1423553228378296,0.7015966773033142,0.67527836561203,-0.22580571472644806,0.6978170275688171,0.7121598720550537,-0.2834222614765167,0.7157943248748779,0.6740685105323792,-0.3223746120929718,0.6743088364601135,0.40393078327178955,-0.13749945163726807,0.6225153207778931,0.6652889847755432,-0.19668379426002502,0.6340852975845337,0.693082869052887,-0.21360138058662415,0.6532108187675476,0.6357894539833069,-0.2309342920780182,0.5909224152565002,0.3983595371246338,-0.13882485032081604,0.5494270920753479,0.6396773457527161,-0.18948929011821747,0.569365918636322,0.6725219488143921,-0.1758621335029602,0.5929547548294067,0.6282739639282227,-0.16682331264019012,0.5190021991729736,0.4194053113460541,-0.1498231440782547,0.494449645280838,0.6043599843978882,-0.19336707890033722,0.5123194456100464,0.6495789885520935,-0.19178225100040436,0.5345803499221802,0.636809766292572,-0.1863030344247818,R
0.6071507930755615,0.5618818998336792,2.920802160133462e-07,0.6729242205619812,0.6593631505966187,-0.08250618726015091,0.7243589758872986,0.7504942417144775,-0.1473916471004486,0.7016210556030273,0.8055359125137329,-0.1992153823375702,0.6299719214439392,0.7950904369354248,-0.24740804731845856,0.7455490827560425,0.461028128862381,-0.1613125503063202,0.6757766604423523,0.6773487329483032,-0.2471597045660019,0.6831610798835754,0.7240043878555298,-0.3021897077560425,0.7132005095481873,0.686499297618866,-0.3381490409374237,0.6618000864982605,0.40618443489074707,-0.15163634717464447,0.6055836081504822,0.6692265868186951,-0.20912468433380127,0.6264899969100952,0.6995029449462891,-0.22009816765785217,0.6548023223876953,0.637795090675354,-0.23391851782798767,0.5793707966804504,0.40228748321533203,-0.14727844297885895,0.5384863615036011,0.6505420207977295,-0.1931801736354828,0.5641002058982849,0.6765421628952026,-0.171608567237854,0.5921001434326172,0.6246272325515747,-0.15786510705947876,0.5091314911842346,0.421108216047287,-0.15318192541599274,0.4884940981864929,0.6128144860267639,-0.19135186076164246,0.50641930103302,0.6477072238922119,-0.18602518737316132,0.5275188684463501,0.6230053305625916,-0.1784377098083496,R
0.6002983450889587,0.5735671520233154,1.2953339023624721e-07,0.664871335029602,0.6693368554115295,-0.07405269145965576,0.7162577509880066,0.7544075846672058,-0.1328911930322647,0.6966925859451294,0.8004071712493896,-0.1803051084280014,0.6232870817184448,0.779620885848999,-0.22467041015625,0.7384528517723083,0.45778173208236694,-0.14216257631778717,0.6735391020774841,0.6768730282783508,-0.22336572408676147,0.6731913685798645,0.7259780168533325,-0.27758273482322693,0.6950410008430481,0.6895500421524048,-0.3126852810382843,0.657019317150116,0.39976102113723755,-0.13601018488407135,0.6021825075149536,0.6610651612281799,-0.187935009598732,0.6170775890350342,0.6933209896087646,-0.20083607733249664,0.638057291507721,0.6374403238296509,-0.21658092737197876,0.5756290555000305,0.39514750242233276,-0.13490162789821625,0.5339820384979248,0.6414434313774109,-0.1756553053855896,0.5555084943771362,0.6736788153648376,-0.15646594762802124,0.5787684917449951,0.626783013343811,-0.14545923471450806,0.5043036937713623,0.4143919348716736,-0.14352072775363922,0.4821714162826538,0.603564977645874,-0.17586243152618408,0.5006029009819031,0.647929847240448,-0.1685624122619629,0.5225613713264465,0.6316330432891846,-0.16069446504116058,R
0.5999925136566162,0.5749509930610657,1.0288880503139808e-07,0.6636844277381897,0.6697883605957031,-0.07291866838932037,0.7156873941421509,0.7522109746932983,-0.13162226974964142,0.6923266649246216,0.794541597366333,-0.17891506850719452,0.6181235909461975,0.7710273861885071,-0.22272546589374542,0.7366636991500854,0.45706814527511597,-0.1423419564962387,0.6700884699821472,0.6686447858810425,-0.2261301428079605,0.6722596883773804,0.7145043015480042,-0.28378766775131226,0.6958962082862854,0.6769530177116394,-0.321476548910141,0.6557099223136902,0.395827054977417,-0.13621222972869873,0.5981842875480652,0.6505665183067322,-0.18970534205436707,0.616075873374939,0.68299800157547,-0.2044457048177719,0.6401103734970093,0.6294848918914795,-0.22162479162216187,0.5741454362869263,0.3892909288406372,-0.13515983521938324,0.5297858715057373,0.6320959329605103,-0.17539870738983154,0.5523353219032288,0.6656742095947266,-0.15676391124725342,0.5760295391082764,0.6224389672279358,-0.14687609672546387,0.5037177205085754,0.40828394889831543,-0.14387401938438416,0.47790902853012085,0.59602290391922,-0.17610734701156616,0.4953778088092804,0.6379613280296326,-0.17064237594604492,0.5158386826515198,0.6182429790496826,-0.16456331312656403,R
0.5998098254203796,0.5690181255340576,1.3057889702849934e-07,0.6639750003814697,0.6638038754463196,-0.07498522102832794,0.7153462171554565,0.7460746169090271,-0.1352085918188095,0.69310462474823,0.7917008996009827,-0.1836347132921219,0.6196033954620361,0.7732182741165161,-0.22820670902729034,0.7329457402229309,0.4512189030647278,-0.14693047106266022,0.6677334308624268,0.6597859263420105,-0.23356381058692932,0.6735447645187378,0.7089918255805969,-0.29224875569343567,0.699414849281311,0.6721292734146118,-0.3298230767250061,0.6508888006210327,0.39312615990638733,-0.14001592993736267,0.5954234004020691,0.6464373469352722,-0.1953928917646408,0.614893913269043,0.6798088550567627,-0.20967522263526917,0.6392520070075989,0.6242759823799133,-0.22606663405895233,0.5694639086723328,0.3898885250091553,-0.13846823573112488,0.5274812579154968,0.6320372819900513,-0.18076539039611816,0.5512090921401978,0.6645456552505493,-0.16197581589221954,0.5760347843170166,0.6198087334632874,-0.15136438608169556,0.5002119541168213,0.41068676114082336,-0.14675024151802063,0.47579097747802734,0.5980464220046997,-0.18050715327262878,0.49374258518218994,0.6399894952774048,-0.17531618475914001,0.5150476694107056,0.6201170682907104,-0.16896022856235504,R
0.5920236110687256,0.5565972328186035,2.3036585616864613e-07,0.6623691916465759,0.6302701830863953,-0.0686698853969574,0.7104702591896057,0.7038156986236572,-0.1256420612335205,0.6936730742454529,0.7649247646331787,-0.17324961721897125,0.6253703832626343,0.7713661789894104,-0.21848544478416443,0.7108942270278931,0.4197307825088501,-0.13298583030700684,0.6628126502037048,0.6184178590774536,-0.21382500231266022,0.6749180555343628,0.6796700358390808,-0.26614972949028015,0.7030051350593567,0.6555312871932983,-0.29822468757629395,0.6295314431190491,0.3817586302757263,-0.12895622849464417,0.5908190608024597,0.6284916400909424,-0.1818331927061081,0.6128427386283875,0.675502598285675,-0.19259482622146606,0.6365630626678467,0.6303272247314453,-0.204127699136734,0.550748348236084,0.3948126435279846,-0.13036392629146576,0.5248986482620239,0.6298404932022095,-0.17434880137443542,0.5525119304656982,0.6706491112709045,-0.15687096118927002,0.5797378420829773,0.6332170963287354,-0.144104465842247,0.4867665767669678,0.42767322063446045,-0.1404474973678589,0.47324138879776,0.6084997057914734,-0.1747101992368698,0.4966340661048889,0.6617758870124817,-0.1673174798488617,0.5221956372261047,0.6581618785858154,-0.15757930278778076,R
0.5830252170562744,0.5509091019630432,3.824761449777725e-07,0.6637551784515381,0.5785965919494629,-0.06467192620038986,0.7068854570388794,0.6167932748794556,-0.11933806538581848,0.6870160102844238,0.6947977542877197,-0.1665913462638855,0.6220012903213501,0.7447050213813782,-0.213337242603302,0.6760126352310181,0.3749157190322876,-0.1252773255109787,0.6551722288131714,0.5616581439971924,-0.19864428043365479,0.6643713712692261,0.6216045022010803,-0.24312599003314972,0.6807963252067566,0.6090697050094604,-0.27029433846473694,0.5910529494285583,0.3669947683811188,-0.1239243820309639,0.5809221863746643,0.6021624803543091,-0.17946527898311615,0.6037446856498718,0.6548206806182861,-0.18917077779769897,0.6179541945457458,0.6310727596282959,-0.1964036524295807,0.5165064334869385,0.4071092903614044,-0.12762488424777985,0.5199794769287109,0.631083071231842,-0.1767130345106125,0.5490247011184692,0.6762946248054504,-0.16196928918361664,0.569677472114563,0.6492433547973633,-0.1476883590221405,0.46121641993522644,0.46377766132354736,-0.13923388719558716,0.46971142292022705,0.6398018598556519,-0.17826388776302338,0.4996621906757355,0.695579469203949,-0.17272619903087616,0.5267164707183838,0.69893878698349,-0.16249053180217743,R
0.58381587266922,0.5484797954559326,3.13860908818242e-07,0.6579596996307373,0.5568525195121765,-0.06758708506822586,0.7033739686012268,0.5744141340255737,-0.12141638249158859,0.6771409511566162,0.6492334008216858,-0.16683585941791534,0.6216503381729126,0.7117636203765869,-0.21040156483650208,0.6549490094184875,0.33748048543930054,-0.11685935407876968,0.6544095277786255,0.5140054225921631,-0.19119198620319366,0.6626384854316711,0.5626331567764282,-0.23658397793769836,0.6684252619743347,0.5350035429000854,-0.2651587724685669,0.5684255361557007,0.3463386297225952,-0.11419498920440674,0.577180027961731,0.5750956535339355,-0.1760307252407074,0.6081034541130066,0.6368118524551392,-0.18968626856803894,0.6198522448539734,0.6054629683494568,-0.19716449081897736,0.49949005246162415,0.3995702266693115,-0.11743130534887314,0.5186752080917358,0.6233298778533936,-0.17400090396404266,0.5633703470230103,0.6812276840209961,-0.16302233934402466,0.5846746563911438,0.6582768559455872,-0.1488824337720871,0.4520263075828552,0.4643338620662689,-0.12829095125198364,0.4723290503025055,0.638401985168457,-0.17117707431316376,0.5099824666976929,0.6965591907501221,-0.1687067300081253,0.5356613397598267,0.6923402547836304,-0.15958133339881897,R
0.5929914712905884,0.5167009830474854,1.986711026802368e-07,0.6613261699676514,0.5248511433601379,-0.06607669591903687,0.7071607112884521,0.5428569316864014,-0.11713848263025284,0.6792040467262268,0.626223623752594,-0.15933147072792053,0.6281465291976929,0.7009356021881104,-0.20015746355056763,0.6527419686317444,0.32477983832359314,-0.117579385638237,0.6504641771316528,0.5113269090652466,-0.1872725635766983,0.6564139127731323,0.5603765845298767,-0.2283291220664978,0.6575525403022766,0.530836820602417,-0.2549150288105011,0.5669118762016296,0.33644962310791016,-0.11441271752119064,0.5751296877861023,0.5594709515571594,-0.1745140254497528,0.6091296076774597,0.6189428567886353,-0.18780331313610077,0.6162580847740173,0.5939271450042725,-0.19587431848049164,0.501072883605957,0.38972190022468567,-0.11630791425704956,0.5180134177207947,0.6038088202476501,-0.1708403080701828,0.5670813918113708,0.6621061563491821,-0.16226932406425476,0.5846995711326599,0.6460738182067871,-0.15132258832454681,0.45496633648872375,0.4574337899684906,-0.1253252923488617,0.47736284136772156,0.6271772384643555,-0.16542629897594452,0.5208367109298706,0.6812658905982971,-0.16447119414806366,0.544734537601471,0.6764678955078125,-0.1582806557416916,R
0.5886717438697815,0.5108773112297058,1.3146696176136174e-07,0.6558902263641357,0.5260785818099976,-0.07592462748289108,0.7084039449691772,0.5470449924468994,-0.13545964658260345,0.6837232708930969,0.6276302933692932,-0.18462298810482025,0.6315762996673584,0.6945835947990417,-0.23166602849960327,0.6546779870986938,0.3221340775489807,-0.136903315782547,0.650012731552124,0.5017035603523254,-0.21702708303928375,0.6529050469398499,0.5577132701873779,-0.2628222107887268,0.6489359140396118,0.5299887657165527,-0.2916315793991089,0.5652061104774475,0.3331589102745056,-0.13214713335037231,0.5690575838088989,0.5597009658813477,-0.20576979219913483,0.6048394441604614,0.6287807822227478,-0.22198016941547394,0.6139408349990845,0.6025949716567993,-0.2291610687971115,0.49919718503952026,0.3896418809890747,-0.1329202950000763,0.5155410170555115,0.6082388758659363,-0.19727742671966553,0.569125771522522,0.6730636358261108,-0.18579557538032532,0.5914079546928406,0.6585337519645691,-0.17074346542358398,0.45421940088272095,0.46180668473243713,-0.14142736792564392,0.47477003931999207,0.6322316527366638,-0.18762721121311188,0.5190929770469666,0.6920552849769592,-0.18373985588550568,0.5444351434707642,0.6866214275360107,-0.17326553165912628,R
0.5842918753623962,0.5026428699493408,1.9096903258741804e-07,0.6510162949562073,0.5136063694953918,-0.06886157393455505,0.7028453350067139,0.5341954231262207,-0.12510614097118378,0.6809921264648438,0.6181273460388184,-0.17240019142627716,0.6326162815093994,0.6930243372917175,-0.21829067170619965,0.6486709713935852,0.325546532869339,-0.13192763924598694,0.6430582404136658,0.503861665725708,-0.2084311544895172,0.649266242980957,0.550365149974823,-0.2521591782569885,0.6505851149559021,0.5169917941093445,-0.28013643622398376,0.5592179894447327,0.3377283215522766,-0.13016363978385925,0.5674300193786621,0.5653200745582581,-0.19790354371070862,0.6037425994873047,0.6283400654792786,-0.21124267578125,0.6125426292419434,0.5993013381958008,-0.2183055728673935,0.49380356073379517,0.39295125007629395,-0.13334372639656067,0.513352632522583,0.6109434366226196,-0.1928005814552307,0.5649837255477905,0.6720758676528931,-0.1800774782896042,0.5853402614593506,0.6545560359954834,-0.1658271700143814,0.4495695233345032,0.46211960911750793,-0.14399293065071106,0.4706325829029083,0.6320620775222778,-0.18726187944412231,0.5121225118637085,0.6929617524147034,-0.18261830508708954,0.5350629687309265,0.6899216175079346,-0.1729431003332138,R
0.5792174339294434,0.5083436369895935,2.0558888991217827e-07,0.6467598676681519,0.5218401551246643,-0.07427134364843369,0.6991909146308899,0.5442268252372742,-0.1332092136144638,0.6760653257369995,0.6275373697280884,-0.18140468001365662,0.6256042718887329,0.7013251781463623,-0.22732067108154297,0.6466680765151978,0.33331698179244995,-0.14132533967494965,0.6398062705993652,0.5202566981315613,-0.21908268332481384,0.6465747356414795,0.5680435299873352,-0.2636672556400299,0.6465579867362976,0.5319033861160278,-0.29267796874046326,0.557190477848053,0.3448992073535919,-0.13733500242233276,0.5624801516532898,0.5770102739334106,-0.20529815554618835,0.6007480025291443,0.6301301717758179,-0.2190788835287094,0.6095960736274719,0.5890268683433533,-0.22731997072696686,0.4914550185203552,0.39986157417297363,-0.13829556107521057,0.5109280347824097,0.6246944069862366,-0.19520768523216248,0.5635206699371338,0.6757398843765259,-0.180881530046463,0.5837123990058899,0.6478674411773682,-0.16692394018173218,0.44638746976852417,0.4698732793331146,-0.14751453697681427,0.4686066806316376,0.6420890092849731,-0.18771442770957947,0.5122833847999573,0.6954274773597717,-0.1812429130077362,0.5358856916427612,0.6854926347732544,-0.17122378945350647,R
0.5792512893676758,0.5145379304885864,2.439060722281283e-07,0.6461865305900574,0.5302484035491943,-0.07287540286779404,0.6965503692626953,0.5557240843772888,-0.13099123537540436,0.6681677103042603,0.6421021223068237,-0.1786724030971527,0.6162679195404053,0.7169915437698364,-0.22476914525032043,0.6436123251914978,0.34028956294059753,-0.14118842780590057,0.6323860287666321,0.5228610634803772,-0.21775196492671967,0.6397621035575867,0.5673595070838928,-0.2608364522457123,0.642572283744812,0.53052818775177,-0.28842809796333313,0.5543422698974609,0.3512284755706787,-0.13711953163146973,0.5563925504684448,0.5771257281303406,-0.2040371149778366,0.5944473743438721,0.6343014240264893,-0.21698413789272308,0.6061898469924927,0.597760796546936,-0.22434383630752563,0.48877981305122375,0.40447792410850525,-0.13756681978702545,0.5028645396232605,0.6228044033050537,-0.19526439905166626,0.5583641529083252,0.681674599647522,-0.1816166788339615,0.5843181014060974,0.6616774797439575,-0.16723056137561798,0.44363531470298767,0.4717572033405304,-0.1458176076412201,0.4615589380264282,0.6410655379295349,-0.18677447736263275,0.5052720904350281,0.7000473141670227,-0.18077769875526428,0.5315854549407959,0.6968957781791687,-0.17058709263801575,R
0.5785374641418457,0.523094117641449,1.9626452285592677e-07,0.6448508501052856,0.5335855484008789,-0.07001665979623795,0.6949030756950378,0.550991952419281,-0.12445307523012161,0.6654751300811768,0.6395139694213867,-0.16953735053539276,0.6141536235809326,0.7158900499343872,-0.213217094540596,0.6403487324714661,0.3414263129234314,-0.12740524113178253,0.6312490105628967,0.5150509476661682,-0.20214076340198517,0.6358274817466736,0.5546290874481201,-0.24532544612884521,0.6377250552177429,0.5193850994110107,-0.27313703298568726,0.5517394542694092,0.35184842348098755,-0.12400691211223602,0.5553008913993835,0.5772709846496582,-0.19154247641563416,0.5918439030647278,0.6401079297065735,-0.20606449246406555,0.6025127172470093,0.6116006374359131,-0.21325929462909698,0.4871903359889984,0.40608975291252136,-0.12580813467502594,0.5025190711021423,0.6265929937362671,-0.1857849806547165,0.5565975904464722,0.6890444755554199,-0.17505785822868347,0.5795846581459045,0.6735366582870483,-0.16144299507141113,0.44276440143585205,0.4752136468887329,-0.13502995669841766,0.4617899954319,0.6464654207229614,-0.17977790534496307,0.5060358643531799,0.7068413496017456,-0.17680273950099945,0.531295120716095,0.7042193412780762,-0.16774849593639374,R
0.5681748390197754,0.520641028881073,2.5271108938795805e-07,0.6362549662590027,0.529705822467804,-0.06669079512357712,0.6856369376182556,0.5457183122634888,-0.11998026818037033,0.6576471328735352,0.6308377385139465,-0.1647053062915802,0.604194700717926,0.7036062479019165,-0.20876500010490417,0.6307833194732666,0.3442065715789795,-0.1279120296239853,0.6258732080459595,0.5052559971809387,-0.2046741098165512,0.6311324238777161,0.5331029891967773,-0.2511758506298065,0.6309237480163574,0.4935597777366638,-0.28182628750801086,0.5415002107620239,0.3536335825920105,-0.12663495540618896,0.5522758960723877,0.5759791135787964,-0.1933329850435257,0.5921378135681152,0.6329725384712219,-0.20832738280296326,0.6037968993186951,0.6004244685173035,-0.21705015003681183,0.4776446223258972,0.40929800271987915,-0.1302226483821869,0.5021312236785889,0.6286810636520386,-0.1873597353696823,0.5552937984466553,0.6857119202613831,-0.17441216111183167,0.5770690441131592,0.6654079556465149,-0.16082486510276794,0.43525591492652893,0.4800398647785187,-0.14153270423412323,0.46007826924324036,0.6523794531822205,-0.1853981465101242,0.5054216980934143,0.7092224359512329,-0.1813104748725891,0.530987024307251,0.7039854526519775,-0.17208744585514069,R
0.571361243724823,0.5609318614006042,2.387642723533645e-07,0.6365798115730286,0.5476748943328857,-0.06910593807697296,0.6783521771430969,0.5412153005599976,-0.12176894396543503,0.6396531462669373,0.6098753213882446,-0.16409555077552795,0.5859113335609436,0.673391580581665,-0.20493359863758087,0.6076898574829102,0.33404940366744995,-0.12251322716474533,0.6184113621711731,0.4775250554084778,-0.19430023431777954,0.6293423771858215,0.5102461576461792,-0.23722396790981293,0.6284404993057251,0.4804752767086029,-0.26534920930862427,0.5234447717666626,0.358826607465744,-0.11909673362970352,0.5411396622657776,0.5599024295806885,-0.1832042932510376,0.5823466181755066,0.6269934177398682,-0.19877827167510986,0.5938683152198792,0.606805682182312,-0.2070247232913971,0.4644806683063507,0.42583298683166504,-0.12069953233003616,0.4994192123413086,0.6326680183410645,-0.17855677008628845,0.550514817237854,0.6896390318870544,-0.168979212641716,0.5673444271087646,0.6693026423454285,-0.157050222158432,0.42603594064712524,0.5043997168540955,-0.12946109473705292,0.4612347185611725,0.6629629731178284,-0.17448337376117706,0.5085384249687195,0.716282844543457,-0.17164374887943268,0.5313600301742554,0.7072133421897888,-0.16309088468551636,R
0.5708722472190857,0.5798822641372681,-1.640573188410599e-08,0.6292643547058105,0.5531001687049866,-0.0635736957192421,0.6697199940681458,0.5287842750549316,-0.11154629290103912,0.6275916695594788,0.5824832320213318,-0.1507309079170227,0.5738775134086609,0.6438105702400208,-0.1875300109386444,0.5858156681060791,0.31420931220054626,-0.10086005181074142,0.5920205116271973,0.43597784638404846,-0.1671539545059204,0.6028189063072205,0.49655890464782715,-0.20527054369449615,0.6015145182609558,0.4912910759449005,-0.2284494787454605,0.5078128576278687,0.3468512296676636,-0.09867098182439804,0.5209720134735107,0.5268499255180359,-0.15731120109558105,0.5621539354324341,0.6082330346107483,-0.17213673889636993,0.5738376975059509,0.6001202464103699,-0.17762920260429382,0.45486676692962646,0.4184122085571289,-0.10194776207208633,0.48673945665359497,0.6111334562301636,-0.15650266408920288,0.5381855964660645,0.6716089844703674,-0.149998739361763,0.5537149310112,0.6559085845947266,-0.13891065120697021,0.42073488235473633,0.5029892921447754,-0.11130475252866745,0.45365110039711,0.650509774684906,-0.15025128424167633,0.501857340335846,0.7024950981140137,-0.14493428170681,0.523431658744812,0.6921823024749756,-0.13371220231056213,R
0.5690871477127075,0.5778337121009827,3.4210522414923616e-08,0.6298239827156067,0.5364254713058472,-0.06738882511854172,0.665983259677887,0.5021526217460632,-0.11698243021965027,0.6214419007301331,0.563561737537384,-0.15758518874645233,0.5725286602973938,0.6386384963989258,-0.19627141952514648,0.5735838413238525,0.3078423738479614,-0.10678540170192719,0.5781461596488953,0.4103669822216034,-0.1754397600889206,0.583046019077301,0.470359742641449,-0.21386916935443878,0.5751378536224365,0.4754185676574707,-0.2365531325340271,0.4955674707889557,0.34813907742500305,-0.10425162315368652,0.5081512928009033,0.5237266421318054,-0.16704492270946503,0.5543423295021057,0.6087148189544678,-0.1821487843990326,0.5712392926216125,0.6062812805175781,-0.1859583705663681,0.44363245368003845,0.4270755350589752,-0.10762228816747665,0.4781731069087982,0.6165180802345276,-0.16543135046958923,0.5310901999473572,0.6762315034866333,-0.15942279994487762,0.5471891164779663,0.659260094165802,-0.14741110801696777,0.41215988993644714,0.5171224474906921,-0.11735643446445465,0.44780969619750977,0.6628237962722778,-0.15715114772319794,0.498878538608551,0.7112230062484741,-0.15018782019615173,0.5220336318016052,0.6985086798667908,-0.13709919154644012,R
0.5767935514450073,0.593599796295166,-2.797748379634868e-07,0.6459051966667175,0.5345067977905273,-0.06933455169200897,0.671788215637207,0.4904731214046478,-0.1196713000535965,0.6050563454627991,0.554353654384613,-0.16020266711711884,0.5412494540214539,0.6290374994277954,-0.19682155549526215,0.56564861536026,0.3024942874908447,-0.10573650151491165,0.5783279538154602,0.41754311323165894,-0.18247176706790924,0.5692601799964905,0.5537328720092773,-0.23047210276126862,0.5432530641555786,0.6368212103843689,-0.2572890818119049,0.48742538690567017,0.3509647846221924,-0.10249878466129303,0.4976755976676941,0.5205029249191284,-0.16167381405830383,0.5430546998977661,0.5921353101730347,-0.18096387386322021,0.5599403977394104,0.5930693745613098,-0.19076019525527954,0.4379991888999939,0.4376610517501831,-0.10618749260902405,0.46801114082336426,0.6228463649749756,-0.15659001469612122,0.5261021852493286,0.6685516238212585,-0.1492740660905838,0.5456820726394653,0.6528711915016174,-0.13995219767093658,0.4104436933994293,0.5353214740753174,-0.1171182319521904,0.44290807843208313,0.6791282892227173,-0.15065540373325348,0.4962626099586487,0.715096116065979,-0.14014223217964172,0.5199058055877686,0.6992162466049194,-0.12675951421260834,R
0.5836889743804932,0.6507735848426819,-2.896368869187427e-07,0.6571725010871887,0.5840129852294922,-0.09413451701402664,0.6770976781845093,0.5026437044143677,-0.15350720286369324,0.594459593296051,0.5282719135284424,-0.19744132459163666,0.5105075836181641,0.5822102427482605,-0.23307739198207855,0.5639870166778564,0.30970925092697144,-0.13072311878204346,0.5759396553039551,0.4338241517543793,-0.22395583987236023,0.5665532350540161,0.5760623812675476,-0.27891024947166443,0.5357928276062012,0.6584942936897278,-0.30928489565849304,0.4827819764614105,0.3587951362133026,-0.11982406675815582,0.4949308931827545,0.5150253176689148,-0.19722937047481537,0.539147138595581,0.5600997805595398,-0.21819117665290833,0.5519326329231262,0.5412889719009399,-0.2262164205312729,0.4329821467399597,0.4463929533958435,-0.11965257674455643,0.4633500874042511,0.6325110197067261,-0.18289430439472198,0.5278227925300598,0.6703650951385498,-0.1697603464126587,0.5516756176948547,0.6437054872512817,-0.15487442910671234,0.4057061970233917,0.5452235341072083,-0.12993194162845612,0.44485780596733093,0.6954073309898376,-0.17220041155815125,0.5006712079048157,0.7238895893096924,-0.16411300003528595,0.5220608711242676,0.6962624788284302,-0.15172089636325836,R
0.5904331207275391,0.6447702050209045,-2.594975114789122e-07,0.6586771011352539,0.5760058760643005,-0.09644253551959991,0.6689225435256958,0.4943452477455139,-0.15607289969921112,0.5792363286018372,0.5202716588973999,-0.1999041736125946,0.49766531586647034,0.5667639970779419,-0.23532380163669586,0.5672221183776855,0.31252050399780273,-0.13281898200511932,0.570315420627594,0.43205153942108154,-0.23214519023895264,0.5559521913528442,0.5674360394477844,-0.2901057302951813,0.5278046727180481,0.6475145220756531,-0.3211608827114105,0.48405590653419495,0.35387706756591797,-0.12059348821640015,0.48746755719184875,0.5008882880210876,-0.20574238896369934,0.5263505578041077,0.5534330010414124,-0.2266637235879898,0.5420512557029724,0.5450382232666016,-0.23154622316360474,0.4321611523628235,0.4347504675388336,-0.12012715637683868,0.4504953622817993,0.6201149225234985,-0.1919482797384262,0.5144852995872498,0.6631935834884644,-0.18119056522846222,0.544715404510498,0.6384429931640625,-0.1648208349943161,0.4036164879798889,0.5300332903862,-0.13003799319267273,0.4347330927848816,0.684468686580658,-0.1801423281431198,0.4915902316570282,0.7181134223937988,-0.17666052281856537,0.5172873735427856,0.6901546716690063,-0.16556663811206818,R
0.5808262825012207,0.6598461270332336,-3.692877044159104e-07,0.6500713229179382,0.5891409516334534,-0.09605923295021057,0.6626569032669067,0.5011314749717712,-0.15417549014091492,0.5708653330802917,0.5161921381950378,-0.19602566957473755,0.484961599111557,0.5514563322067261,-0.22855545580387115,0.5627278685569763,0.3130508363246918,-0.12740711867809296,0.5628542900085449,0.42733123898506165,-0.2231052815914154,0.5498831272125244,0.5652161240577698,-0.27900296449661255,0.522550106048584,0.6460847854614258,-0.3091268837451935,0.48016488552093506,0.35512790083885193,-0.11394548416137695,0.48625779151916504,0.5021824240684509,-0.19602464139461517,0.5261325836181641,0.5599161982536316,-0.21663323044776917,0.5406403541564941,0.555307149887085,-0.22160795331001282,0.42878586053848267,0.4367535710334778,-0.11208590865135193,0.4492325186729431,0.6197326183319092,-0.18224340677261353,0.5122767686843872,0.6621261835098267,-0.17213359475135803,0.5395981669425964,0.6375753283500671,-0.1566544622182846,0.40066587924957275,0.5332826972007751,-0.1203196719288826,0.4341334104537964,0.6851969957351685,-0.170488640666008,0.49065250158309937,0.7178806066513062,-0.16768164932727814,0.513695478439331,0.6891130208969116,-0.1568146049976349,R
0.5710046887397766,0.6551087498664856,-1.8428336545639468e-07,0.6442078948020935,0.5956254601478577,-0.1021428257226944,0.6624307632446289,0.5068646669387817,-0.1649428904056549,0.5789676904678345,0.5094839930534363,-0.21066772937774658,0.49653521180152893,0.5421609282493591,-0.24711240828037262,0.5697502493858337,0.3280297815799713,-0.1406763345003128,0.5660632848739624,0.4280518889427185,-0.24572014808654785,0.5482130646705627,0.5617357492446899,-0.3057771921157837,0.5218029618263245,0.6383331418037415,-0.3380054235458374,0.4843507409095764,0.36516276001930237,-0.12757134437561035,0.4865822196006775,0.48236390948295593,-0.21825391054153442,0.5177006721496582,0.5307824611663818,-0.2395009845495224,0.5311026573181152,0.5194162130355835,-0.2434096485376358,0.43030279874801636,0.444480299949646,-0.12706924974918365,0.4516766667366028,0.622503936290741,-0.2018311768770218,0.5098055005073547,0.6659114360809326,-0.18771864473819733,0.5384486317634583,0.6386071443557739,-0.16888640820980072,0.4003140330314636,0.5382020473480225,-0.13789184391498566,0.4345119297504425,0.6907284259796143,-0.1902482956647873,0.4873746931552887,0.7256136536598206,-0.18591459095478058,0.510991096496582,0.694412112236023,-0.17409692704677582,R
0.5564572811126709,0.6667736768722534,-2.895209831876855e-07,0.6328798532485962,0.6076229810714722,-0.10071772336959839,0.6577538251876831,0.5086965560913086,-0.15963003039360046,0.5891176462173462,0.4866379201412201,-0.20170600712299347,0.5149155855178833,0.4926995635032654,-0.23383896052837372,0.5662895441055298,0.3335837125778198,-0.13391399383544922,0.5623575448989868,0.42866042256355286,-0.23640631139278412,0.5481261014938354,0.5602531433105469,-0.29288846254348755,0.5265151262283325,0.6386903524398804,-0.32159456610679626,0.4844322204589844,0.3702406585216522,-0.1197303757071495,0.48408257961273193,0.4875625967979431,-0.21336744725704193,0.5168637037277222,0.548828125,-0.23485462367534637,0.5330775380134583,0.5529803037643433,-0.23612843453884125,0.43098580837249756,0.44644486904144287,-0.11840248107910156,0.44904905557632446,0.621350884437561,-0.19584067165851593,0.5049707293510437,0.666730523109436,-0.18446415662765503,0.533600926399231,0.6459679007530212,-0.16529858112335205,0.40137559175491333,0.5385720729827881,-0.1280435472726822,0.4317070245742798,0.6868215799331665,-0.18316750228405,0.48368072509765625,0.7252885103225708,-0.18187230825424194,0.5093897581100464,0.6990981698036194,-0.17067912220954895,R
0.566504955291748,0.6431483030319214,-1.4498519362859952e-07,0.6336474418640137,0.5903053283691406,-0.09335419535636902,0.6585009098052979,0.5243886113166809,-0.15468479692935944,0.5871785879135132,0.5413188934326172,-0.2017972469329834,0.5172533988952637,0.5855795741081238,-0.2410111278295517,0.5595532655715942,0.32094210386276245,-0.13274867832660675,0.558881402015686,0.4348306357860565,-0.22903147339820862,0.5466660857200623,0.5756130218505859,-0.2823927104473114,0.5244998335838318,0.6623325347900391,-0.3094707429409027,0.4810360372066498,0.36510592699050903,-0.1236623227596283,0.47495201230049133,0.49833694100379944,-0.20896825194358826,0.5181366801261902,0.5716778039932251,-0.2292923629283905,0.5432685613632202,0.5818032026290894,-0.2323458045721054,0.4291346073150635,0.44842594861984253,-0.125342458486557,0.4422140419483185,0.6253507137298584,-0.19649897515773773,0.503697395324707,0.6808465719223022,-0.1835697740316391,0.5367198586463928,0.6686837673187256,-0.164778470993042,0.4000087082386017,0.5462995171546936,-0.13692179322242737,0.42437928915023804,0.6913912296295166,-0.18533223867416382,0.48044437170028687,0.7322561144828796,-0.17785878479480743,0.5113397836685181,0.7123005390167236,-0.1633489578962326,R
0.5789019465446472,0.6533114910125732,-2.7153856763106887e-07,0.6444562077522278,0.5799890160560608,-0.08585499227046967,0.6574563384056091,0.5048114657402039,-0.1422356516122818,0.5726419687271118,0.5374512076377869,-0.18482734262943268,0.49641895294189453,0.594824492931366,-0.21954050660133362,0.5478047132492065,0.3206788897514343,-0.1211376041173935,0.5508740544319153,0.44298067688941956,-0.21090233325958252,0.5423048138618469,0.5801675319671631,-0.26453056931495667,0.5139028429985046,0.6605274081230164,-0.29367274045944214,0.46830981969833374,0.3741665482521057,-0.11281879246234894,0.4725489318370819,0.5409926176071167,-0.18643510341644287,0.5258387327194214,0.594955563545227,-0.20557793974876404,0.5428704023361206,0.5834414958953857,-0.21188831329345703,0.4213823080062866,0.4646466374397278,-0.11448357254266739,0.4492543041706085,0.650979220867157,-0.17528103291988373,0.5125405788421631,0.6848259568214417,-0.16278676688671112,0.5313900113105774,0.6562340259552002,-0.14766329526901245,0.39716023206710815,0.5654871463775635,-0.1256752461194992,0.4327835440635681,0.712043285369873,-0.16637519001960754,0.48798370361328125,0.7384083867073059,-0.15806914865970612,0.5077211260795593,0.7111464738845825,-0.1448456048965454,R
0.5843589305877686,0.6624816060066223,-1.9425857544774772e-07,0.6364976763725281,0.5745415091514587,-0.08468205481767654,0.644899308681488,0.4776385724544525,-0.1400691419839859,0.5673723220825195,0.5137652158737183,-0.18214979767799377,0.4994205832481384,0.5708316564559937,-0.21553032100200653,0.5333979725837708,0.3484072983264923,-0.11869889497756958,0.5387424230575562,0.4232080578804016,-0.21651718020439148,0.5526781678199768,0.5580965280532837,-0.27078962326049805,0.5342617630958557,0.6351648569107056,-0.2994937598705292,0.4603123366832733,0.4226103127002716,-0.11524970084428787,0.4672670364379883,0.5016878843307495,-0.19726532697677612,0.5274036526679993,0.5675148963928223,-0.21539849042892456,0.5315858721733093,0.55618816614151,-0.21864953637123108,0.41937488317489624,0.519618570804596,-0.12326060980558395,0.4427013099193573,0.6459275484085083,-0.19262611865997314,0.5144777894020081,0.6835651993751526,-0.17661014199256897,0.5224170684814453,0.6424589157104492,-0.15837420523166656,0.40185046195983887,0.6228482127189636,-0.14006160199642181,0.4374435245990753,0.7332524657249451,-0.17996054887771606,0.49614688754081726,0.7527464628219604,-0.1659538745880127,0.5046564936637878,0.7134001851081848,-0.1508445292711258,R
0.5912062525749207,0.6822561025619507,-1.0555968543712879e-07,0.6218506693840027,0.5635825991630554,-0.07834068685770035,0.6103518605232239,0.4581913948059082,-0.130269855260849,0.526600182056427,0.49582383036613464,-0.1702260673046112,0.46151790022850037,0.5499314069747925,-0.20144228637218475,0.5168715715408325,0.36304521560668945,-0.10648543387651443,0.4977690875530243,0.4163411855697632,-0.1912328451871872,0.5245123505592346,0.5235466957092285,-0.23234201967716217,0.5243150591850281,0.5610213875770569,-0.2559879720211029,0.4515596628189087,0.45788824558258057,-0.10542591661214828,0.43333637714385986,0.4992395043373108,-0.1944674849510193,0.5092355012893677,0.5749872922897339,-0.20975233614444733,0.5248321294784546,0.5691500306129456,-0.20648320019245148,0.4173274338245392,0.5587882995605469,-0.11460287868976593,0.422622412443161,0.6436562538146973,-0.19175490736961365,0.5025137662887573,0.6759966015815735,-0.1746189147233963,0.5142691135406494,0.6327162981033325,-0.15217071771621704,0.40727585554122925,0.6578881740570068,-0.13102713227272034,0.4281141459941864,0.7339726090431213,-0.1754598170518875,0.4898126721382141,0.7467430830001831,-0.1629352569580078,0.5010709166526794,0.7070621848106384,-0.14789563417434692,R
0.5702139139175415,0.6994003057479858,-1.5920127793833672e-07,0.5904539823532104,0.5836920738220215,-0.06990179419517517,0.5764433145523071,0.4758492708206177,-0.11556211858987808,0.5040084719657898,0.4961796700954437,-0.1525495946407318,0.4496844708919525,0.5368099212646484,-0.18224243819713593,0.49053215980529785,0.3802008628845215,-0.08084491640329361,0.44951948523521423,0.4101501703262329,-0.15681470930576324,0.479703813791275,0.5079677104949951,-0.1996346414089203,0.4878271818161011,0.5594567060470581,-0.22387637197971344,0.4362751245498657,0.47460997104644775,-0.07687506079673767,0.4016087055206299,0.5288611054420471,-0.15257032215595245,0.4820627272129059,0.5907652378082275,-0.16868917644023895,0.49865850806236267,0.5869780778884888,-0.1678566038608551,0.412411630153656,0.5708442330360413,-0.08308504521846771,0.40138596296310425,0.6488124132156372,-0.14817970991134644,0.4807679057121277,0.6734466552734375,-0.13079851865768433,0.49283307790756226,0.643433690071106,-0.10905792564153671,0.41079768538475037,0.6672323346138,-0.09622779488563538,0.4129285216331482,0.7300393581390381,-0.1317848563194275,0.47181984782218933,0.739183247089386,-0.1164318397641182,0.485261470079422,0.7098935842514038,-0.09951739758253098,R
0.5188307762145996,0.6837686896324158,-5.340482971405436e-07,0.47964030504226685,0.6243915557861328,-0.03268968313932419,0.4472772777080536,0.5577818155288696,-0.0622834637761116,0.41767409443855286,0.5362655520439148,-0.092531219124794,0.3981878459453583,0.5145203471183777,-0.11797983944416046,0.4614928662776947,0.3909415900707245,-0.032392214983701706,0.4204792082309723,0.41533976793289185,-0.08712424337863922,0.4366542398929596,0.505764901638031,-0.12112825363874435,0.45095187425613403,0.5554060339927673,-0.14033453166484833,0.44406256079673767,0.43095189332962036,-0.039634186774492264,0.38289332389831543,0.5020994544029236,-0.10013608634471893,0.4414028823375702,0.581203043460846,-0.11600898206233978,0.47178760170936584,0.5956524610519409,-0.11546073853969574,0.43841421604156494,0.4825059175491333,-0.053701937198638916,0.38287216424942017,0.5724778175354004,-0.10793562978506088,0.44308987259864807,0.6290572881698608,-0.09666617959737778,0.46736305952072144,0.6297535300254822,-0.07821238040924072,0.44875675439834595,0.5400509834289551,-0.07103794813156128,0.4008806049823761,0.5966123342514038,-0.1040683165192604,0.4387875199317932,0.642002522945404,-0.0912085548043251,0.46217185258865356,0.6461985111236572,-0.0743064135313034,R
0.5270038843154907,0.6624943614006042,-6.066661626391578e-07,0.4773763418197632,0.6080620884895325,-0.017791012302041054,0.430574893951416,0.5606951713562012,-0.04026104137301445,0.3927365839481354,0.5469145178794861,-0.06693213433027267,0.3724132180213928,0.5333165526390076,-0.0892365351319313,0.4492955207824707,0.38843464851379395,-0.01324656791985035,0.39909037947654724,0.4163687527179718,-0.06091177463531494,0.40792348980903625,0.4998288154602051,-0.09493567794561386,0.4347268342971802,0.5548219680786133,-0.11258719861507416,0.4428405165672302,0.4194234609603882,-0.02680787816643715,0.3658962547779083,0.5170618295669556,-0.07705970108509064,0.4128985106945038,0.5931077599525452,-0.09604687243700027,0.4630338251590729,0.6175258755683899,-0.09886527806520462,0.4457319378852844,0.4664038419723511,-0.04570481926202774,0.37094253301620483,0.577006995677948,-0.09140606224536896,0.42727842926979065,0.6311784982681274,-0.08940950781106949,0.47698676586151123,0.6432074904441833,-0.07807619869709015,0.46197089552879333,0.5207769870758057,-0.06720639765262604,0.399588942527771,0.6022992730140686,-0.09867820888757706,0.4351867735385895,0.6528225541114807,-0.09164968132972717,0.4757263958454132,0.6708400845527649,-0.0772346556186676,R
0.5073265433311462,0.6672437191009521,-5.365357651498925e-07,0.46093013882637024,0.6187118887901306,-0.01494368351995945,0.42404070496559143,0.5539018511772156,-0.030378855764865875,0.3981950581073761,0.5151754021644592,-0.05017184838652611,0.3818269670009613,0.49562326073646545,-0.06712162494659424,0.4122413098812103,0.4311152696609497,-0.0002970727509818971,0.3822411596775055,0.4436509311199188,-0.04302171245217323,0.39260295033454895,0.5102210640907288,-0.07616474479436874,0.4171668291091919,0.5606483817100525,-0.09351076185703278,0.4087125062942505,0.44654548168182373,-0.011810139752924442,0.3663276433944702,0.5317516326904297,-0.05550793930888176,0.4086957275867462,0.592064619064331,-0.07639463245868683,0.45228010416030884,0.6113485097885132,-0.08178519457578659,0.4192851185798645,0.47495901584625244,-0.02902878075838089,0.37171778082847595,0.5676506161689758,-0.07142892479896545,0.4196642339229584,0.6105726361274719,-0.07589015364646912,0.46562817692756653,0.6224698424339294,-0.06920557469129562,0.4437229335308075,0.5079594254493713,-0.04839898273348808,0.3953951895236969,0.5740424394607544,-0.07827217876911163,0.4291607439517975,0.6166805028915405,-0.0753246396780014,0.4694870710372925,0.6331542730331421,-0.06458278745412827,R
0.5140748620033264,0.6585499048233032,-4.9191644535540036e-08,0.5084190368652344,0.5443123579025269,-0.034676868468523026,0.4735618233680725,0.46094369888305664,-0.05873813480138779,0.42994585633277893,0.46155160665512085,-0.08275183290243149,0.4045078754425049,0.5015864372253418,-0.10607438534498215,0.4290420114994049,0.41031813621520996,-0.03832128643989563,0.38159793615341187,0.4368763566017151,-0.0840226486325264,0.3910052478313446,0.507028341293335,-0.11441110074520111,0.4187298119068146,0.5564916729927063,-0.1306411772966385,0.41169631481170654,0.4955270290374756,-0.04269012436270714,0.35247543454170227,0.5729859471321106,-0.08625099807977676,0.3986814618110657,0.6111229658126831,-0.09989552199840546,0.4460679590702057,0.6091824769973755,-0.1024264246225357,0.4111306369304657,0.5926608443260193,-0.05272018164396286,0.3587118685245514,0.663867712020874,-0.09926696866750717,0.4124995172023773,0.6766910552978516,-0.09634220600128174,0.46096861362457275,0.6599289774894714,-0.08485465496778488,0.42437899112701416,0.6847710609436035,-0.06540054827928543,0.38336610794067383,0.732929527759552,-0.09801781177520752,0.4238511621952057,0.7383125424385071,-0.09031209349632263,0.46393439173698425,0.7241090536117554,-0.07719547301530838,R
0.49886637926101685,0.6549088954925537,-5.936382763138681e-07,0.46896836161613464,0.6218128800392151,-0.018347520381212234,0.43748247623443604,0.5718337297439575,-0.032121703028678894,0.4038809835910797,0.5499162077903748,-0.04919765889644623,0.38886991143226624,0.5282261371612549,-0.06417062878608704,0.42323005199432373,0.45955324172973633,-0.0067271036095917225,0.3838396668434143,0.4555679261684418,-0.03911854326725006,0.3856220245361328,0.5182029008865356,-0.06546038389205933,0.40288281440734863,0.5687093734741211,-0.08035217970609665,0.4076616168022156,0.4672068953514099,-0.012659087777137756,0.3597334921360016,0.5297919511795044,-0.04857855290174484,0.3914624750614166,0.5862489938735962,-0.06681853532791138,0.4281984865665436,0.6087451577186584,-0.07221674174070358,0.40646490454673767,0.48089709877967834,-0.02346288599073887,0.354707270860672,0.5396940112113953,-0.05951157957315445,0.38584187626838684,0.5898456573486328,-0.06365004926919937,0.4198465347290039,0.6171662211418152,-0.05783095210790634,0.41911444067955017,0.4951925277709961,-0.03604058176279068,0.3733542263507843,0.5250565409660339,-0.0615750290453434,0.39271876215934753,0.5696437358856201,-0.05784296616911888,0.4213878810405731,0.6040931940078735,-0.048045817762613297,R
0.4811464250087738,0.6557990312576294,-5.568136174360916e-08,0.4947066903114319,0.567413866519928,-0.04872497171163559,0.4729442000389099,0.5026446580886841,-0.076081782579422,0.43177321553230286,0.5066790580749512,-0.09885252267122269,0.4045780301094055,0.5285826921463013,-0.11907430738210678,0.4267257750034332,0.41725605726242065,-0.046275921165943146,0.38617774844169617,0.4469626545906067,-0.09082227200269699,0.3965984880924225,0.5162384510040283,-0.12015796452760696,0.42098286747932434,0.5652008056640625,-0.1358640193939209,0.40226075053215027,0.4860195219516754,-0.041761815547943115,0.35370439291000366,0.5393075346946716,-0.08981415629386902,0.3859659731388092,0.580379068851471,-0.10845022648572922,0.42339208722114563,0.5931611061096191,-0.1125088706612587,0.39297065138816833,0.5669263601303101,-0.04402295872569084,0.35826990008354187,0.623986005783081,-0.09540537744760513,0.40383264422416687,0.6425504088401794,-0.10016614198684692,0.44619134068489075,0.6352062225341797,-0.09224032610654831,0.3995036482810974,0.6459969878196716,-0.04968983307480812,0.3823864459991455,0.6890197396278381,-0.08991778641939163,0.41913506388664246,0.698196291923523,-0.09163998067378998,0.4534887671470642,0.6890918016433716,-0.08443035185337067,R
0.48268812894821167,0.6369794607162476,-3.084447541823465e-07,0.47363993525505066,0.6169544458389282,-0.04329174384474754,0.4440884590148926,0.5966537594795227,-0.06918799132108688,0.4103003144264221,0.5884366035461426,-0.09180193394422531,0.3949909806251526,0.5632734298706055,-0.10953389108181,0.42021796107292175,0.465265154838562,-0.028993314132094383,0.3956786096096039,0.46638867259025574,-0.0673895850777626,0.4030914604663849,0.5232641100883484,-0.09339404851198196,0.418838769197464,0.5645036101341248,-0.10678264498710632,0.40300101041793823,0.46703892946243286,-0.021927542984485626,0.36116939783096313,0.4966740608215332,-0.06511851400136948,0.3751104772090912,0.5545978546142578,-0.08527913689613342,0.3979858458042145,0.584011971950531,-0.08931377530097961,0.39616674184799194,0.4805271625518799,-0.021425647661089897,0.3579905331134796,0.5257837772369385,-0.06539101153612137,0.38478633761405945,0.575215756893158,-0.07287263870239258,0.4152981638908386,0.5973742008209229,-0.06652579456567764,0.4021248519420624,0.49694937467575073,-0.02404586412012577,0.3746272921562195,0.5416234135627747,-0.05736863240599632,0.3953913450241089,0.5813685059547424,-0.060669876635074615,0.42154693603515625,0.5993865132331848,-0.053608473390340805,R
0.5408615469932556,0.7091264724731445,-2.776425560568896e-07,0.5156384706497192,0.6133435964584351,-0.04009294882416725,0.4660777151584625,0.5142953395843506,-0.05802534520626068,0.40864092111587524,0.5103349089622498,-0.0737987533211708,0.37662312388420105,0.5470420718193054,-0.08449798077344894,0.38337674736976624,0.5446797013282776,-0.01614254340529442,0.37143945693969727,0.5392854809761047,-0.05337345972657204,0.40847840905189514,0.5791975259780884,-0.07219409942626953,0.4063633382320404,0.6134600043296814,-0.08465472608804703,0.367450088262558,0.6183233857154846,-0.01647956669330597,0.3651482164859772,0.6468409299850464,-0.05822764337062836,0.442220002412796,0.653229296207428,-0.06541001796722412,0.4408910274505615,0.6451903581619263,-0.06354890018701553,0.3739299774169922,0.6835628747940063,-0.024957256391644478,0.37123340368270874,0.7135388255119324,-0.07503654807806015,0.44439995288848877,0.7053950428962708,-0.06125056743621826,0.44637545943260193,0.6939992904663086,-0.04317003861069679,0.39864692091941833,0.7436182498931885,-0.03672682121396065,0.387038916349411,0.7541831731796265,-0.06937385350465775,0.4375976026058197,0.753888726234436,-0.055241670459508896,0.4487900733947754,0.751512885093689,-0.039083100855350494,R
0.5382134318351746,0.6569930911064148,-3.114260209713393e-07,0.5053921341896057,0.6555888652801514,-0.04296329244971275,0.4463415741920471,0.6339420676231384,-0.0675550177693367,0.39164039492607117,0.6290228962898254,-0.08944565057754517,0.3869961202144623,0.6176167130470276,-0.10531888157129288,0.4018954336643219,0.6096298098564148,-0.0381481871008873,0.3636534810066223,0.636481761932373,-0.07842037826776505,0.4072224795818329,0.6588426828384399,-0.09554646909236908,0.4353376626968384,0.6551946997642517,-0.10379922389984131,0.39581796526908875,0.6080116033554077,-0.03649242967367172,0.3611266016960144,0.6600261926651001,-0.0869712084531784,0.4197741150856018,0.6725365519523621,-0.09782449901103973,0.44936326146125793,0.6600324511528015,-0.09432945400476456,0.404072105884552,0.6031585931777954,-0.04164872691035271,0.3636382818222046,0.6547648906707764,-0.09242042899131775,0.41585996747016907,0.6657364368438721,-0.08548224717378616,0.44572606682777405,0.6572538614273071,-0.06853008270263672,0.4237179756164551,0.5952197313308716,-0.05017886683344841,0.3826867341995239,0.6255385875701904,-0.0836363136768341,0.4116910696029663,0.6479103565216064,-0.07629750669002533,0.4368536174297333,0.6587647795677185,-0.06248001754283905,R
0.5588444471359253,0.7084150910377502,-9.412934787178528e-08,0.5229505300521851,0.5897176861763,-0.05109306424856186,0.4750397205352783,0.48091065883636475,-0.07980433106422424,0.41476762294769287,0.49455106258392334,-0.10532841086387634,0.3851737380027771,0.5534917116165161,-0.12549330294132233,0.38161468505859375,0.5093468427658081,-0.036997757852077484,0.36080026626586914,0.5144721269607544,-0.08332065492868423,0.3983335494995117,0.5489143133163452,-0.10905663669109344,0.3970320522785187,0.5723488330841064,-0.12589123845100403,0.3708330988883972,0.6037036776542664,-0.03484369441866875,0.36266830563545227,0.645526111125946,-0.08397931605577469,0.4424392282962799,0.6436678171157837,-0.09408555179834366,0.4371652603149414,0.6279920339584351,-0.0954703763127327,0.38239553570747375,0.6883065104484558,-0.04128602147102356,0.374483197927475,0.7258087396621704,-0.09543263167142868,0.4494137763977051,0.7086949944496155,-0.08259879797697067,0.44777852296829224,0.6926096677780151,-0.06631320714950562,0.40903955698013306,0.7660127282142639,-0.052235472947359085,0.3965335786342621,0.7799818515777588,-0.08422385901212692,0.44794654846191406,0.7680776119232178,-0.07058451324701309,0.454954594373703,0.7608950734138489,-0.056490518152713776,R
0.5482495427131653,0.6989061236381531,-1.916597547335641e-08,0.5261915326118469,0.5902666449546814,-0.05600134655833244,0.47809934616088867,0.4769339859485626,-0.0869722068309784,0.41795408725738525,0.4833897650241852,-0.11409343034029007,0.3932492733001709,0.5559651851654053,-0.13605806231498718,0.38639137148857117,0.49709153175354004,-0.03367810323834419,0.363732248544693,0.48401665687561035,-0.08514557778835297,0.38798877596855164,0.5296724438667297,-0.11386565119028091,0.39083635807037354,0.5681329965591431,-0.13087031245231628,0.36663463711738586,0.5970584750175476,-0.03062921203672886,0.3552689552307129,0.6227400302886963,-0.08263912051916122,0.43647825717926025,0.636857807636261,-0.0910426527261734,0.43525275588035583,0.6276412010192871,-0.08763271570205688,0.37247011065483093,0.6862512826919556,-0.03787270933389664,0.3720433712005615,0.7140355110168457,-0.09346561878919601,0.44529062509536743,0.7034994959831238,-0.07696083933115005,0.44543203711509705,0.6900631785392761,-0.05611389875411987,0.397548645734787,0.7698951959609985,-0.05060018599033356,0.39627736806869507,0.783811628818512,-0.0846782699227333,0.4461967647075653,0.7681362628936768,-0.07015816122293472,0.4524247348308563,0.753829836845398,-0.053579989820718765,R
0.5518736839294434,0.7005100250244141,-9.25106107274587e-08,0.5291614532470703,0.596608579158783,-0.056951332837343216,0.4790123403072357,0.48130661249160767,-0.08661000430583954,0.4166755676269531,0.4823177754878998,-0.11091627925634384,0.38572806119918823,0.5454819202423096,-0.1297954022884369,0.3829154670238495,0.5140923857688904,-0.03898520767688751,0.36704209446907043,0.5061107873916626,-0.08738484978675842,0.40046894550323486,0.5480324625968933,-0.11293588578701019,0.40071216225624084,0.5827412009239197,-0.12871798872947693,0.36505866050720215,0.6073643565177917,-0.034366268664598465,0.35831862688064575,0.633170485496521,-0.08421064168214798,0.4407128393650055,0.6431222558021545,-0.09185976535081863,0.43666860461235046,0.6351398825645447,-0.08930245041847229,0.3713218867778778,0.6907525658607483,-0.03929094597697258,0.37093353271484375,0.7186618447303772,-0.0941430851817131,0.44651010632514954,0.7078598737716675,-0.07780662178993225,0.4452950358390808,0.6953730583190918,-0.058106061071157455,0.3954620361328125,0.7701011896133423,-0.049330852925777435,0.3937528729438782,0.7835936546325684,-0.08344218134880066,0.4462071359157562,0.7710810303688049,-0.06877128779888153,0.45252352952957153,0.7609230279922485,-0.052599962800741196,R
0.5517497062683105,0.6862949132919312,-1.2957765527232823e-08,0.527825117111206,0.5748884677886963,-0.05458622798323631,0.4776255190372467,0.4610927104949951,-0.08452297747135162,0.41599223017692566,0.47158944606781006,-0.1110617071390152,0.39559677243232727,0.5477322340011597,-0.13283728063106537,0.38180726766586304,0.4994655251502991,-0.03222694247961044,0.3567303419113159,0.4754819869995117,-0.08468078821897507,0.382161408662796,0.519854724407196,-0.1134708896279335,0.3857550323009491,0.5619242787361145,-0.12951110303401947,0.3649923503398895,0.6020010709762573,-0.029818018898367882,0.3530493676662445,0.6142067909240723,-0.08067606389522552,0.43189629912376404,0.6305591464042664,-0.08879120647907257,0.42808273434638977,0.6284330487251282,-0.0852387323975563,0.3731670379638672,0.692217230796814,-0.037654947489500046,0.37014132738113403,0.708347737789154,-0.09259513020515442,0.44167906045913696,0.6985903978347778,-0.07615382224321365,0.440435528755188,0.6894019246101379,-0.0554485097527504,0.3995615243911743,0.7774182558059692,-0.050721023231744766,0.3977053761482239,0.7863507270812988,-0.08414088934659958,0.447399377822876,0.7670695185661316,-0.06906641274690628,0.4523933529853821,0.7524094581604004,-0.05205661430954933,R
0.5490872263908386,0.6961758732795715,-1.4429842565277795e-07,0.5271885991096497,0.5800279378890991,-0.060582421720027924,0.47617679834365845,0.45546358823776245,-0.08929496258497238,0.4129716157913208,0.459785133600235,-0.11112895607948303,0.38745808601379395,0.529610812664032,-0.12673905491828918,0.37866735458374023,0.5081969499588013,-0.04701307415962219,0.3655746281147003,0.5059231519699097,-0.09476754814386368,0.41035208106040955,0.5446244478225708,-0.11780626326799393,0.4035923182964325,0.5696808099746704,-0.13291339576244354,0.36485904455184937,0.6040586233139038,-0.0400407575070858,0.35758334398269653,0.6296209096908569,-0.09359831362962723,0.4361499845981598,0.6338322758674622,-0.10117039084434509,0.42663416266441345,0.62464439868927,-0.09825529903173447,0.371800035238266,0.6878841519355774,-0.04234438017010689,0.37131547927856445,0.7176289558410645,-0.1004650741815567,0.4432584047317505,0.7028244733810425,-0.08502548933029175,0.4353514015674591,0.686269998550415,-0.06551433354616165,0.3923330307006836,0.7645192742347717,-0.04983421415090561,0.3937624990940094,0.7806884050369263,-0.08586832880973816,0.4443826675415039,0.7672802209854126,-0.07359444350004196,0.44668954610824585,0.7539070844650269,-0.05922585725784302,R
0.5474576354026794,0.6886917352676392,-1.1813721556563905e-07,0.5224242806434631,0.5737782716751099,-0.04435165971517563,0.47591447830200195,0.4581907391548157,-0.06643503904342651,0.41654783487319946,0.46408361196517944,-0.08681188523769379,0.3877914249897003,0.5251001715660095,-0.10291393846273422,0.3835718035697937,0.5007830858230591,-0.022843483835458755,0.3576752245426178,0.48558270931243896,-0.07001232355833054,0.3844606280326843,0.526276707649231,-0.09613526612520218,0.38870447874069214,0.5603081583976746,-0.11140475422143936,0.36469343304634094,0.5964791774749756,-0.02300957962870598,0.357467919588089,0.6202466487884521,-0.07015925645828247,0.4321674406528473,0.6307815313339233,-0.07857959717512131,0.43193674087524414,0.6224844455718994,-0.07659238576889038,0.371364563703537,0.6828469038009644,-0.03232486918568611,0.3704415261745453,0.7067520022392273,-0.08561685681343079,0.440728098154068,0.6976832151412964,-0.07036680728197098,0.4405362606048584,0.6839479207992554,-0.05104879289865494,0.3962540626525879,0.7635718584060669,-0.045909807085990906,0.3930964767932892,0.7715837359428406,-0.07973270118236542,0.44363003969192505,0.7608101963996887,-0.06544148176908493,0.449850857257843,0.7502201199531555,-0.049040377140045166,R
0.5441796779632568,0.6907182931900024,-1.3726854319884296e-07,0.5223332643508911,0.573746919631958,-0.045721836388111115,0.4709795415401459,0.4486287236213684,-0.0662524402141571,0.4089278280735016,0.45294028520584106,-0.0832354873418808,0.385367214679718,0.5213971138000488,-0.09590916335582733,0.381897509098053,0.507543683052063,-0.024517348036170006,0.36521002650260925,0.4973520040512085,-0.0634162425994873,0.39942869544029236,0.5338491201400757,-0.08509927242994308,0.3946453928947449,0.56362384557724,-0.10075221210718155,0.3654804825782776,0.6005196571350098,-0.023894716054201126,0.35846269130706787,0.6254177689552307,-0.06842958182096481,0.4366414248943329,0.627948522567749,-0.0779278352856636,0.4330311417579651,0.6211774349212646,-0.07789073139429092,0.3725125193595886,0.6829242706298828,-0.03130314126610756,0.3693602681159973,0.7111046314239502,-0.08362547308206558,0.4437877833843231,0.695023775100708,-0.07081504166126251,0.44184809923171997,0.6819732189178467,-0.05388159304857254,0.39630070328712463,0.759056806564331,-0.04253761097788811,0.3914303481578827,0.7722555994987488,-0.07644897699356079,0.4446587562561035,0.7584163546562195,-0.06328261643648148,0.45123276114463806,0.7479355335235596,-0.048569731414318085,R
0.5469428300857544,0.6825626492500305,-3.282989169406392e-08,0.5226322412490845,0.566128134727478,-0.04482223838567734,0.47427746653556824,0.4470750689506531,-0.06758296489715576,0.4140637218952179,0.4579150676727295,-0.08810970932245255,0.3907380700111389,0.5282126069068909,-0.10494300723075867,0.3796963095664978,0.5011174082756042,-0.023915959522128105,0.3549928665161133,0.48222023248672485,-0.0683288425207138,0.37511518597602844,0.5149810910224915,-0.0932549387216568,0.37391483783721924,0.5458810329437256,-0.10871022194623947,0.3617054522037506,0.5969946384429932,-0.024096960201859474,0.35621377825737,0.6196475028991699,-0.06863651424646378,0.43247368931770325,0.6241002082824707,-0.0761551633477211,0.4297060966491699,0.6153993010520935,-0.07421421259641647,0.3697870671749115,0.6831328868865967,-0.03300009295344353,0.3714691698551178,0.706982433795929,-0.08443066477775574,0.4424249529838562,0.693010687828064,-0.06908798962831497,0.43897897005081177,0.67975914478302,-0.05053193122148514,0.3956865072250366,0.763971745967865,-0.04612836241722107,0.39396268129348755,0.7750748991966248,-0.07906192541122437,0.4459642767906189,0.7590456604957581,-0.0643167793750763,0.4512510895729065,0.7466874122619629,-0.04812655597925186,R
0.5569590926170349,0.6878619194030762,-5.9233350668819185e-08,0.5353512763977051,0.5677676200866699,-0.07051990181207657,0.489045113325119,0.44510263204574585,-0.10966276377439499,0.42623665928840637,0.4591157138347626,-0.1405181586742401,0.4017026722431183,0.542730987071991,-0.16517207026481628,0.3820599913597107,0.48098960518836975,-0.061393722891807556,0.36990630626678467,0.4795094132423401,-0.11910627037286758,0.408307284116745,0.5178094506263733,-0.14824169874191284,0.405058890581131,0.5483763813972473,-0.16538852453231812,0.36436277627944946,0.5875331163406372,-0.051741473376750946,0.3623812198638916,0.6152453422546387,-0.11000988632440567,0.4436302185058594,0.6178666353225708,-0.11735435575246811,0.43127182126045227,0.6096972227096558,-0.1140597015619278,0.3706376552581787,0.681307852268219,-0.052643921226263046,0.37666359543800354,0.7124577760696411,-0.11289631575345993,0.44843724370002747,0.6941231489181519,-0.09570391476154327,0.43740853667259216,0.6774289608001709,-0.07554004341363907,0.39140522480010986,0.7692662477493286,-0.05978480353951454,0.39878642559051514,0.7899381518363953,-0.09557121992111206,0.4497056007385254,0.7670769691467285,-0.08257626742124557,0.44797438383102417,0.7475613355636597,-0.06820173561573029,R
0.5669162273406982,0.6798372864723206,-4.5419220384701475e-08,0.5495160222053528,0.5554019808769226,-0.08041790127754211,0.5099250078201294,0.437691867351532,-0.12878400087356567,0.4485018253326416,0.4878416657447815,-0.16472460329532623,0.4201342463493347,0.5950542688369751,-0.19186504185199738,0.38803333044052124,0.4544687271118164,-0.0903182178735733,0.39051663875579834,0.48889991641044617,-0.15565000474452972,0.4423130750656128,0.5244202017784119,-0.18454068899154663,0.4270946681499481,0.5328583717346191,-0.20209908485412598,0.3682784140110016,0.5636131167411804,-0.07910355925559998,0.36993640661239624,0.6042235493659973,-0.14894166588783264,0.4574120044708252,0.6087133884429932,-0.15517286956310272,0.4416598677635193,0.5910125970840454,-0.14984212815761566,0.37010714411735535,0.663871169090271,-0.07745486497879028,0.3807316720485687,0.7109413743019104,-0.14388693869113922,0.45685121417045593,0.6981314420700073,-0.12138766050338745,0.43931615352630615,0.6718100905418396,-0.09742383658885956,0.3842407166957855,0.7605640888214111,-0.08260661363601685,0.4032144844532013,0.795109748840332,-0.12044495344161987,0.45725566148757935,0.772883951663971,-0.10477730631828308,0.4506494700908661,0.7447423338890076,-0.08858052641153336,R
0.5631744861602783,0.6802974343299866,-1.4992131980307022e-07,0.5664341449737549,0.5634298920631409,-0.08783651143312454,0.536209225654602,0.4509243071079254,-0.1390959471464157,0.47396692633628845,0.503189206123352,-0.1753501296043396,0.42927390336990356,0.6087132692337036,-0.2022678256034851,0.42368054389953613,0.4312036633491516,-0.10902563482522964,0.4486728608608246,0.4792349338531494,-0.18564613163471222,0.49040040373802185,0.5367926955223083,-0.22072456777095795,0.46480482816696167,0.5587804317474365,-0.2419281303882599,0.38489365577697754,0.5342897772789001,-0.0977276936173439,0.39278438687324524,0.5868396759033203,-0.1759665310382843,0.46859586238861084,0.6035160422325134,-0.18427856266498566,0.45943018794059753,0.5811330080032349,-0.18022066354751587,0.36987340450286865,0.6339339017868042,-0.09653224796056747,0.3894544839859009,0.7022467255592346,-0.1704876571893692,0.46692442893981934,0.7022179961204529,-0.14806798100471497,0.4568765461444855,0.6677733659744263,-0.12325286120176315,0.36942100524902344,0.7310763001441956,-0.10300850868225098,0.4049853980541229,0.7869303822517395,-0.1478005349636078,0.4629647135734558,0.7739144563674927,-0.13465933501720428,0.45722267031669617,0.7372423410415649,-0.11938174068927765,R
0.5584392547607422,0.694202184677124,-1.2337825694430649e-07,0.5761693716049194,0.5942540168762207,-0.10240917652845383,0.5553988814353943,0.5024354457855225,-0.16946101188659668,0.48583337664604187,0.5402201414108276,-0.2178320437669754,0.4256024956703186,0.6008182168006897,-0.2556282579898834,0.4821668863296509,0.4010332226753235,-0.1523294895887375,0.4836269021034241,0.46020328998565674,-0.2508735656738281,0.5023326873779297,0.5603289008140564,-0.2932925522327423,0.49446308612823486,0.6025054454803467,-0.3157673180103302,0.4218890964984894,0.49171096086502075,-0.13904474675655365,0.40342822670936584,0.5054289102554321,-0.24003048241138458,0.4490925669670105,0.574668288230896,-0.2493026852607727,0.4558985233306885,0.5818091630935669,-0.2389017641544342,0.38564014434814453,0.5885539054870605,-0.13687963783740997,0.4046398997306824,0.6742677092552185,-0.22520922124385834,0.47150614857673645,0.7027180790901184,-0.2018868774175644,0.4769269824028015,0.6648839116096497,-0.17239266633987427,0.368032842874527,0.6863370537757874,-0.1437305212020874,0.41248819231987,0.7712630033493042,-0.19928261637687683,0.46763157844543457,0.777959942817688,-0.19057177007198334,0.46588417887687683,0.732572615146637,-0.17644159495830536,R
0.5465689897537231,0.7137329578399658,-6.135142882612854e-08,0.5758575201034546,0.637872576713562,-0.10616077482700348,0.57185959815979,0.5439146757125854,-0.17424285411834717,0.5119333863258362,0.5375131964683533,-0.22512230277061462,0.4524100720882416,0.5492610931396484,-0.26634177565574646,0.5141216516494751,0.3994619846343994,-0.13656091690063477,0.48076680302619934,0.4459429383277893,-0.22411926090717316,0.4880238175392151,0.5458775758743286,-0.2608010172843933,0.48641109466552734,0.5782503485679626,-0.28155043721199036,0.44936707615852356,0.47716057300567627,-0.12092933803796768,0.41433435678482056,0.5065233707427979,-0.218545064330101,0.47396138310432434,0.5997679829597473,-0.22742678225040436,0.4856567978858948,0.5990480184555054,-0.21632948517799377,0.41085320711135864,0.5674868822097778,-0.11760421097278595,0.39838463068008423,0.6453706622123718,-0.20137934386730194,0.4664074778556824,0.6982876658439636,-0.17527452111244202,0.47879350185394287,0.6701924800872803,-0.14502403140068054,0.39071357250213623,0.6625196933746338,-0.12374844402074814,0.3984619081020355,0.7430580258369446,-0.17842239141464233,0.451200008392334,0.7650409936904907,-0.16804227232933044,0.4617295563220978,0.7233866453170776,-0.15266501903533936,R
0.514747142791748,0.7000522017478943,-2.932888207851647e-07,0.5590496063232422,0.6098467111587524,-0.07215798646211624,0.5595798492431641,0.5009418725967407,-0.11890595406293869,0.4991183578968048,0.5002065896987915,-0.15591049194335938,0.44401201605796814,0.510233461856842,-0.1864766627550125,0.5048805475234985,0.39307957887649536,-0.09577460587024689,0.48002874851226807,0.4196077585220337,-0.17968352138996124,0.49103763699531555,0.5329302549362183,-0.22342367470264435,0.49707141518592834,0.5993447303771973,-0.24782446026802063,0.4447529911994934,0.45960912108421326,-0.09633863717317581,0.40935248136520386,0.5088075399398804,-0.18813015520572662,0.46861982345581055,0.6106560230255127,-0.20682106912136078,0.5011024475097656,0.6450343728065491,-0.2040584683418274,0.41187626123428345,0.5517414808273315,-0.10764484107494354,0.39486366510391235,0.6375734806060791,-0.18486416339874268,0.4649970233440399,0.6928673982620239,-0.16473770141601562,0.4933844804763794,0.6870524883270264,-0.1388380080461502,0.4011240005493164,0.6501153707504272,-0.1261131912469864,0.4073552191257477,0.7378948926925659,-0.1771867722272873,0.45882460474967957,0.7620000243186951,-0.16723327338695526,0.47616735100746155,0.7303902506828308,-0.15217240154743195,R
0.4850236773490906,0.6935598850250244,-3.9934442952471727e-07,0.5126402378082275,0.608973503112793,-0.04833080992102623,0.507973849773407,0.5134612321853638,-0.08251998573541641,0.49127835035324097,0.48993536829948425,-0.11418154835700989,0.47569555044174194,0.47608423233032227,-0.14010117948055267,0.4653504490852356,0.39778608083724976,-0.05306311324238777,0.4340834617614746,0.4283834993839264,-0.13075906038284302,0.46270570158958435,0.5383479595184326,-0.1761416792869568,0.4843814969062805,0.6012232899665833,-0.19869180023670197,0.44078847765922546,0.44488903880119324,-0.06025368347764015,0.40173086524009705,0.5096173286437988,-0.14038994908332825,0.45923250913619995,0.6171567440032959,-0.1607511341571808,0.4909011423587799,0.6475170850753784,-0.15915820002555847,0.42962411046028137,0.5196860432624817,-0.0780755802989006,0.40074196457862854,0.6232969164848328,-0.14936432242393494,0.4592561721801758,0.6913724541664124,-0.13702131807804108,0.4861246645450592,0.6910691857337952,-0.11442982405424118,0.4345725178718567,0.6028963923454285,-0.10079266875982285,0.4153013229370117,0.7060613632202148,-0.14407791197299957,0.4537782371044159,0.7483810186386108,-0.13369446992874146,0.47224509716033936,0.7343581318855286,-0.11722931265830994,R
0.44843006134033203,0.5647857785224915,-1.3323997904990392e-07,0.5166699290275574,0.516645610332489,-0.04323643818497658,0.5604132413864136,0.4862214922904968,-0.08411400020122528,0.5517752766609192,0.5332502722740173,-0.12249673902988434,0.5325300693511963,0.580731213092804,-0.16110797226428986,0.4910692870616913,0.42403632402420044,-0.0915549024939537,0.49270281195640564,0.47084754705429077,-0.15972357988357544,0.5083727836608887,0.5605654716491699,-0.20389911532402039,0.508475124835968,0.6104323267936707,-0.23018866777420044,0.44020316004753113,0.49257704615592957,-0.10417233407497406,0.4397523105144501,0.5755496025085449,-0.16992291808128357,0.47689637541770935,0.6488587856292725,-0.19057144224643707,0.48724669218063354,0.6582848429679871,-0.19925853610038757,0.40795859694480896,0.5714640021324158,-0.12132953852415085,0.41243186593055725,0.6635769009590149,-0.18076269328594208,0.4629358947277069,0.7073012590408325,-0.1713559925556183,0.4832670986652374,0.69561767578125,-0.1588452160358429,0.3921770453453064,0.6475721597671509,-0.1423940807580948,0.40785712003707886,0.7387639880180359,-0.1779770702123642,0.44791895151138306,0.7696795463562012,-0.16236412525177002,0.46696600317955017,0.7531386613845825,-0.14789290726184845,R
0.4824059307575226,0.44120484590530396,1.8493626896542992e-07,0.5593005418777466,0.46956759691238403,-0.04138634353876114,0.600765585899353,0.5509156584739685,-0.09458079189062119,0.5848409533500671,0.6506743431091309,-0.14580298960208893,0.5435395240783691,0.7165186405181885,-0.2005540132522583,0.51669842004776,0.4644436240196228,-0.12335572391748428,0.53434818983078,0.5338532328605652,-0.19700723886489868,0.5438124537467957,0.6131178140640259,-0.24758723378181458,0.5328578352928162,0.6558019518852234,-0.27835240960121155,0.45721039175987244,0.518919825553894,-0.13611340522766113,0.4637637138366699,0.5929481387138367,-0.1915602684020996,0.5022463202476501,0.648463249206543,-0.20837479829788208,0.5171034336090088,0.6618940830230713,-0.22253204882144928,0.4149125814437866,0.5776777267456055,-0.1496831774711609,0.4340311586856842,0.6730703115463257,-0.1964096873998642,0.47935354709625244,0.7096191644668579,-0.18189409375190735,0.4972354769706726,0.7045560479164124,-0.17188525199890137,0.3920649588108063,0.6364724040031433,-0.16733956336975098,0.41611677408218384,0.7282800674438477,-0.19517064094543457,0.4563935697078705,0.7586675882339478,-0.17523431777954102,0.47517460584640503,0.7573273777961731,-0.16136349737644196,R
0.5149440169334412,0.4050886929035187,-3.6007918424729723e-07,0.5843939781188965,0.43705639243125916,-0.0450572744011879,0.6129921078681946,0.522663950920105,-0.08050695806741714,0.610149621963501,0.6113069653511047,-0.10173455625772476,0.5785987377166748,0.6711177825927734,-0.11851511150598526,0.5476996898651123,0.4799264669418335,-0.1468709409236908,0.5676380395889282,0.5935329794883728,-0.17908428609371185,0.5818104147911072,0.6263742446899414,-0.1701427847146988,0.5877274870872498,0.6231516599655151,-0.15744177997112274,0.47833243012428284,0.4973681569099426,-0.1346660703420639,0.4872877597808838,0.6470792889595032,-0.1689249724149704,0.5192990899085999,0.6896494030952454,-0.15475502610206604,0.5413139462471008,0.6830743551254272,-0.13999292254447937,0.43262410163879395,0.5241296291351318,-0.11917926371097565,0.44820284843444824,0.6717720627784729,-0.15203893184661865,0.48136451840400696,0.7135636210441589,-0.14010725915431976,0.5024996399879456,0.7159205079078674,-0.1254919320344925,0.40899524092674255,0.5521693229675293,-0.10372017323970795,0.41577857732772827,0.6791424751281738,-0.12951242923736572,0.4428076148033142,0.7309229969978333,-0.12601448595523834,0.46755608916282654,0.7494006752967834,-0.118499256670475,R
0.5249859094619751,0.5305051207542419,-1.9009058860319783e-07,0.5974661707878113,0.5368741154670715,-0.04651981592178345,0.6426942348480225,0.5670621991157532,-0.08998192846775055,0.6464900374412537,0.6100863218307495,-0.12038939446210861,0.6247292757034302,0.650252640247345,-0.14869464933872223,0.6024909019470215,0.4137193560600281,-0.17113624513149261,0.5891878604888916,0.5598784685134888,-0.22673092782497406,0.6035834550857544,0.644811749458313,-0.2393716275691986,0.6166855096817017,0.6758700013160706,-0.24000705778598785,0.5351564288139343,0.41505128145217896,-0.165900319814682,0.5117509365081787,0.6254360675811768,-0.23165445029735565,0.5432984828948975,0.6990423798561096,-0.23062442243099213,0.5665842294692993,0.708136796951294,-0.2207830250263214,0.4784535765647888,0.45283758640289307,-0.15708982944488525,0.46640121936798096,0.6527441740036011,-0.20986324548721313,0.5008790493011475,0.7236793637275696,-0.19673968851566315,0.5265659093856812,0.7411489486694336,-0.1769733428955078,0.4396873116493225,0.5064924955368042,-0.14929483830928802,0.4309765696525574,0.6550654172897339,-0.18345169723033905,0.4517292082309723,0.7260057330131531,-0.17794665694236755,0.474595308303833,0.7518901824951172,-0.16927601397037506,R
0.5614562630653381,0.6121166348457336,-2.519632005260064e-07,0.6177782416343689,0.6097500324249268,-0.04692789167165756,0.6595353484153748,0.6202149987220764,-0.08785286545753479,0.6635261178016663,0.6491820216178894,-0.12581539154052734,0.6288331151008606,0.6736214756965637,-0.16558688879013062,0.6495811343193054,0.4364660680294037,-0.0861940085887909,0.6256773471832275,0.5824704170227051,-0.15435488522052765,0.6131338477134705,0.6465859413146973,-0.19870764017105103,0.6121646761894226,0.6646460294723511,-0.22336748242378235,0.5721054077148438,0.4246329963207245,-0.09025314450263977,0.5483639240264893,0.5942209362983704,-0.14960753917694092,0.5519284605979919,0.6786911487579346,-0.16591379046440125,0.5594761967658997,0.7185444831848145,-0.17060554027557373,0.5046144723892212,0.45714354515075684,-0.09877625107765198,0.4900379478931427,0.6223335266113281,-0.1572687327861786,0.5067021250724792,0.7109242081642151,-0.15415701270103455,0.5244646072387695,0.7520211935043335,-0.1407400369644165,0.45583587884902954,0.511124312877655,-0.11184824258089066,0.44602057337760925,0.6404194831848145,-0.1542198807001114,0.4636680781841278,0.7157071828842163,-0.15162229537963867,0.48549824953079224,0.7516943216323853,-0.13982731103897095,R
0.5711224675178528,0.6317481994628906,-2.7233329547016183e-07,0.6296881437301636,0.625729501247406,-0.05355603247880936,0.6765540242195129,0.6321742534637451,-0.09551111608743668,0.6746000647544861,0.6654480695724487,-0.13236641883850098,0.6384424567222595,0.6934171915054321,-0.16882529854774475,0.6656119227409363,0.44043421745300293,-0.09243015199899673,0.6455340385437012,0.6059116125106812,-0.16053014993667603,0.6325362920761108,0.676312267780304,-0.20039796829223633,0.6302313208580017,0.678558886051178,-0.2229602336883545,0.5845534205436707,0.42941558361053467,-0.09395813196897507,0.563776433467865,0.6304936408996582,-0.15608081221580505,0.571813702583313,0.715141236782074,-0.16784246265888214,0.5780743956565857,0.7318115830421448,-0.16853298246860504,0.5160422325134277,0.4654052257537842,-0.10082439333200455,0.503459632396698,0.6563397645950317,-0.16251404583454132,0.5241297483444214,0.7422516345977783,-0.15364474058151245,0.5396977663040161,0.7640085220336914,-0.13558074831962585,0.46490657329559326,0.5217926502227783,-0.1128835380077362,0.45834124088287354,0.667522668838501,-0.16099661588668823,0.47973108291625977,0.7420297861099243,-0.15809062123298645,0.5020760297775269,0.7658896446228027,-0.14426743984222412,R
0.5628954768180847,0.6181796789169312,-1.294297078402451e-07,0.6276482939720154,0.6178398132324219,-0.05618348345160484,0.670886754989624,0.6321539878845215,-0.10050641000270844,0.6658098101615906,0.6779109835624695,-0.13793723285198212,0.6283814907073975,0.7095674872398376,-0.17607660591602325,0.6648306250572205,0.44712331891059875,-0.10838583111763,0.6424040198326111,0.6226840019226074,-0.174147367477417,0.6284171342849731,0.6785876750946045,-0.21258068084716797,0.6251822113990784,0.6714578866958618,-0.23565945029258728,0.5824557542800903,0.43397045135498047,-0.10750546306371689,0.561771035194397,0.6492520570755005,-0.1674869805574417,0.5664697289466858,0.7176578044891357,-0.17966967821121216,0.5701260566711426,0.7248384952545166,-0.18333368003368378,0.5121276378631592,0.467380553483963,-0.11064412444829941,0.5019140839576721,0.6674320101737976,-0.1678859144449234,0.523338258266449,0.7391678690910339,-0.16129010915756226,0.5421941876411438,0.7512875199317932,-0.14766153693199158,0.4615787863731384,0.5214616060256958,-0.11933571100234985,0.45956653356552124,0.6796891093254089,-0.16526898741722107,0.4817107021808624,0.7508548498153687,-0.16466470062732697,0.5064457654953003,0.7722508907318115,-0.15433591604232788,R
0.5661172270774841,0.602028489112854,2.790187920709286e-07,0.6284665465354919,0.617222011089325,-0.06288173794746399,0.6674556136131287,0.6486378312110901,-0.11438649147748947,0.6488677859306335,0.7148830890655518,-0.1594959795475006,0.5970853567123413,0.7660893201828003,-0.20490416884422302,0.6446160078048706,0.4372378885746002,-0.1130870133638382,0.6301848888397217,0.6064281463623047,-0.17799672484397888,0.6342385411262512,0.6541087627410889,-0.21756134927272797,0.643999457359314,0.6378231048583984,-0.24261726438999176,0.5605834126472473,0.43792444467544556,-0.11375315487384796,0.5503298044204712,0.654900848865509,-0.1739290952682495,0.5665127635002136,0.7183530330657959,-0.19009415805339813,0.5744726061820984,0.7022533416748047,-0.19748248159885406,0.49223899841308594,0.48387446999549866,-0.1184970960021019,0.4963744878768921,0.6890242695808411,-0.17759813368320465,0.5339710116386414,0.7473435401916504,-0.17237983644008636,0.559029221534729,0.7321558594703674,-0.16016621887683868,0.4443989396095276,0.5464784502983093,-0.1294134259223938,0.459065318107605,0.7028922438621521,-0.1723640114068985,0.49354875087738037,0.7708753347396851,-0.1662268340587616,0.5227064490318298,0.7859537601470947,-0.15329167246818542,R
0.5583598017692566,0.6407824158668518,1.3886601379908825e-07,0.6221985220909119,0.6409375667572021,-0.060697052627801895,0.6654709577560425,0.6460176110267639,-0.10977254807949066,0.6336362361907959,0.6957895755767822,-0.1516122817993164,0.5796347856521606,0.740267276763916,-0.1927747130393982,0.6199456453323364,0.43097954988479614,-0.10639924556016922,0.6159186959266663,0.5520539283752441,-0.17399607598781586,0.6196660995483398,0.5993401408195496,-0.21616551280021667,0.620969831943512,0.5898312330245972,-0.24308887124061584,0.5392326712608337,0.4403945803642273,-0.10718552023172379,0.5328350067138672,0.6243362426757812,-0.16984525322914124,0.5593330264091492,0.7064313888549805,-0.18814942240715027,0.5732556581497192,0.7048841118812561,-0.19635505974292755,0.4767088294029236,0.49381840229034424,-0.11249996721744537,0.49004316329956055,0.6877075433731079,-0.17074067890644073,0.5316858291625977,0.757362961769104,-0.1649101823568344,0.5530792474746704,0.7511669993400574,-0.15384744107723236,0.43409648537635803,0.5632486343383789,-0.12387658655643463,0.45344778895378113,0.7155617475509644,-0.1678948551416397,0.49574917554855347,0.7815524935722351,-0.1634521484375,0.5240338444709778,0.7881907224655151,-0.1523904949426651,R
0.5533459186553955,0.6526126861572266,1.6013099468636938e-07,0.6159785389900208,0.6165645122528076,-0.05813710391521454,0.6467785239219666,0.600869357585907,-0.10641612857580185,0.6090819239616394,0.6618297696113586,-0.1476939171552658,0.5636845827102661,0.7381500005722046,-0.18869167566299438,0.5871099233627319,0.41002872586250305,-0.1064312607049942,0.5854030251502991,0.5380879044532776,-0.17165632545948029,0.5900434255599976,0.5951284170150757,-0.21005892753601074,0.587067723274231,0.5979952216148376,-0.23376421630382538,0.5123202800750732,0.4481566250324249,-0.10819854587316513,0.5146925449371338,0.6319339871406555,-0.16854164004325867,0.546872615814209,0.7121358513832092,-0.18273495137691498,0.5611672401428223,0.7224549055099487,-0.18778099119663239,0.45748773217201233,0.5221521258354187,-0.11431573331356049,0.47574329376220703,0.7073882818222046,-0.168059304356575,0.5184865593910217,0.768427312374115,-0.15851831436157227,0.5386843681335449,0.7661042809486389,-0.14515367150306702,0.42354506254196167,0.6077556014060974,-0.12653584778308868,0.4485042095184326,0.749699056148529,-0.16387949883937836,0.4918758273124695,0.8013331890106201,-0.15532884001731873,0.5182848572731018,0.800835132598877,-0.14223439991474152,R
0.5394366383552551,0.6887331604957581,-1.628275470011431e-07,0.6037037968635559,0.658013641834259,-0.05822327360510826,0.6376053094863892,0.6438711881637573,-0.10412967205047607,0.6110929846763611,0.6793298125267029,-0.14385518431663513,0.5711409449577332,0.7287206649780273,-0.18485337495803833,0.5694804191589355,0.4510971009731293,-0.0985763669013977,0.5622782111167908,0.5531404614448547,-0.15965183079242706,0.5625324249267578,0.6055106520652771,-0.19786986708641052,0.5600358843803406,0.6201382279396057,-0.22016631066799164,0.5030092597007751,0.4783881902694702,-0.09603646397590637,0.497842401266098,0.6230149269104004,-0.15700213611125946,0.5122366547584534,0.7113606929779053,-0.177339106798172,0.5191689729690552,0.7589112520217896,-0.18380658328533173,0.45407161116600037,0.5398051738739014,-0.09718184918165207,0.45821988582611084,0.684135913848877,-0.15270385146141052,0.4887087941169739,0.7596107721328735,-0.1535002887248993,0.5069953203201294,0.8005934953689575,-0.14387357234954834,0.42683145403862,0.6133670806884766,-0.10322672128677368,0.4349468946456909,0.7266378402709961,-0.14304396510124207,0.46368351578712463,0.784748375415802,-0.1417742222547531,0.48435473442077637,0.80943763256073,-0.13146334886550903,R
0.5136293768882751,0.7057385444641113,-2.3446077079825045e-07,0.5686006546020508,0.6827639937400818,-0.055377330631017685,0.5926868915557861,0.6732001304626465,-0.09915585070848465,0.5790795087814331,0.7089992761611938,-0.13706821203231812,0.5513149499893188,0.7586454749107361,-0.17732030153274536,0.5419057011604309,0.5034469962120056,-0.09669946879148483,0.5374736785888672,0.5872529745101929,-0.1558147370815277,0.5323670506477356,0.6328219175338745,-0.19532142579555511,0.5277664661407471,0.6654199957847595,-0.21725404262542725,0.48570892214775085,0.5245884656906128,-0.09274803847074509,0.47838032245635986,0.6587051153182983,-0.1505305916070938,0.47599518299102783,0.7471997737884521,-0.1732580065727234,0.4722309112548828,0.8156813979148865,-0.18138441443443298,0.44267210364341736,0.578352153301239,-0.09177110344171524,0.4442119300365448,0.7107251882553101,-0.14262883365154266,0.4570699632167816,0.7814780473709106,-0.14632557332515717,0.4646945893764496,0.8334248065948486,-0.13853026926517487,0.41885659098625183,0.6449843645095825,-0.09548519551753998,0.42006468772888184,0.7440783381462097,-0.1307840347290039,0.43560341000556946,0.7990584373474121,-0.1283043920993805,0.4472541809082031,0.834906280040741,-0.11728518456220627,R
0.49515315890312195,0.7276062965393066,-4.640701263269875e-07,0.5457225441932678,0.7107653021812439,-0.05771752446889877,0.5780976414680481,0.6885126829147339,-0.09744274616241455,0.5786226987838745,0.6895965337753296,-0.1281554251909256,0.5663013458251953,0.7038090229034424,-0.15932288765907288,0.5328181385993958,0.5508068799972534,-0.10306883603334427,0.5160651206970215,0.6554102301597595,-0.16143670678138733,0.5074976682662964,0.7157618999481201,-0.19746173918247223,0.5012469291687012,0.7600674033164978,-0.21609888970851898,0.48141345381736755,0.5660970211029053,-0.09443079680204391,0.46072083711624146,0.7060505747795105,-0.15073834359645844,0.4539642930030823,0.7935045957565308,-0.16930612921714783,0.4455219805240631,0.8527664542198181,-0.1749415248632431,0.44299861788749695,0.6099814772605896,-0.08862479031085968,0.42972511053085327,0.7468916177749634,-0.13975581526756287,0.43682295083999634,0.8171775341033936,-0.13928548991680145,0.440737783908844,0.8606147766113281,-0.12895599007606506,0.42017948627471924,0.6674739718437195,-0.08727588504552841,0.4127236008644104,0.7663375735282898,-0.12391729652881622,0.42139923572540283,0.8212774991989136,-0.12089551240205765,0.4278203845024109,0.8512516617774963,-0.10953860729932785,R
0.48625802993774414,0.7122640013694763,-3.647421067398682e-07,0.529024600982666,0.6936476826667786,-0.042441755533218384,0.5611001253128052,0.6825735569000244,-0.07196007668972015,0.5691527128219604,0.6981134414672852,-0.09404997527599335,0.5560064315795898,0.7249467968940735,-0.11617698520421982,0.5105586051940918,0.5863631963729858,-0.08583242446184158,0.49862420558929443,0.6989197134971619,-0.1289246827363968,0.5024278163909912,0.7474929094314575,-0.1530144363641739,0.5044798851013184,0.7591481804847717,-0.16704615950584412,0.4649967849254608,0.6097946763038635,-0.081372931599617,0.4540923237800598,0.7473470568656921,-0.12532241642475128,0.45729026198387146,0.820946991443634,-0.13547903299331665,0.4534170925617218,0.8508896231651306,-0.13876987993717194,0.4310609996318817,0.6500846743583679,-0.07803782820701599,0.425872802734375,0.7830625772476196,-0.11946693062782288,0.43495070934295654,0.8455711603164673,-0.11535931378602982,0.43908214569091797,0.8684719204902649,-0.10609729588031769,0.4119054079055786,0.6958796977996826,-0.0778486505150795,0.4074276089668274,0.7962819933891296,-0.10799717903137207,0.41679930686950684,0.845215380191803,-0.10428740829229355,0.4245728850364685,0.8611579537391663,-0.09555518627166748,R
0.4873659312725067,0.7801908850669861,-3.9740928059472935e-07,0.5417914390563965,0.7681680917739868,-0.06260596215724945,0.5674967765808105,0.760673463344574,-0.10409235209226608,0.5535842180252075,0.7782506942749023,-0.13509432971477509,0.5250326991081238,0.8066903352737427,-0.16562233865261078,0.5013858675956726,0.6301441788673401,-0.10738164186477661,0.4722384810447693,0.7545483112335205,-0.16430816054344177,0.4673158526420593,0.8200638294219971,-0.1977071762084961,0.4705180823802948,0.8575997352600098,-0.2150404155254364,0.45197319984436035,0.6461981534957886,-0.09643920511007309,0.42815834283828735,0.7910556197166443,-0.1504722684621811,0.4364609718322754,0.8730920553207397,-0.16540281474590302,0.44249746203422546,0.9233924150466919,-0.1695006787776947,0.41776806116104126,0.6871477961540222,-0.08885136991739273,0.406978577375412,0.8272298574447632,-0.13768187165260315,0.4315134286880493,0.8898627161979675,-0.1357508897781372,0.44912996888160706,0.9215038418769836,-0.12583482265472412,0.4014304280281067,0.7393311262130737,-0.0861927792429924,0.395914226770401,0.8388922214508057,-0.12178541719913483,0.4153560698032379,0.8874357342720032,-0.11943931877613068,0.43191298842430115,0.9098128080368042,-0.10966280847787857,R
0.4894743859767914,0.8265881538391113,-1.8577628679850022e-07,0.5364283323287964,0.8059070110321045,-0.05726024881005287,0.5423579812049866,0.8054249882698059,-0.10099257528781891,0.4971398115158081,0.848879873752594,-0.1368510127067566,0.45589733123779297,0.892340898513794,-0.17306002974510193,0.49593567848205566,0.6391282081604004,-0.09706129133701324,0.4819889962673187,0.716805636882782,-0.1495330035686493,0.47857925295829773,0.7709712386131287,-0.17974713444709778,0.48165327310562134,0.8040512800216675,-0.19702932238578796,0.44639772176742554,0.6614058017730713,-0.09096618741750717,0.42836207151412964,0.7786866426467896,-0.1474754959344864,0.44899433851242065,0.8707089424133301,-0.1634642481803894,0.4681876599788666,0.9279841184616089,-0.16618512570858002,0.41188567876815796,0.7163482308387756,-0.0879817008972168,0.40504780411720276,0.8369163274765015,-0.14010868966579437,0.43664348125457764,0.9049239754676819,-0.1380942314863205,0.4603503346443176,0.9441723227500916,-0.12660372257232666,0.3933444321155548,0.7797986268997192,-0.08911865949630737,0.39244720339775085,0.8701980113983154,-0.12809710204601288,0.41674908995628357,0.9156526327133179,-0.1258711814880371,0.43634068965911865,0.9371368885040283,-0.11509907245635986,R
0.4933320879936218,0.7872946262359619,-2.917507799793384e-07,0.5294333696365356,0.791489839553833,-0.06479086726903915,0.5290356278419495,0.8118948340415955,-0.11385677754878998,0.4840643107891083,0.8478967547416687,-0.15126194059848785,0.44197049736976624,0.8750276565551758,-0.18796434998512268,0.506179928779602,0.6688117384910583,-0.12287964671850204,0.47948402166366577,0.7646821737289429,-0.1824176013469696,0.468268483877182,0.8324164748191833,-0.21712367236614227,0.46490544080734253,0.8751313090324402,-0.23682484030723572,0.46102243661880493,0.6687446236610413,-0.1131395623087883,0.4317098557949066,0.7775214314460754,-0.17142833769321442,0.43423452973365784,0.8715640902519226,-0.18647201359272003,0.4432779550552368,0.9343537092208862,-0.19055023789405823,0.42455771565437317,0.7016928195953369,-0.10621728748083115,0.4029936194419861,0.817946195602417,-0.15899042785167694,0.4197167754173279,0.8916845321655273,-0.15463215112686157,0.4373379051685333,0.935788094997406,-0.14373381435871124,0.3999864459037781,0.7496912479400635,-0.10355609655380249,0.38329729437828064,0.8489863276481628,-0.14468435943126678,0.4006924033164978,0.8972143530845642,-0.1425579935312271,0.4197593033313751,0.9183628559112549,-0.13316786289215088,R
0.47986531257629395,0.8081362247467041,-2.2112941167051758e-07,0.5146259069442749,0.7910299897193909,-0.05624886602163315,0.5257777571678162,0.7827696204185486,-0.09601898491382599,0.49331754446029663,0.8006731867790222,-0.1278516799211502,0.45963817834854126,0.8221784830093384,-0.15920105576515198,0.4820188879966736,0.6497580409049988,-0.08860170096158981,0.46072375774383545,0.7144742012023926,-0.1415131837129593,0.4564230144023895,0.7716166377067566,-0.1727258712053299,0.46136391162872314,0.806999921798706,-0.18952599167823792,0.43687793612480164,0.6723985075950623,-0.0808611735701561,0.4165796637535095,0.7746421694755554,-0.13572907447814941,0.42526230216026306,0.8598920106887817,-0.15076304972171783,0.437000036239624,0.9086734056472778,-0.15262316167354584,0.4045861065387726,0.7219087481498718,-0.07754315435886383,0.39197981357574463,0.8299906253814697,-0.1294221580028534,0.41269350051879883,0.8933807611465454,-0.12666207551956177,0.4319514334201813,0.9236739873886108,-0.11439138650894165,0.38584837317466736,0.7795389294624329,-0.07810311019420624,0.3775408864021301,0.8673964738845825,-0.11649847030639648,0.39952602982521057,0.9101852178573608,-0.11384259909391403,0.4197521209716797,0.9230532646179199,-0.10259018838405609,R
0.46245965361595154,0.7992448210716248,-1.8824961145469388e-08,0.4968927204608917,0.7705731987953186,-0.057878363877534866,0.5087586641311646,0.7561417818069458,-0.09971175342798233,0.48020368814468384,0.7851799130439758,-0.13428036868572235,0.4498836398124695,0.8157665729522705,-0.1677427738904953,0.4577188193798065,0.6343978047370911,-0.09584531933069229,0.45424944162368774,0.6787242293357849,-0.15547621250152588,0.45637989044189453,0.7191266417503357,-0.18821819126605988,0.4561826288700104,0.7457407116889954,-0.2056138813495636,0.41082796454429626,0.6767595410346985,-0.09086541831493378,0.40661031007766724,0.797142744064331,-0.15312638878822327,0.4262430965900421,0.8665039539337158,-0.16723617911338806,0.43318697810173035,0.8893439769744873,-0.1681576818227768,0.37989184260368347,0.7458271980285645,-0.0911424458026886,0.3889733552932739,0.8721088171005249,-0.1474735140800476,0.4200126826763153,0.9123037457466125,-0.13928402960300446,0.4347168505191803,0.9074545502662659,-0.12345686554908752,0.36267900466918945,0.8189541697502136,-0.09619129449129105,0.37381935119628906,0.9094020128250122,-0.13616712391376495,0.4036690294742584,0.9346052408218384,-0.13019217550754547,0.4218038320541382,0.9231240749359131,-0.11675698310136795,R
0.45849981904029846,0.8347465991973877,-1.1933762422700056e-08,0.5043752193450928,0.7966353297233582,-0.06951241940259933,0.5178942680358887,0.7604293823242188,-0.11545146256685257,0.46988874673843384,0.7806809544563293,-0.1518193781375885,0.4243074655532837,0.8155962228775024,-0.18664580583572388,0.4494478702545166,0.6265629529953003,-0.10281302034854889,0.43908774852752686,0.6506015062332153,-0.16869792342185974,0.430555135011673,0.7057791948318481,-0.20609186589717865,0.43058961629867554,0.7447345852851868,-0.22613099217414856,0.3912525773048401,0.674019455909729,-0.0941568985581398,0.379000723361969,0.7850675582885742,-0.1587141454219818,0.4095207452774048,0.8553134202957153,-0.17358487844467163,0.4324166476726532,0.8713088035583496,-0.1747508943080902,0.35747405886650085,0.7512261271476746,-0.09248071908950806,0.3618270456790924,0.8721122145652771,-0.1506655216217041,0.40073949098587036,0.9148139953613281,-0.14080260694026947,0.4245162010192871,0.9103409647941589,-0.12455045431852341,0.342470645904541,0.8317914009094238,-0.09682779759168625,0.3525720238685608,0.9248272180557251,-0.14017365872859955,0.3877963125705719,0.9536730051040649,-0.1340920329093933,0.41005444526672363,0.9433088898658752,-0.12011890113353729,R
0.48309430480003357,0.9097277522087097,-2.1224474267000915e-07,0.5279269218444824,0.8600434064865112,-0.07233026623725891,0.5289772152900696,0.7780643701553345,-0.11308536678552628,0.46405431628227234,0.7703096270561218,-0.14436578750610352,0.4015122950077057,0.7935453653335571,-0.16991470754146576,0.44892215728759766,0.6357128024101257,-0.0753396600484848,0.4311891496181488,0.6236494779586792,-0.14671456813812256,0.4241407811641693,0.6952999830245972,-0.18652230501174927,0.4177338778972626,0.7493488788604736,-0.20472480356693268,0.3952043950557709,0.6853998303413391,-0.06514442712068558,0.36086708307266235,0.7448241114616394,-0.13645029067993164,0.40080463886260986,0.8220512866973877,-0.1549438238143921,0.4244545102119446,0.8308001756668091,-0.15315954387187958,0.3608109951019287,0.7570964694023132,-0.06513352692127228,0.3372783362865448,0.8287539482116699,-0.13215674459934235,0.3866262435913086,0.8808923363685608,-0.12451320141553879,0.4132997393608093,0.8700745105743408,-0.10481487959623337,0.34342941641807556,0.8338856101036072,-0.07109301537275314,0.3325933516025543,0.8915846347808838,-0.1160958856344223,0.3730054795742035,0.9256011247634888,-0.10852107405662537,0.39721015095710754,0.9121577739715576,-0.09122617542743683,R
0.47414305806159973,0.8797487616539001,-2.1202216871074597e-08,0.5071368217468262,0.825569212436676,-0.06332387775182724,0.5127373337745667,0.7519181966781616,-0.10238582640886307,0.45776423811912537,0.7477557063102722,-0.13490845263004303,0.39872831106185913,0.7702128291130066,-0.1634375900030136,0.44240015745162964,0.6204298734664917,-0.06275200843811035,0.4302006959915161,0.5733157396316528,-0.1263088434934616,0.4137882888317108,0.6159441471099854,-0.16495944559574127,0.40341946482658386,0.6685829162597656,-0.18407389521598816,0.38579803705215454,0.6603226661682129,-0.054953690618276596,0.35448989272117615,0.7183029651641846,-0.11980972439050674,0.3901868164539337,0.7957229614257812,-0.13850413262844086,0.41622835397720337,0.8116426467895508,-0.1383729875087738,0.3482498228549957,0.7243391871452332,-0.0562688447535038,0.32862555980682373,0.7986016273498535,-0.11641987413167953,0.37383463978767395,0.8486734628677368,-0.10943382233381271,0.4017409384250641,0.842055082321167,-0.09241937100887299,0.3275745213031769,0.7945581674575806,-0.06325682997703552,0.3201605975627899,0.8587765693664551,-0.10544350743293762,0.35848379135131836,0.8939144611358643,-0.09816638380289078,0.3850191533565521,0.8844624161720276,-0.08190398663282394,R
0.46495962142944336,0.8539964556694031,-1.6554031390114687e-07,0.49772003293037415,0.799026608467102,-0.061713434755802155,0.506437361240387,0.7092611193656921,-0.09459890425205231,0.4564448297023773,0.685344398021698,-0.12110526859760284,0.39444392919540405,0.703045129776001,-0.14150577783584595,0.43855881690979004,0.583886444568634,-0.053328726440668106,0.41647475957870483,0.534356951713562,-0.11642791330814362,0.4056137204170227,0.591642439365387,-0.14993031322956085,0.39778468012809753,0.6405484676361084,-0.16458813846111298,0.38292789459228516,0.6246935129165649,-0.045262351632118225,0.34547901153564453,0.6678074598312378,-0.11261595040559769,0.38140276074409485,0.7446563839912415,-0.1297188401222229,0.40197041630744934,0.7487062215805054,-0.12659794092178345,0.34421464800834656,0.6848961710929871,-0.04722503200173378,0.322011798620224,0.7525346279144287,-0.11073770374059677,0.3661884665489197,0.8033033609390259,-0.10510340332984924,0.3876391053199768,0.7865545153617859,-0.08721232414245605,0.32051119208335876,0.7503975033760071,-0.05438263714313507,0.3126862049102783,0.8118672966957092,-0.09668514877557755,0.3523480296134949,0.8479199409484863,-0.09111807495355606,0.3765425682067871,0.8319730758666992,-0.07557215541601181,R
0.46802881360054016,0.8149487376213074,-2.0200181438667641e-07,0.4978591799736023,0.748856782913208,-0.05454056337475777,0.49818122386932373,0.649319052696228,-0.08155243843793869,0.43645504117012024,0.6284255981445312,-0.10318948328495026,0.3729478120803833,0.6473286151885986,-0.12021976709365845,0.42914724349975586,0.538957417011261,-0.04216323792934418,0.4107191264629364,0.486966073513031,-0.09834840148687363,0.3989809453487396,0.5464473366737366,-0.13176707923412323,0.3957098126411438,0.6049269437789917,-0.14738507568836212,0.37402236461639404,0.5814006328582764,-0.0359233021736145,0.34166377782821655,0.6053019762039185,-0.09713216871023178,0.3664446473121643,0.6825568079948425,-0.11782418936491013,0.3884336054325104,0.7065775394439697,-0.11821423470973969,0.33794984221458435,0.6417403817176819,-0.03853129222989082,0.3153679668903351,0.6913295984268188,-0.09641941636800766,0.3521203398704529,0.7450747489929199,-0.09598016738891602,0.37789666652679443,0.744952917098999,-0.08231528103351593,0.31725192070007324,0.707116961479187,-0.04564724490046501,0.3062579035758972,0.7551771402359009,-0.08586568385362625,0.34155339002609253,0.794143795967102,-0.08292276412248611,0.3684317469596863,0.7877774238586426,-0.06980562210083008,R
0.4635026156902313,0.7736794352531433,-3.471679690392193e-07,0.4933372735977173,0.7012863755226135,-0.06949776411056519,0.4921836256980896,0.5980060696601868,-0.10426314920186996,0.43619754910469055,0.5699582695960999,-0.13086234033107758,0.37524449825286865,0.5941145420074463,-0.15181085467338562,0.42048341035842896,0.479317307472229,-0.053959209471940994,0.38680168986320496,0.47179117798805237,-0.1193840503692627,0.3815588057041168,0.5693626999855042,-0.1598270833492279,0.3865601122379303,0.6339611411094666,-0.178912952542305,0.3704598844051361,0.5299804210662842,-0.04175005480647087,0.3318348824977875,0.5545865297317505,-0.11095191538333893,0.3558157682418823,0.6387969851493835,-0.13607770204544067,0.38082656264305115,0.6651846170425415,-0.13781185448169708,0.33706727623939514,0.5917410254478455,-0.03991733118891716,0.3079644441604614,0.6403831243515015,-0.10460949689149857,0.3454374372959137,0.6990705728530884,-0.10603398084640503,0.3755788207054138,0.7008950710296631,-0.09130997955799103,0.3158482611179352,0.6557873487472534,-0.0438806526362896,0.2970559597015381,0.6996856927871704,-0.08800700306892395,0.33239519596099854,0.7406951189041138,-0.08680739253759384,0.36147481203079224,0.7358782291412354,-0.0738709419965744,R
0.46410679817199707,0.7157097458839417,-1.8678025526241981e-07,0.4925392270088196,0.6326748728752136,-0.06588876247406006,0.4873020350933075,0.5287470817565918,-0.09988792985677719,0.4296092391014099,0.5092616081237793,-0.12707991898059845,0.37107905745506287,0.5467356443405151,-0.1493660807609558,0.41104352474212646,0.4360572099685669,-0.05088702589273453,0.38074377179145813,0.4281581938266754,-0.11561722308397293,0.37763461470603943,0.5210006237030029,-0.15662246942520142,0.3784090578556061,0.5843200087547302,-0.17644107341766357,0.36147207021713257,0.4976639449596405,-0.04102148488163948,0.3234565854072571,0.5148822665214539,-0.10972483456134796,0.3563165068626404,0.5903497934341431,-0.1351492702960968,0.38289597630500793,0.6078705787658691,-0.13775239884853363,0.3306806683540344,0.5623487234115601,-0.04130484163761139,0.30456385016441345,0.5984548926353455,-0.10454747825860977,0.3453659117221832,0.6479030251502991,-0.10603371262550354,0.37374451756477356,0.6422916054725647,-0.09199672192335129,0.313254177570343,0.6247413754463196,-0.04717866703867912,0.29735350608825684,0.6532657742500305,-0.08692637830972672,0.33127886056900024,0.6862002611160278,-0.0838220864534378,0.35780999064445496,0.6778096556663513,-0.07110850512981415,R
0.44981399178504944,0.6805551648139954,-2.389307383054984e-07,0.48285332322120667,0.6067817807197571,-0.07297706604003906,0.4858908951282501,0.4981312155723572,-0.1075652614235878,0.430480420589447,0.46443113684654236,-0.13284437358379364,0.36827829480171204,0.4883744418621063,-0.15061330795288086,0.4117166996002197,0.38923341035842896,-0.04773149639368057,0.39210575819015503,0.3589690923690796,-0.11060018092393875,0.39633995294570923,0.4537976384162903,-0.1462777554988861,0.4003181457519531,0.5092946887016296,-0.1623407006263733,0.36159953474998474,0.4423538148403168,-0.03237006068229675,0.33022183179855347,0.44112682342529297,-0.09981539845466614,0.3610626459121704,0.5292271375656128,-0.1207578107714653,0.3803343176841736,0.5468837022781372,-0.11918375641107559,0.3274168372154236,0.5053056478500366,-0.028567446395754814,0.3105791211128235,0.5350897312164307,-0.09383445233106613,0.348388671875,0.5935353636741638,-0.09263966977596283,0.3678820729255676,0.5890017747879028,-0.07559825479984283,0.3034401834011078,0.5695202946662903,-0.030423862859606743,0.2968250513076782,0.5964834094047546,-0.07213578373193741,0.328984797000885,0.6325816512107849,-0.06896061450242996,0.34841951727867126,0.6258882880210876,-0.05525169149041176,R
0.44605591893196106,0.6598140001296997,-2.1857884746623313e-07,0.47896838188171387,0.5844642519950867,-0.07430993020534515,0.47884419560432434,0.45925813913345337,-0.1076648011803627,0.42868196964263916,0.4198318123817444,-0.13116171956062317,0.37374186515808105,0.4443332254886627,-0.14534206688404083,0.40557345747947693,0.3497801423072815,-0.04494043067097664,0.3782544434070587,0.3397548496723175,-0.10971245169639587,0.3847199082374573,0.43576735258102417,-0.1458340883255005,0.38786372542381287,0.483474463224411,-0.1625911295413971,0.35533109307289124,0.40233707427978516,-0.0306504238396883,0.3235017657279968,0.4101101756095886,-0.10151344537734985,0.36050888895988464,0.4929690361022949,-0.12221718579530716,0.37771299481391907,0.5016816854476929,-0.11986149102449417,0.32128632068634033,0.4668700098991394,-0.028933357447385788,0.30592072010040283,0.5066774487495422,-0.09377565234899521,0.3483411967754364,0.5593962073326111,-0.09193119406700134,0.36233949661254883,0.5421408414840698,-0.07553938776254654,0.29796984791755676,0.5342816710472107,-0.03396385535597801,0.2976861298084259,0.5725647807121277,-0.07213202863931656,0.33190611004829407,0.6064736247062683,-0.06992355734109879,0.34337317943573,0.5873351693153381,-0.058986321091651917,R
0.43723154067993164,0.6441998481750488,-2.55738854093579e-07,0.46789392828941345,0.5766485929489136,-0.0823504850268364,0.4663386344909668,0.4434621036052704,-0.11592666059732437,0.42081910371780396,0.3833402991294861,-0.13738159835338593,0.3636426627635956,0.38388791680336,-0.14876389503479004,0.411225289106369,0.32517209649086,-0.04923298582434654,0.37303024530410767,0.31733274459838867,-0.11396130919456482,0.37884899973869324,0.41096368432044983,-0.14866748452186584,0.39019155502319336,0.4482971727848053,-0.16490021347999573,0.35977208614349365,0.37203216552734375,-0.029748138040304184,0.3186890482902527,0.378621369600296,-0.10349548608064651,0.3522246479988098,0.4657233655452728,-0.12382378429174423,0.3731802701950073,0.4725961685180664,-0.12026865780353546,0.3232795000076294,0.4348483383655548,-0.02356354519724846,0.3035951256752014,0.4750710725784302,-0.09173267334699631,0.342033714056015,0.5325430631637573,-0.08848948776721954,0.3572874963283539,0.5138301849365234,-0.0702337846159935,0.2960703372955322,0.5011791586875916,-0.024765904992818832,0.29482004046440125,0.5414745211601257,-0.06710778921842575,0.3260595202445984,0.5797176957130432,-0.06658972799777985,0.3363603353500366,0.5594719648361206,-0.05598483979701996,R
0.4334157407283783,0.6229084134101868,-1.6510644229583704e-07,0.4622495472431183,0.5470014810562134,-0.07411591708660126,0.4611046016216278,0.4150327146053314,-0.10435342788696289,0.412705659866333,0.3675349950790405,-0.12447743862867355,0.3598199784755707,0.38509929180145264,-0.13478673994541168,0.4051998555660248,0.3078460097312927,-0.04300767928361893,0.3596910834312439,0.2994663715362549,-0.10562729835510254,0.366558313369751,0.39141324162483215,-0.1377364844083786,0.38392117619514465,0.42727720737457275,-0.1520473212003708,0.3529660105705261,0.35903918743133545,-0.028340516611933708,0.3075738847255707,0.36275261640548706,-0.10137611627578735,0.3448959290981293,0.44916728138923645,-0.12013347446918488,0.3712133467197418,0.45339909195899963,-0.11502831429243088,0.31648674607276917,0.42333927750587463,-0.026350390166044235,0.29291707277297974,0.46207195520401,-0.09508349001407623,0.3351876735687256,0.5206251740455627,-0.0928739607334137,0.35549217462539673,0.5013554096221924,-0.07436005026102066,0.2903677523136139,0.4899498224258423,-0.0308722872287035,0.28478533029556274,0.5255393385887146,-0.07140566408634186,0.3190933167934418,0.5660113096237183,-0.0694919303059578,0.33445507287979126,0.5474459528923035,-0.05787597969174385,R
0.43248674273490906,0.6152201890945435,-1.910402289695412e-07,0.46383142471313477,0.5380271077156067,-0.07156870514154434,0.4627937376499176,0.3985142707824707,-0.10055170953273773,0.40475767850875854,0.3573572337627411,-0.1190425381064415,0.3477711081504822,0.3884672224521637,-0.1261100471019745,0.3885935842990875,0.2941437065601349,-0.03875495493412018,0.355912446975708,0.293318510055542,-0.09752347320318222,0.3765232264995575,0.3846340477466583,-0.12757650017738342,0.38381427526474,0.4120769500732422,-0.14194412529468536,0.33674922585487366,0.34307390451431274,-0.024696465581655502,0.30980348587036133,0.37381306290626526,-0.08840743452310562,0.3608064353466034,0.4482945501804352,-0.10461001843214035,0.3720584511756897,0.4304048418998718,-0.10190708935260773,0.3025444746017456,0.40759384632110596,-0.023158952593803406,0.2968725562095642,0.46819007396698,-0.08179056644439697,0.3464723229408264,0.5155943632125854,-0.07790926098823547,0.35100463032722473,0.4815255403518677,-0.06293945759534836,0.2781035900115967,0.47575727105140686,-0.02843974344432354,0.28774380683898926,0.5292460918426514,-0.061158034950494766,0.3251970410346985,0.5607748627662659,-0.05839229375123978,0.32792848348617554,0.5316534042358398,-0.048984840512275696,R
0.4300351142883301,0.606432318687439,-1.975584069668912e-07,0.45894747972488403,0.5270946621894836,-0.07168598473072052,0.45462489128112793,0.39091747999191284,-0.10091686993837357,0.39547744393348694,0.3480961322784424,-0.12024886906147003,0.33895933628082275,0.3772962987422943,-0.1288038194179535,0.3898724615573883,0.28932368755340576,-0.035246096551418304,0.35222873091697693,0.27795761823654175,-0.09604866802692413,0.36649689078330994,0.3717501759529114,-0.12766078114509583,0.37934911251068115,0.40811169147491455,-0.14180129766464233,0.3380141854286194,0.34361234307289124,-0.022011101245880127,0.29849913716316223,0.3439967930316925,-0.09056097269058228,0.34522759914398193,0.4291503131389618,-0.10775066912174225,0.3659539520740509,0.4296155273914337,-0.10204946249723434,0.3031921982765198,0.4104040265083313,-0.021518593654036522,0.28299567103385925,0.44300875067710876,-0.08776668459177017,0.33349883556365967,0.5007153749465942,-0.08301519602537155,0.348319411277771,0.4809107780456543,-0.06294222176074982,0.2785763144493103,0.48108920454978943,-0.02724314108490944,0.2749130129814148,0.5080553889274597,-0.06533834338188171,0.3141278028488159,0.5455402135848999,-0.05966315045952797,0.3253454267978668,0.5272670984268188,-0.045283492654561996,R
0.4324762225151062,0.6039916276931763,-2.186339713716734e-07,0.4589121639728546,0.520704984664917,-0.06865512579679489,0.4475131928920746,0.3819797933101654,-0.09695060551166534,0.37901657819747925,0.3467249274253845,-0.11614678800106049,0.3206333518028259,0.38988935947418213,-0.12419870495796204,0.3815721869468689,0.2906518578529358,-0.03478957712650299,0.34329238533973694,0.2753359377384186,-0.09686829894781113,0.35876181721687317,0.37003976106643677,-0.12895821034908295,0.36682161688804626,0.41069039702415466,-0.1430528461933136,0.32904234528541565,0.3454676866531372,-0.02355179935693741,0.29324421286582947,0.35419392585754395,-0.08969256281852722,0.3427574336528778,0.43216633796691895,-0.10567191243171692,0.35863393545150757,0.4252001941204071,-0.10071752220392227,0.2948640286922455,0.41145002841949463,-0.02516379952430725,0.27950939536094666,0.45087894797325134,-0.08717022836208344,0.3310362994670868,0.5016393661499023,-0.0821383073925972,0.341170072555542,0.4754730463027954,-0.06395644694566727,0.271567702293396,0.4809437394142151,-0.033191435039043427,0.27281278371810913,0.5134323239326477,-0.066621795296669,0.3108733594417572,0.5463698506355286,-0.060506027191877365,0.3169879913330078,0.524388313293457,-0.047491926699876785,R
0.4206956923007965,0.6019740104675293,-2.928324533968407e-07,0.446627676486969,0.5105665922164917,-0.06173470616340637,0.4350379705429077,0.3756716847419739,-0.08637695759534836,0.3691639006137848,0.3413945734500885,-0.10367568582296371,0.314003050327301,0.3837595283985138,-0.11056456714868546,0.3781073987483978,0.28903108835220337,-0.02649674192070961,0.3369155526161194,0.26589345932006836,-0.08475413918495178,0.34695494174957275,0.36268115043640137,-0.11527706682682037,0.3578604459762573,0.4070022404193878,-0.12845668196678162,0.3265412151813507,0.34504061937332153,-0.01762240193784237,0.2837771773338318,0.34142881631851196,-0.08267154544591904,0.32795050740242004,0.42366060614585876,-0.09871402382850647,0.3494040071964264,0.42754027247428894,-0.09258919209241867,0.2919420003890991,0.40972110629081726,-0.02069254033267498,0.2684193253517151,0.4367537796497345,-0.08190464973449707,0.3180471658706665,0.4911802113056183,-0.07617907971143723,0.3341539204120636,0.47507044672966003,-0.05602255091071129,0.26780831813812256,0.47829174995422363,-0.029505200684070587,0.2622314393520355,0.49942588806152344,-0.06304438412189484,0.3004148006439209,0.5344752669334412,-0.055558785796165466,0.3123212158679962,0.5205202698707581,-0.040345389395952225,R
0.4134446084499359,0.5984276533126831,-2.1434486541238584e-07,0.4324610233306885,0.5061522722244263,-0.0648752897977829,0.41343268752098083,0.3655308485031128,-0.08973684161901474,0.34730657935142517,0.33104395866394043,-0.10654498636722565,0.29911044239997864,0.38712960481643677,-0.11166113615036011,0.3725108504295349,0.2853374481201172,-0.027438152581453323,0.3243347704410553,0.25356921553611755,-0.08459634333848953,0.3376172184944153,0.3516900837421417,-0.11092537641525269,0.35571399331092834,0.3823150396347046,-0.1219346821308136,0.3228665590286255,0.3390995264053345,-0.018079694360494614,0.2731117606163025,0.3142580986022949,-0.0875367745757103,0.3134884536266327,0.4079952538013458,-0.10195457935333252,0.33710914850234985,0.41299429535865784,-0.09213492274284363,0.28707385063171387,0.40384551882743835,-0.020977666601538658,0.25826478004455566,0.4214918911457062,-0.08560474961996078,0.3056686520576477,0.4841470420360565,-0.07849394530057907,0.32384005188941956,0.46517008543014526,-0.05536097660660744,0.2603835463523865,0.4703221321105957,-0.02985747531056404,0.25150972604751587,0.4891086518764496,-0.06285882741212845,0.2882160544395447,0.5280139446258545,-0.05438036844134331,0.30133116245269775,0.5115625858306885,-0.03852032497525215,R
0.4019583463668823,0.5843554735183716,-2.7075125785813725e-07,0.4221649765968323,0.4860461354255676,-0.05466394126415253,0.4041423201560974,0.3478846549987793,-0.0766114816069603,0.33078327775001526,0.31971630454063416,-0.09308279305696487,0.27776864171028137,0.37428003549575806,-0.0983685776591301,0.35661816596984863,0.2693513333797455,-0.019833087921142578,0.30190297961235046,0.23557443916797638,-0.07379423826932907,0.32410725951194763,0.3318467140197754,-0.09847868233919144,0.34720999002456665,0.3611116409301758,-0.10818614065647125,0.3086293935775757,0.32830095291137695,-0.015235496684908867,0.2566582262516022,0.30314260721206665,-0.07894067466259003,0.3046469986438751,0.39586201310157776,-0.09081679582595825,0.3298630714416504,0.4007490575313568,-0.08090253174304962,0.2762335538864136,0.3960370719432831,-0.021842041984200478,0.24284420907497406,0.40645816922187805,-0.08327605575323105,0.29553720355033875,0.4700910449028015,-0.07331909239292145,0.3159826397895813,0.4558676779270172,-0.04893099144101143,0.25321492552757263,0.46584221720695496,-0.03339894860982895,0.23799455165863037,0.4742017388343811,-0.06379406899213791,0.27659767866134644,0.5133571624755859,-0.0512981116771698,0.29133325815200806,0.5035794973373413,-0.03271957114338875,R
0.3950885832309723,0.5713396072387695,-2.8837956733696046e-07,0.41377484798431396,0.47224387526512146,-0.05774441361427307,0.39434635639190674,0.32976311445236206,-0.07964351773262024,0.3212432861328125,0.30159372091293335,-0.09534105658531189,0.2672950327396393,0.36235371232032776,-0.09903797507286072,0.3414556384086609,0.2470715045928955,-0.020508483052253723,0.28542307019233704,0.2222130298614502,-0.07451142370700836,0.3139057159423828,0.31941094994544983,-0.09910494089126587,0.33634379506111145,0.34209758043289185,-0.10909152776002884,0.2941247820854187,0.30600330233573914,-0.01405761856585741,0.24477817118167877,0.29718804359436035,-0.07761096954345703,0.2988113760948181,0.3881895840167999,-0.08862623572349548,0.3206447660923004,0.3839122951030731,-0.07887689769268036,0.2614610195159912,0.3734945058822632,-0.01942235417664051,0.23041251301765442,0.39488720893859863,-0.08111612498760223,0.2881507873535156,0.4585762023925781,-0.07091359049081802,0.3070531189441681,0.4388177692890167,-0.04687065631151199,0.23825770616531372,0.4426427483558655,-0.03022390976548195,0.22639314830303192,0.45961034297943115,-0.06090742349624634,0.2678320109844208,0.4994495213031769,-0.04933900013566017,0.28072720766067505,0.4867067337036133,-0.03157868608832359,R
0.38708966970443726,0.5531488656997681,-3.827612715667783e-07,0.4071957468986511,0.4541364908218384,-0.052648961544036865,0.3865566551685333,0.311316579580307,-0.07157086580991745,0.30837950110435486,0.27906569838523865,-0.08533009886741638,0.2536698877811432,0.33429989218711853,-0.08783774822950363,0.33999285101890564,0.23287707567214966,-0.014427346177399158,0.27589935064315796,0.1996796876192093,-0.06736825406551361,0.29613184928894043,0.29646700620651245,-0.09259672462940216,0.3226146996021271,0.33147132396698,-0.10171128809452057,0.29526886343955994,0.2920408248901367,-0.009260105900466442,0.23639445006847382,0.27074098587036133,-0.07319305092096329,0.2855313718318939,0.3611198365688324,-0.08695545792579651,0.31570130586624146,0.37127745151519775,-0.07712806761264801,0.26362788677215576,0.35780611634254456,-0.01493646577000618,0.2218180149793625,0.3679713308811188,-0.07765126973390579,0.27748316526412964,0.4326030910015106,-0.06958511471748352,0.30409836769104004,0.4270112216472626,-0.044657815247774124,0.24012675881385803,0.4269097149372101,-0.025230487808585167,0.21783801913261414,0.4297292232513428,-0.058524180203676224,0.2573382556438446,0.4729522168636322,-0.0473003163933754,0.2749743163585663,0.47283869981765747,-0.027727393433451653,R
0.3814253807067871,0.5353960394859314,-3.818110201336822e-07,0.40112611651420593,0.4372254014015198,-0.05474952980875969,0.38246679306030273,0.2969183623790741,-0.07487671077251434,0.30811551213264465,0.25447574257850647,-0.08975083380937576,0.2515239417552948,0.29765546321868896,-0.09366300702095032,0.34228572249412537,0.21745865046977997,-0.0163724422454834,0.2776736617088318,0.1734677255153656,-0.06939063966274261,0.2950478196144104,0.2684016823768616,-0.09560886025428772,0.3220553994178772,0.3044847548007965,-0.10555525869131088,0.2991181015968323,0.2729782164096832,-0.010113040916621685,0.23662525415420532,0.23791135847568512,-0.07460194081068039,0.2810737192630768,0.32922080159187317,-0.09055857360363007,0.31437718868255615,0.3458763659000397,-0.08227546513080597,0.2666562497615814,0.3366316556930542,-0.014520729891955853,0.21985024213790894,0.3396758735179901,-0.07751572877168655,0.2722274363040924,0.40578657388687134,-0.07097329199314117,0.30354973673820496,0.4070470929145813,-0.04683133214712143,0.24199917912483215,0.40404701232910156,-0.023657433688640594,0.21449245512485504,0.4042695462703705,-0.057900264859199524,0.2510347068309784,0.44784581661224365,-0.047918498516082764,0.2719785273075104,0.4519445300102234,-0.029081834480166435,R
0.3788488507270813,0.5181089639663696,-3.775270442929468e-07,0.39968907833099365,0.42659151554107666,-0.05615650489926338,0.3844291567802429,0.28333428502082825,-0.07620711624622345,0.3076234459877014,0.23738515377044678,-0.0904303640127182,0.2505756914615631,0.27807459235191345,-0.0929444208741188,0.34590259194374084,0.19962120056152344,-0.017245450988411903,0.27698004245758057,0.15340270102024078,-0.07062895596027374,0.2945714294910431,0.24784955382347107,-0.09609793871641159,0.3213479518890381,0.28294646739959717,-0.10513503104448318,0.30172863602638245,0.253338098526001,-0.010122078470885754,0.23701131343841553,0.21637147665023804,-0.07592612504959106,0.2848087549209595,0.30770760774612427,-0.09128322452306747,0.3181784152984619,0.3225794732570648,-0.08175740391016006,0.26805761456489563,0.3144037425518036,-0.013798522762954235,0.21877804398536682,0.31943464279174805,-0.07966913282871246,0.2752115726470947,0.38774052262306213,-0.07330239564180374,0.3080812990665436,0.3883430063724518,-0.048058513551950455,0.24146108329296112,0.37930089235305786,-0.022110242396593094,0.21229349076747894,0.3812732696533203,-0.059126269072294235,0.25271961092948914,0.42908838391304016,-0.0495292954146862,0.2756575047969818,0.43564242124557495,-0.029959987848997116,R
0.37968915700912476,0.5070822238922119,-3.69777922060166e-07,0.400034636259079,0.41064321994781494,-0.05378863960504532,0.38499701023101807,0.2660558819770813,-0.07350632548332214,0.31114622950553894,0.2235081046819687,-0.08807052671909332,0.2573568820953369,0.26894643902778625,-0.09138834476470947,0.3499819338321686,0.18022184073925018,-0.016490399837493896,0.27653107047080994,0.13973775506019592,-0.06994263082742691,0.2948395311832428,0.23168104887008667,-0.09574130177497864,0.3234337270259857,0.26249250769615173,-0.10517987608909607,0.30467116832733154,0.2362518012523651,-0.010997610166668892,0.237664133310318,0.20637543499469757,-0.07745743542909622,0.2861071527004242,0.2980046570301056,-0.09327521920204163,0.31922081112861633,0.3107887804508209,-0.0845268964767456,0.26991668343544006,0.29918429255485535,-0.016030190512537956,0.2174917310476303,0.3056604862213135,-0.08326239138841629,0.2754932641983032,0.37599658966064453,-0.07752794772386551,0.3097681403160095,0.376846581697464,-0.052748892456293106,0.2418166697025299,0.3655908703804016,-0.02536378987133503,0.20944437384605408,0.36712974309921265,-0.0635383203625679,0.2515560984611511,0.41783928871154785,-0.05404943600296974,0.2764768898487091,0.4254911243915558,-0.034525152295827866,R
0.37767934799194336,0.49889129400253296,-3.862902531182044e-07,0.40426385402679443,0.4078320860862732,-0.05703001841902733,0.39150023460388184,0.2574698030948639,-0.07721070200204849,0.31396621465682983,0.21342572569847107,-0.09153980016708374,0.2594854235649109,0.2625855505466461,-0.0940084457397461,0.3464091122150421,0.17434871196746826,-0.019343649968504906,0.2771413028240204,0.12920697033405304,-0.07395043969154358,0.3000907003879547,0.2235260307788849,-0.0996207520365715,0.3285856246948242,0.2548636496067047,-0.1088068038225174,0.3003087639808655,0.23302453756332397,-0.012785710394382477,0.23690113425254822,0.20071664452552795,-0.08112531155347824,0.29011279344558716,0.2945405840873718,-0.09651780873537064,0.32284706830978394,0.30672433972358704,-0.08675659447908401,0.2659621238708496,0.29526835680007935,-0.01715393178164959,0.21608510613441467,0.30031171441078186,-0.08678732067346573,0.27822017669677734,0.3746390640735626,-0.0798247829079628,0.31291308999061584,0.3749297857284546,-0.053440872579813004,0.23816217482089996,0.35885152220726013,-0.026056155562400818,0.20631876587867737,0.358349084854126,-0.06486188620328903,0.2520674765110016,0.413276731967926,-0.0536525696516037,0.2775759994983673,0.4218301475048065,-0.032620515674352646,R
0.38108202815055847,0.5023815035820007,-4.094891323802585e-07,0.4038461148738861,0.4027520716190338,-0.05059200897812843,0.3866225481033325,0.2536504864692688,-0.0692087858915329,0.31267982721328735,0.2098984718322754,-0.083684541285038,0.26097628474235535,0.2663513123989105,-0.08680136501789093,0.34927794337272644,0.17403119802474976,-0.015195291489362717,0.2796252965927124,0.12893489003181458,-0.06839022785425186,0.30075910687446594,0.2228430211544037,-0.09324249625205994,0.3287361264228821,0.252474844455719,-0.1022886261343956,0.303249329328537,0.23254236578941345,-0.012543607503175735,0.23889736831188202,0.1971515417098999,-0.08005277067422867,0.28780966997146606,0.2895631492137909,-0.09477914124727249,0.31941184401512146,0.30398327112197876,-0.08452259004116058,0.2685684859752655,0.29601362347602844,-0.020284580066800117,0.21920686960220337,0.29880619049072266,-0.08697666972875595,0.2784353494644165,0.37018439173698425,-0.07951488345861435,0.31197601556777954,0.37038466334342957,-0.05331660062074661,0.2409328818321228,0.36116451025009155,-0.03234488517045975,0.2123536765575409,0.3617113530635834,-0.06741340458393097,0.25428709387779236,0.4105067849159241,-0.05573632940649986,0.27782389521598816,0.4145886301994324,-0.035181399434804916,R
0.3828013241291046,0.5052628517150879,-4.5344538079916674e-07,0.40629681944847107,0.40575337409973145,-0.045433804392814636,0.3863821029663086,0.25586795806884766,-0.060812804847955704,0.31415724754333496,0.21482840180397034,-0.07291076332330704,0.2661164700984955,0.2723613977432251,-0.0739891529083252,0.34889864921569824,0.17766885459423065,-0.012622248381376266,0.27912262082099915,0.13422611355781555,-0.06334413588047028,0.3029022216796875,0.22650779783725739,-0.08601310849189758,0.33241838216781616,0.2532898187637329,-0.09419908374547958,0.3041171729564667,0.23718908429145813,-0.011843763291835785,0.2378803938627243,0.20398706197738647,-0.07739558815956116,0.28947994112968445,0.2968645393848419,-0.08986131101846695,0.32210785150527954,0.3103705048561096,-0.07861688733100891,0.2703654170036316,0.2999885082244873,-0.020983481779694557,0.21929511427879333,0.30395978689193726,-0.08596616238355637,0.28075775504112244,0.3768022060394287,-0.07676345109939575,0.31510162353515625,0.37668436765670776,-0.050084490329027176,0.24345608055591583,0.3636400103569031,-0.03410927951335907,0.21287500858306885,0.3650067448616028,-0.06821455806493759,0.25582343339920044,0.41599565744400024,-0.05587632954120636,0.27952468395233154,0.42041075229644775,-0.03535392880439758,R
0.3921571969985962,0.5137912631034851,-4.10781666460025e-07,0.4117737412452698,0.40953314304351807,-0.04946361482143402,0.3923281729221344,0.26185446977615356,-0.06791363656520844,0.3162735402584076,0.22095152735710144,-0.08247735351324081,0.26363158226013184,0.2770789861679077,-0.08581032603979111,0.3500693738460541,0.1893695592880249,-0.014719469472765923,0.2819192409515381,0.14103588461875916,-0.0677570253610611,0.30595821142196655,0.2322370409965515,-0.09250200539827347,0.3350960612297058,0.2608526647090912,-0.10151135176420212,0.30588385462760925,0.250116765499115,-0.012757697142660618,0.23982134461402893,0.2146589607000351,-0.07973182201385498,0.2917199432849884,0.3056369423866272,-0.09396268427371979,0.32437679171562195,0.3202427625656128,-0.0837787464261055,0.273263156414032,0.3144015669822693,-0.02113419957458973,0.22129429876804352,0.3168685734272003,-0.08744174242019653,0.2835167646408081,0.3877548277378082,-0.07896491885185242,0.3184879720211029,0.38955917954444885,-0.05246075615286827,0.2481435388326645,0.38004207611083984,-0.03380099684000015,0.21623101830482483,0.37965628504753113,-0.06870592385530472,0.25992241501808167,0.42870891094207764,-0.05633934214711189,0.28412994742393494,0.4348974823951721,-0.035536784678697586,R
0.3919844925403595,0.5220364332199097,-4.427992621458543e-07,0.4111349582672119,0.41132891178131104,-0.04135886952280998,0.39147692918777466,0.26497510075569153,-0.05723153054714203,0.32055673003196716,0.22819626331329346,-0.07135381549596786,0.2738359570503235,0.28672102093696594,-0.07546965777873993,0.3532421886920929,0.1972484141588211,-0.010406292043626308,0.28597113490104675,0.14441829919815063,-0.0618826188147068,0.30415934324264526,0.23615136742591858,-0.08493322879076004,0.3336431384086609,0.26761123538017273,-0.09297841787338257,0.31023815274238586,0.25856488943099976,-0.012258313596248627,0.2444843351840973,0.22062534093856812,-0.078333780169487,0.2920025885105133,0.31188881397247314,-0.09136054664850235,0.3268084228038788,0.3264651894569397,-0.08032768964767456,0.2783415913581848,0.3240678012371063,-0.023703882470726967,0.2272937297821045,0.32468506693840027,-0.08765395730733871,0.2854217290878296,0.39353635907173157,-0.07827860862016678,0.3193804919719696,0.39328619837760925,-0.05166005343198776,0.2536020874977112,0.39188796281814575,-0.03884996846318245,0.22167634963989258,0.3873804807662964,-0.07099509984254837,0.2629353404045105,0.43388962745666504,-0.05744779109954834,0.2864737808704376,0.4389219880104065,-0.03647352010011673,R
0.39629116654396057,0.5287497639656067,-3.992849997302983e-07,0.4158646762371063,0.4125653803348541,-0.04253379628062248,0.4006328284740448,0.2662760317325592,-0.05964215472340584,0.3261539041996002,0.22923843562602997,-0.07499048113822937,0.275279700756073,0.2881562411785126,-0.08020419627428055,0.3535248935222626,0.20911021530628204,-0.010995827615261078,0.28911545872688293,0.1501857489347458,-0.06290534883737564,0.3101811110973358,0.24077914655208588,-0.08629517257213593,0.3391905128955841,0.273794025182724,-0.09427528083324432,0.3085379898548126,0.2713121771812439,-0.01279230136424303,0.24406427145004272,0.2319086492061615,-0.07759035378694534,0.2944398522377014,0.31980398297309875,-0.09103050827980042,0.328948438167572,0.3334825336933136,-0.08088001608848572,0.27698037028312683,0.3366469144821167,-0.02426796779036522,0.2274259626865387,0.334414005279541,-0.08833460509777069,0.28932029008865356,0.40184086561203003,-0.08026249706745148,0.3247814178466797,0.4025038182735443,-0.05452252924442291,0.2546406090259552,0.4045221209526062,-0.039369773119688034,0.22379595041275024,0.3984983563423157,-0.0720183327794075,0.2680244743824005,0.44356441497802734,-0.05890253931283951,0.29372039437294006,0.45043185353279114,-0.038000449538230896,R
0.39780449867248535,0.5312644839286804,-3.9796447026674286e-07,0.4158012270927429,0.40534263849258423,-0.032751571387052536,0.40077129006385803,0.2617993652820587,-0.04581974074244499,0.3306725323200226,0.2303302139043808,-0.05945117771625519,0.2877822518348694,0.295434832572937,-0.064254991710186,0.3546752631664276,0.2160576581954956,-0.0028617987409234047,0.29056045413017273,0.1505693942308426,-0.050140053033828735,0.3107517957687378,0.23801147937774658,-0.07101074606180191,0.3409028947353363,0.2740243971347809,-0.07778561115264893,0.3121677339076996,0.2799786925315857,-0.008043085224926472,0.24798406660556793,0.23877961933612823,-0.06658637523651123,0.2976877987384796,0.3226531147956848,-0.07791445404291153,0.3338651657104492,0.3336615264415741,-0.06796702742576599,0.2827744483947754,0.3457925021648407,-0.02191009372472763,0.23322418332099915,0.3368634283542633,-0.07995544373989105,0.2925085723400116,0.4013787806034088,-0.07058510184288025,0.3266271650791168,0.40161219239234924,-0.04549582302570343,0.2615387737751007,0.41464972496032715,-0.03865388408303261,0.2288869023323059,0.4001355469226837,-0.06638266146183014,0.27164220809936523,0.4417418837547302,-0.051044855266809464,0.29756516218185425,0.4502677619457245,-0.02961132302880287,R
0.40310630202293396,0.5333147048950195,-3.880347776430426e-07,0.41993966698646545,0.40495070815086365,-0.03682279214262962,0.40825432538986206,0.2580578923225403,-0.0501302033662796,0.33862411975860596,0.22257299721240997,-0.0636027455329895,0.29856622219085693,0.29732203483581543,-0.06653669476509094,0.355648934841156,0.21581144630908966,0.0015541022876277566,0.2931889593601227,0.14983968436717987,-0.04844421520829201,0.31875282526016235,0.23683224618434906,-0.06961311399936676,0.34851688146591187,0.27224570512771606,-0.07582351565361023,0.31446540355682373,0.28150475025177,-0.0023088552989065647,0.253600537776947,0.24542072415351868,-0.0626533031463623,0.30918124318122864,0.33036747574806213,-0.0733540803194046,0.34120672941207886,0.3310168385505676,-0.0623386912047863,0.28604358434677124,0.3477049767971039,-0.016472669318318367,0.24184998869895935,0.3436524569988251,-0.07836545258760452,0.30458182096481323,0.40940380096435547,-0.06941373646259308,0.3337748348712921,0.3993258774280548,-0.04359794035553932,0.26506567001342773,0.4157823622226715,-0.033922966569662094,0.23598438501358032,0.40477481484413147,-0.06244112178683281,0.2817952334880829,0.4484446048736572,-0.04672379791736603,0.3051508367061615,0.45216286182403564,-0.024736197665333748,R
0.41369888186454773,0.5351790189743042,-4.86351211748115e-07,0.4290928542613983,0.4118817150592804,-0.03352106735110283,0.4244547486305237,0.2573131024837494,-0.04434280842542648,0.364079087972641,0.2005748748779297,-0.055917780846357346,0.3206242620944977,0.26833575963974,-0.05709226056933403,0.3674289584159851,0.21260038018226624,0.007308569736778736,0.3142745792865753,0.14046303927898407,-0.04151500016450882,0.33386510610580444,0.2312101125717163,-0.0612511932849884,0.3584200441837311,0.2739802896976471,-0.06656204909086227,0.32606860995292664,0.2735302150249481,0.0027521043084561825,0.2741842269897461,0.22981606423854828,-0.05696464702486992,0.32500576972961426,0.32271718978881836,-0.06639786064624786,0.3507854640483856,0.32940325140953064,-0.053971100598573685,0.2965542674064636,0.33765244483947754,-0.01219687145203352,0.2628704309463501,0.3341759145259857,-0.07146880775690079,0.3203870356082916,0.4050842821598053,-0.06208603084087372,0.3397863805294037,0.3961069583892822,-0.03696957603096962,0.2741613984107971,0.4046064019203186,-0.030446156859397888,0.2577996850013733,0.4058147668838501,-0.056720975786447525,0.29830846190452576,0.45175445079803467,-0.0425906740128994,0.3119071424007416,0.4504988193511963,-0.022810721769928932,R
0.4239048659801483,0.5347014665603638,-4.907544735033298e-07,0.4436713755130768,0.391171395778656,-0.025827592238783836,0.44499993324279785,0.2442798763513565,-0.03536634147167206,0.39432045817375183,0.1884058713912964,-0.047561440616846085,0.34733104705810547,0.23350870609283447,-0.05321614816784859,0.3951369822025299,0.20737752318382263,0.010318715125322342,0.3607129752635956,0.12598611414432526,-0.03783789649605751,0.36359459161758423,0.20532256364822388,-0.06502407789230347,0.37562769651412964,0.2670633792877197,-0.076094850897789,0.3492352068424225,0.2612176239490509,0.0031313656363636255,0.30540767312049866,0.20391586422920227,-0.05111777409911156,0.34226012229919434,0.2917313575744629,-0.06744930148124695,0.369747132062912,0.3233756422996521,-0.06231207028031349,0.31611180305480957,0.3242286443710327,-0.01275034062564373,0.290973037481308,0.309959352016449,-0.06512733548879623,0.33879005908966064,0.37832990288734436,-0.060970086604356766,0.3585279881954193,0.39000236988067627,-0.041880685836076736,0.2940368354320526,0.3955618739128113,-0.03137833625078201,0.2875973582267761,0.3874702751636505,-0.05630141869187355,0.3192649483680725,0.4338063895702362,-0.044492222368717194,0.32755717635154724,0.4459525942802429,-0.02746705152094364,R
0.4458313584327698,0.5093775391578674,-4.0691799085834646e-07,0.46429556608200073,0.36659619212150574,-0.01452662143856287,0.46999675035476685,0.23240166902542114,-0.024889549240469933,0.42648693919181824,0.1727021187543869,-0.0399252325296402,0.37954896688461304,0.194061279296875,-0.05192291736602783,0.42288467288017273,0.18135881423950195,0.0018151613185182214,0.4005701541900635,0.10418607294559479,-0.04461174085736275,0.398257315158844,0.16346368193626404,-0.0737774670124054,0.40227001905441284,0.2280038744211197,-0.08689754456281662,0.37443816661834717,0.2352876365184784,-0.010810636915266514,0.33888381719589233,0.18367046117782593,-0.056463368237018585,0.3761826157569885,0.2637418806552887,-0.06946685910224915,0.4028815031051636,0.30217355489730835,-0.06703654676675797,0.33908331394195557,0.3015345335006714,-0.029817776754498482,0.32180774211883545,0.27915477752685547,-0.07571164518594742,0.36810049414634705,0.34305840730667114,-0.06824366003274918,0.38717079162597656,0.36632344126701355,-0.05098138377070427,0.31451910734176636,0.3797949254512787,-0.05036611109972,0.31220167875289917,0.3549613654613495,-0.07344634085893631,0.34501370787620544,0.39824172854423523,-0.05791490525007248,0.35431867837905884,0.4199775457382202,-0.03978286311030388,R
0.4709666967391968,0.4965429902076721,-3.8515170786013186e-07,0.4906036853790283,0.35328298807144165,-0.013864075765013695,0.4939185082912445,0.21530389785766602,-0.02236240729689598,0.45575013756752014,0.15362602472305298,-0.03640736639499664,0.4115842282772064,0.1680552214384079,-0.04827999323606491,0.4525952637195587,0.17020699381828308,0.0066651650704443455,0.43650513887405396,0.09143933653831482,-0.03867684304714203,0.43192258477211,0.14671677350997925,-0.06924320012331009,0.43467140197753906,0.21290120482444763,-0.08359599113464355,0.4029265344142914,0.22211937606334686,-0.005921701900660992,0.3702857494354248,0.16780689358711243,-0.052399180829524994,0.40505051612854004,0.24567529559135437,-0.06872223317623138,0.4329809546470642,0.291221022605896,-0.06823567301034927,0.36669766902923584,0.28614890575408936,-0.024881724268198013,0.3522132337093353,0.2522299885749817,-0.07200011610984802,0.3949604630470276,0.318252295255661,-0.06685006618499756,0.41426798701286316,0.35229429602622986,-0.05032145604491234,0.340707391500473,0.3633340001106262,-0.04534711316227913,0.34459808468818665,0.32718566060066223,-0.07044858485460281,0.3734743595123291,0.37096139788627625,-0.056856460869312286,0.3806002736091614,0.3999229967594147,-0.03952562436461449,R
0.5064703226089478,0.489597886800766,-3.899375258242799e-07,0.5234415531158447,0.35429647564888,-0.013215132988989353,0.5264032483100891,0.21078380942344666,-0.0226999893784523,0.49076369404792786,0.14280705153942108,-0.03735699504613876,0.44133898615837097,0.16203850507736206,-0.04849589243531227,0.4772965908050537,0.1703951209783554,0.007226700894534588,0.47053906321525574,0.08613798022270203,-0.03890672326087952,0.4726613759994507,0.14316384494304657,-0.06996820867061615,0.47075700759887695,0.2113233208656311,-0.08433319628238678,0.4271102249622345,0.21947532892227173,-0.0072998469695448875,0.4078342616558075,0.15044516324996948,-0.05277198553085327,0.44526398181915283,0.23073671758174896,-0.0678606703877449,0.463300496339798,0.27992483973503113,-0.06689249724149704,0.38988155126571655,0.28113552927970886,-0.028123347088694572,0.39006802439689636,0.23145008087158203,-0.07512909919023514,0.4363027811050415,0.307101845741272,-0.0663951113820076,0.44611629843711853,0.3478103280067444,-0.047841623425483704,0.3631637692451477,0.35765326023101807,-0.050493959337472916,0.38197264075279236,0.3133528232574463,-0.0757092535495758,0.41433843970298767,0.3647204637527466,-0.059137120842933655,0.4126972556114197,0.3969614803791046,-0.04006309062242508,R
0.5315148830413818,0.5090948343276978,-4.5794618586114666e-07,0.5492826700210571,0.37724998593330383,-0.01965901628136635,0.5574086904525757,0.22398675978183746,-0.030372461304068565,0.5229353904724121,0.14629483222961426,-0.04409687593579292,0.47494423389434814,0.1769460141658783,-0.05227265879511833,0.4996379017829895,0.18951532244682312,0.0020351000130176544,0.4904540777206421,0.10597053170204163,-0.04030968248844147,0.5040677785873413,0.17000514268875122,-0.06480700522661209,0.5021407008171082,0.2257392406463623,-0.07611557096242905,0.45171964168548584,0.23952771723270416,-0.008541501127183437,0.43984174728393555,0.17493365705013275,-0.05184273421764374,0.4846333861351013,0.2584245800971985,-0.0635446161031723,0.49190688133239746,0.292007714509964,-0.06164860352873802,0.41600698232650757,0.29972368478775024,-0.02554909698665142,0.415561318397522,0.2474810630083084,-0.07289265841245651,0.46799010038375854,0.32530832290649414,-0.062228333204984665,0.4710622727870941,0.35877007246017456,-0.04317137971520424,0.38858550786972046,0.37286534905433655,-0.044333960860967636,0.4061509370803833,0.3288924992084503,-0.07076337933540344,0.44370636343955994,0.3814586400985718,-0.0548088401556015,0.4392261207103729,0.4116361737251282,-0.03625825047492981,R
0.5549737215042114,0.5286599397659302,-4.6960681743257737e-07,0.5775554776191711,0.3961626887321472,-0.02308112196624279,0.585577666759491,0.23411914706230164,-0.033949874341487885,0.5447319149971008,0.16547852754592896,-0.04671036824584007,0.5008876323699951,0.210733100771904,-0.052196405827999115,0.5208731293678284,0.19811204075813293,0.0012303531402722,0.5094946622848511,0.1235913634300232,-0.04150044173002243,0.531415581703186,0.19675925374031067,-0.06437063217163086,0.5336132049560547,0.24720290303230286,-0.07509004324674606,0.47218701243400574,0.25149595737457275,-0.008198372088372707,0.46422824263572693,0.19443151354789734,-0.054175425320863724,0.5119261145591736,0.28087297081947327,-0.06617739796638489,0.5152010321617126,0.3120071589946747,-0.06416576355695724,0.4356372058391571,0.3139953017234802,-0.024558959528803825,0.4375494122505188,0.2699800729751587,-0.07389280945062637,0.49458047747612,0.3510279953479767,-0.06378140300512314,0.4954735338687897,0.38158148527145386,-0.04519057646393776,0.40829822421073914,0.3869076669216156,-0.04305841028690338,0.4308589994907379,0.35527798533439636,-0.07088591158390045,0.472307413816452,0.4128442704677582,-0.05688149854540825,0.4659688174724579,0.4404580593109131,-0.039877403527498245,R
0.5728386640548706,0.5556057691574097,-4.909614972348209e-07,0.6033365726470947,0.41322004795074463,-0.01967616006731987,0.6108628511428833,0.24927164614200592,-0.02745921164751053,0.5656099319458008,0.18079081177711487,-0.03790566325187683,0.5231245160102844,0.22836853563785553,-0.042137112468481064,0.53586345911026,0.2227613925933838,0.007901757955551147,0.5300737619400024,0.150999516248703,-0.03380386158823967,0.5522111058235168,0.22578102350234985,-0.05867882817983627,0.5547630190849304,0.2790108621120453,-0.07112839818000793,0.4879832863807678,0.2779387831687927,-0.002646018983796239,0.4851510524749756,0.2253955900669098,-0.04596640169620514,0.5331214070320129,0.3078489303588867,-0.058596622198820114,0.5406251549720764,0.33878016471862793,-0.05785130336880684,0.4531269669532776,0.34172719717025757,-0.02023206651210785,0.4640551507472992,0.3021754026412964,-0.06805071234703064,0.519304096698761,0.3813216984272003,-0.05922948196530342,0.5220779180526733,0.4114457070827484,-0.04183920472860336,0.4281051456928253,0.4150241017341614,-0.039711929857730865,0.4543491005897522,0.38116857409477234,-0.06547342240810394,0.4948732554912567,0.4408484101295471,-0.050649840384721756,0.4905332326889038,0.46954596042633057,-0.03365010768175125,R
0.5940551161766052,0.589462399482727,-4.992729714103916e-07,0.6258017420768738,0.44712966680526733,-0.02050100453197956,0.6332520842552185,0.2832010090351105,-0.028302520513534546,0.5889527797698975,0.21007221937179565,-0.038384951651096344,0.5462456941604614,0.25633227825164795,-0.04258989915251732,0.5395115613937378,0.24621200561523438,0.00660292012616992,0.5458254814147949,0.18108204007148743,-0.030812012031674385,0.5718981623649597,0.25851109623908997,-0.05347636714577675,0.5732309222221375,0.30783289670944214,-0.06543625146150589,0.4922407269477844,0.2997988164424896,-0.003026961348950863,0.5065666437149048,0.25860995054244995,-0.041285380721092224,0.552752673625946,0.3416675329208374,-0.05324377864599228,0.5553644895553589,0.3711991310119629,-0.053217995911836624,0.4602038860321045,0.3639852702617645,-0.019159827381372452,0.4858538508415222,0.33460351824760437,-0.061687171459198,0.539175808429718,0.4118579626083374,-0.05465620011091232,0.5404027700424194,0.4417312741279602,-0.03987159952521324,0.4402131140232086,0.4374839663505554,-0.03738013282418251,0.4765984117984772,0.4124796986579895,-0.06012323871254921,0.5173633098602295,0.47101184725761414,-0.04675506427884102,0.5145412683486938,0.5006676912307739,-0.03101712092757225,R
0.6115837693214417,0.6151195764541626,-4.813913960788341e-07,0.643884539604187,0.46536949276924133,-0.02377101592719555,0.6466361880302429,0.29909324645996094,-0.033845093101263046,0.5996674299240112,0.23296087980270386,-0.04572425037622452,0.5630798935890198,0.2870582342147827,-0.05130644887685776,0.545444905757904,0.270094096660614,0.001091976067982614,0.5589122772216797,0.20451287925243378,-0.03851502761244774,0.5860005021095276,0.2867559790611267,-0.062046416103839874,0.5864027738571167,0.33992570638656616,-0.07489316165447235,0.49592384696006775,0.3266499638557434,-0.007621434982866049,0.5186594128608704,0.286251962184906,-0.047806382179260254,0.5657474398612976,0.3699319362640381,-0.059662431478500366,0.5675570964813232,0.40161123871803284,-0.05969805642962456,0.4656858444213867,0.39256224036216736,-0.02329719252884388,0.5031716823577881,0.3665411174297333,-0.06531711667776108,0.5567095875740051,0.4390294849872589,-0.05913242697715759,0.5561547875404358,0.4694015681743622,-0.04563477635383606,0.4506266713142395,0.46522337198257446,-0.04180428013205528,0.4987540543079376,0.4445229172706604,-0.06297856569290161,0.5388872623443604,0.49892541766166687,-0.0519099086523056,0.5328310132026672,0.5282742977142334,-0.038779668509960175,R
0.6196402907371521,0.6427469253540039,-5.231081559031736e-07,0.6573818922042847,0.4935000240802765,-0.028271175920963287,0.6619712114334106,0.32753628492355347,-0.03993355482816696,0.615490734577179,0.26212143898010254,-0.052425120025873184,0.5782333016395569,0.30239179730415344,-0.05858835205435753,0.5634891986846924,0.2953161597251892,-0.0036837286315858364,0.5776461958885193,0.2301361858844757,-0.047824084758758545,0.5986537933349609,0.31765392422676086,-0.07434924691915512,0.5968362092971802,0.3735886514186859,-0.08958680182695389,0.5102989673614502,0.3496766984462738,-0.010957032442092896,0.5292463898658752,0.3066662549972534,-0.05773690715432167,0.574379026889801,0.39517953991889954,-0.07145189493894577,0.5805888772010803,0.4287518262863159,-0.07138430327177048,0.4782809913158417,0.4139775335788727,-0.026106778532266617,0.515482485294342,0.3943231701850891,-0.07243794947862625,0.5666940808296204,0.4676244258880615,-0.0671476200222969,0.5688462853431702,0.4971086382865906,-0.05362599343061447,0.46266084909439087,0.48410850763320923,-0.04480688273906708,0.5132256746292114,0.47676342725753784,-0.06966625154018402,0.5486409664154053,0.5304861068725586,-0.06277895718812943,0.5411215424537659,0.5531854033470154,-0.05253717303276062,R
0.6344132423400879,0.6650751233100891,-4.552423149561946e-07,0.667292594909668,0.5115496516227722,-0.025881046429276466,0.6680838465690613,0.35328659415245056,-0.03833828121423721,0.6205803751945496,0.30484646558761597,-0.052737921476364136,0.584551990032196,0.3523460030555725,-0.060918308794498444,0.5720722675323486,0.31188493967056274,0.0007265179301612079,0.5928602814674377,0.2580549120903015,-0.04168718680739403,0.611778974533081,0.34633582830429077,-0.06775377690792084,0.6059486865997314,0.39639604091644287,-0.08435773849487305,0.5168980360031128,0.36903467774391174,-0.009458459913730621,0.5391724705696106,0.3389297127723694,-0.05555182695388794,0.5849318504333496,0.42798328399658203,-0.06920024007558823,0.5892650485038757,0.4535204768180847,-0.0701923817396164,0.4856199622154236,0.4386199712753296,-0.02755795419216156,0.5251490473747253,0.42379310727119446,-0.07502732425928116,0.5770003199577332,0.497400164604187,-0.0696462020277977,0.575417697429657,0.5201932191848755,-0.05670327693223953,0.4720904231071472,0.5125255584716797,-0.048970554023981094,0.5239713191986084,0.5020748376846313,-0.07501772046089172,0.5583903789520264,0.5542156100273132,-0.06748323887586594,0.5465744733810425,0.5726545453071594,-0.05720970407128334,R
0.6364402174949646,0.6802566051483154,-4.761615741699643e-07,0.6718367338180542,0.5338059067726135,-0.024683091789484024,0.6724481582641602,0.3755396008491516,-0.03640173375606537,0.6264006495475769,0.32363826036453247,-0.05029287934303284,0.5954532623291016,0.372080534696579,-0.05747291445732117,0.5770581364631653,0.3355185389518738,0.000622593448497355,0.5983986854553223,0.2781301438808441,-0.040079206228256226,0.6182894706726074,0.3701121211051941,-0.0628008022904396,0.6084400415420532,0.41264620423316956,-0.0784214660525322,0.5225315690040588,0.39270246028900146,-0.01043515931814909,0.5456264019012451,0.3573616147041321,-0.05746268108487129,0.5914993286132812,0.4499977231025696,-0.06951075047254562,0.5911915302276611,0.4671863913536072,-0.0694192424416542,0.49192747473716736,0.46169257164001465,-0.029247136786580086,0.5312240719795227,0.44474947452545166,-0.07678581029176712,0.5829250812530518,0.5162032842636108,-0.07013946771621704,0.577412486076355,0.5297746658325195,-0.057025667279958725,0.4789465069770813,0.5330472588539124,-0.05125858262181282,0.5288931131362915,0.5221157670021057,-0.07703202962875366,0.5623242259025574,0.5708943605422974,-0.06979005038738251,0.5481426119804382,0.5831016302108765,-0.060478150844573975,R
0.6461601853370667,0.7012057900428772,-4.68892295657497e-07,0.6785639524459839,0.5582090616226196,-0.02579919435083866,0.6763686537742615,0.40464434027671814,-0.03805766627192497,0.6226586103439331,0.3598555326461792,-0.0513022281229496,0.5792069435119629,0.4032791554927826,-0.058108486235141754,0.5847792625427246,0.3570845127105713,-0.004303951282054186,0.6029387712478638,0.29845839738845825,-0.048206623643636703,0.6177163124084473,0.38577672839164734,-0.07379928976297379,0.6120001077651978,0.44348040223121643,-0.08875439316034317,0.5269268155097961,0.4121745824813843,-0.01345175039023161,0.5472006797790527,0.38274258375167847,-0.06105487421154976,0.590115487575531,0.471923828125,-0.07481881976127625,0.5951603651046753,0.50104820728302,-0.07443517446517944,0.4940844178199768,0.479995459318161,-0.030146269127726555,0.5363104939460754,0.4776190519332886,-0.07605691999197006,0.5859333276748657,0.5463173985481262,-0.0718078464269638,0.5839518904685974,0.5645192861557007,-0.059410326182842255,0.47979259490966797,0.5521029233932495,-0.05016113817691803,0.5351747870445251,0.5582383871078491,-0.07473418861627579,0.5680877566337585,0.6053103804588318,-0.06906913965940475,0.5540604591369629,0.6159277558326721,-0.059928733855485916,R
0.6399972438812256,0.734732985496521,-5.142791223988752e-07,0.6795611381530762,0.5872309803962708,-0.029536519199609756,0.6802147626876831,0.42994236946105957,-0.04251837357878685,0.6299604773521423,0.38495302200317383,-0.055862583220005035,0.5889071226119995,0.4238935708999634,-0.06244278699159622,0.5865353941917419,0.3832813501358032,-0.004042340442538261,0.6079288125038147,0.33800286054611206,-0.04715834930539131,0.624156653881073,0.4280257523059845,-0.07387660443782806,0.6166603565216064,0.4751776158809662,-0.09198617935180664,0.5304436683654785,0.43707913160324097,-0.012461629696190357,0.5509322881698608,0.41442370414733887,-0.06259725987911224,0.5956928730010986,0.5015043616294861,-0.077950619161129,0.6026981472969055,0.5250678062438965,-0.07940510660409927,0.49912506341934204,0.5035545825958252,-0.029048020020127296,0.5370497703552246,0.5039207339286804,-0.07755247503519058,0.5878618359565735,0.5711224675178528,-0.07337989658117294,0.5884531140327454,0.5869609713554382,-0.06168631091713905,0.48646530508995056,0.5733628869056702,-0.049652282148599625,0.5381760597229004,0.58195960521698,-0.07823195308446884,0.5699009299278259,0.6299759149551392,-0.07536846399307251,0.557355523109436,0.6396049857139587,-0.0686948299407959,R
0.6563787460327148,0.7487248182296753,-4.5132253490010044e-07,0.6874130964279175,0.6066750288009644,-0.02672179602086544,0.6834025382995605,0.4542372226715088,-0.03933999687433243,0.6260553002357483,0.4160427451133728,-0.0522671639919281,0.5776311755180359,0.46060627698898315,-0.058100953698158264,0.5946205258369446,0.4046127498149872,-0.0036857512313872576,0.6096961498260498,0.36892759799957275,-0.04888278618454933,0.6266015768051147,0.4562114179134369,-0.07620904594659805,0.6222831606864929,0.5072138905525208,-0.0926426500082016,0.5361474752426147,0.4591536819934845,-0.012850900180637836,0.5545353293418884,0.4472878575325012,-0.062590591609478,0.6005916595458984,0.530968427658081,-0.07791217416524887,0.609819233417511,0.5559790134429932,-0.07829923927783966,0.5032448172569275,0.5269595980644226,-0.029808808118104935,0.5438553690910339,0.541861355304718,-0.0777592658996582,0.5964365601539612,0.6066251993179321,-0.07441340386867523,0.597339928150177,0.6186098456382751,-0.0623527429997921,0.48975807428359985,0.5996196269989014,-0.050335682928562164,0.5460362434387207,0.6227846145629883,-0.07757220417261124,0.5796874165534973,0.6688870787620544,-0.07401376962661743,0.5660064220428467,0.6732868552207947,-0.0660400539636612,R
0.6617917418479919,0.77476966381073,-4.4721841163664067e-07,0.6928930282592773,0.6328091025352478,-0.026471370831131935,0.69651198387146,0.4804288148880005,-0.03942618891596794,0.649848222732544,0.4389178156852722,-0.05211552605032921,0.6105120778083801,0.49440696835517883,-0.058229442685842514,0.5931844711303711,0.4382686913013458,-0.007030731998383999,0.6132773160934448,0.40346643328666687,-0.047966089099645615,0.6378021836280823,0.4881310760974884,-0.07266679406166077,0.6347164511680603,0.5322784185409546,-0.08848018944263458,0.5383197069168091,0.49365103244781494,-0.01598144695162773,0.5621554851531982,0.4781948924064636,-0.06076868996024132,0.6123483180999756,0.5614773035049438,-0.07379215955734253,0.6196187138557434,0.5869500041007996,-0.07370074838399887,0.5082494616508484,0.5632192492485046,-0.031737301498651505,0.5534423589706421,0.575839102268219,-0.07465473562479019,0.6083971858024597,0.6374664306640625,-0.07033343613147736,0.6083501577377319,0.650777280330658,-0.05874844640493393,0.49747002124786377,0.6377221345901489,-0.05096384510397911,0.5525545477867126,0.6598308086395264,-0.0736900195479393,0.5882214903831482,0.7017732858657837,-0.0682884007692337,0.5754687190055847,0.7090113759040833,-0.059832822531461716,R
0.6789193749427795,0.7969975471496582,-4.10404737749559e-07,0.7073991298675537,0.6585671901702881,-0.027211328968405724,0.7084552645683289,0.5030036568641663,-0.03902085870504379,0.6580023169517517,0.4746892750263214,-0.050070248544216156,0.6231263279914856,0.5470224022865295,-0.05398936569690704,0.6000753045082092,0.47077786922454834,-0.0008979223784990609,0.6198133230209351,0.4399607181549072,-0.0399683378636837,0.6502257585525513,0.5241092443466187,-0.0635979101061821,0.6530140042304993,0.5675185322761536,-0.07809470593929291,0.5476508736610413,0.5282776951789856,-0.008228815160691738,0.5712019801139832,0.5136643052101135,-0.05143869295716286,0.6242297291755676,0.5926133394241333,-0.06500517576932907,0.6350829005241394,0.6163771152496338,-0.0645543783903122,0.5185896754264832,0.5956956148147583,-0.022835416719317436,0.5615741014480591,0.6158337593078613,-0.06212035194039345,0.6185262203216553,0.6700930595397949,-0.05975792557001114,0.6225073337554932,0.6779452562332153,-0.04970846697688103,0.5075634717941284,0.6670548319816589,-0.041116248816251755,0.561228334903717,0.7004495859146118,-0.060110609978437424,0.5999767780303955,0.7383731603622437,-0.0561884306371212,0.592640221118927,0.740411639213562,-0.049305081367492676,R
0.6973137855529785,0.8277779221534729,-4.260966193214699e-07,0.724933385848999,0.6956872940063477,-0.03224899619817734,0.7217931747436523,0.5443018078804016,-0.04624534025788307,0.6716817021369934,0.5152918100357056,-0.05814076587557793,0.6371279954910278,0.5823382139205933,-0.06346229463815689,0.6120969653129578,0.505563497543335,-0.009015485644340515,0.6357542872428894,0.47885677218437195,-0.04939340427517891,0.6626356840133667,0.562349796295166,-0.07433807104825974,0.6638755202293396,0.6081075072288513,-0.08948595076799393,0.5594779253005981,0.5652778148651123,-0.013429970480501652,0.5868980288505554,0.5656815767288208,-0.05646825209259987,0.6360380053520203,0.6436793804168701,-0.07051113247871399,0.6443976163864136,0.6654298901557922,-0.07084373384714127,0.5313317179679871,0.634724497795105,-0.02520720660686493,0.5750850439071655,0.6652876138687134,-0.0629408210515976,0.627328097820282,0.711192786693573,-0.061403971165418625,0.6310674548149109,0.712073564529419,-0.052550867199897766,0.5211992263793945,0.7061637043952942,-0.04109308496117592,0.5715283751487732,0.7380995750427246,-0.058091916143894196,0.6098440885543823,0.7696822881698608,-0.053377095609903336,0.6066243648529053,0.7681084871292114,-0.04610347002744675,R
0.7048472166061401,0.8574467897415161,-4.709106917744066e-07,0.7376697063446045,0.7316834926605225,-0.030408984050154686,0.7360562086105347,0.5818208456039429,-0.04333595931529999,0.6912218928337097,0.546135425567627,-0.05441252514719963,0.6548469066619873,0.6001061201095581,-0.05934002995491028,0.6238786578178406,0.5354407429695129,-0.009243532083928585,0.6489888429641724,0.5034916996955872,-0.049424245953559875,0.6756781339645386,0.5844228863716125,-0.07427117973566055,0.6763977408409119,0.6325430870056152,-0.08930846303701401,0.5723792314529419,0.5882722735404968,-0.014309488236904144,0.6045815348625183,0.5879166722297668,-0.0547512024641037,0.6516895294189453,0.662567138671875,-0.06758353114128113,0.6589476466178894,0.6846296191215515,-0.06834596395492554,0.5459908843040466,0.6565464735031128,-0.026708334684371948,0.5927361845970154,0.6864368915557861,-0.062156230211257935,0.6427253484725952,0.7351382374763489,-0.05940834805369377,0.6451178193092346,0.7393118739128113,-0.05114578828215599,0.5386565923690796,0.7281786799430847,-0.043308667838573456,0.5908948183059692,0.7659450173377991,-0.06072226166725159,0.6264533996582031,0.7996412515640259,-0.0569174662232399,0.620205819606781,0.7997605800628662,-0.050818391144275665,R
0.7129736542701721,0.8779352903366089,-4.541187763607013e-07,0.7525906562805176,0.7458028793334961,-0.03400437906384468,0.7529346346855164,0.5997828245162964,-0.048456937074661255,0.7057908177375793,0.5725331902503967,-0.060167182236909866,0.6706620454788208,0.620827853679657,-0.06558302044868469,0.6402336359024048,0.5610387325286865,-0.014944110065698624,0.665119469165802,0.5332933664321899,-0.055021192878484726,0.6886902451515198,0.6202037930488586,-0.0786391869187355,0.6876909732818604,0.6688693761825562,-0.09354936331510544,0.5874287486076355,0.6158074140548706,-0.018413277342915535,0.6152775287628174,0.6226911544799805,-0.06250215321779251,0.664687991142273,0.7021410465240479,-0.07541267573833466,0.6761806607246399,0.7235540747642517,-0.07534835487604141,0.560797393321991,0.683790922164917,-0.029288841411471367,0.6035897731781006,0.7217742204666138,-0.06795388460159302,0.6546664834022522,0.7668015956878662,-0.06538163870573044,0.6598836183547974,0.7655894756317139,-0.0566321536898613,0.5534760355949402,0.7529643177986145,-0.04444177821278572,0.6002129316329956,0.7926391959190369,-0.06388556957244873,0.638008177280426,0.822317361831665,-0.06025203689932823,0.635226309299469,0.8183864951133728,-0.0541805624961853,R
0.732979953289032,0.8885263204574585,-3.8665064039378194e-07,0.76767498254776,0.7646780610084534,-0.0340026393532753,0.7666975855827332,0.6196189522743225,-0.049848854541778564,0.7176032662391663,0.5911235213279724,-0.06301625818014145,0.6802904605865479,0.6440128684043884,-0.06918371468782425,0.6538470387458801,0.5805870294570923,-0.015446019358932972,0.679140567779541,0.548475444316864,-0.058946169912815094,0.7051763534545898,0.6339237689971924,-0.08455266058444977,0.7013764977455139,0.6792544722557068,-0.10031874477863312,0.6005364060401917,0.6345112919807434,-0.02018897607922554,0.6318661570549011,0.6339372396469116,-0.06615697592496872,0.6832868456840515,0.7136161923408508,-0.07915639877319336,0.6889697313308716,0.7293773889541626,-0.07883109152317047,0.5737787485122681,0.7024010419845581,-0.032646067440509796,0.6219277381896973,0.7369754314422607,-0.07199867814779282,0.6732400059700012,0.7844184637069702,-0.06814337521791458,0.6717520952224731,0.7792217135429382,-0.058774396777153015,0.5663589239120483,0.7723897099494934,-0.04947755113244057,0.6185213327407837,0.8168482780456543,-0.06863115727901459,0.6570878624916077,0.8453384041786194,-0.06412513554096222,0.6499878764152527,0.836664080619812,-0.057517603039741516,R
0.751707136631012,0.8958085179328918,-4.1891175328601093e-07,0.7859078049659729,0.766737163066864,-0.02949029579758644,0.7789812088012695,0.6152071952819824,-0.04175668582320213,0.7257351279258728,0.5943999290466309,-0.052238285541534424,0.6892833113670349,0.6580581665039062,-0.05629564821720123,0.6599329710006714,0.5801184177398682,-0.004145534709095955,0.6890218257904053,0.5646920204162598,-0.04400145635008812,0.7185911536216736,0.6447746753692627,-0.06970569491386414,0.7150202989578247,0.6867713332176208,-0.08583100885152817,0.6088377237319946,0.639432430267334,-0.01016969420015812,0.6467654705047607,0.6544852256774902,-0.05165817588567734,0.6998620629310608,0.7243272662162781,-0.06567395478487015,0.7038837671279907,0.7358189225196838,-0.0668586939573288,0.5849413871765137,0.7116380333900452,-0.023743219673633575,0.637393593788147,0.753280758857727,-0.06006806716322899,0.6898506283760071,0.7933816313743591,-0.05855545029044151,0.6868292093276978,0.7857954502105713,-0.0512319952249527,0.5807465314865112,0.7841880321502686,-0.04135417938232422,0.6360857486724854,0.8267509341239929,-0.05824350193142891,0.6738612055778503,0.8529769778251648,-0.05443381518125534,0.6641336679458618,0.845156192779541,-0.048655323684215546,R
0.7688282132148743,0.8966182470321655,-4.057697253756487e-07,0.8016970157623291,0.7649920582771301,-0.032045889645814896,0.7947877049446106,0.6176541447639465,-0.04583166912198067,0.7414864301681519,0.6006234884262085,-0.05736616998910904,0.7044404745101929,0.6649667620658875,-0.062335677444934845,0.6678189039230347,0.58182293176651,-0.006625833921134472,0.6963671445846558,0.5755307674407959,-0.04653054103255272,0.7306121587753296,0.6508416533470154,-0.07247313112020493,0.7287279963493347,0.687268078327179,-0.0883076936006546,0.619437575340271,0.6442679166793823,-0.010662563145160675,0.6614832878112793,0.6683018207550049,-0.050969839096069336,0.7148623466491699,0.7311180830001831,-0.06580907851457596,0.7157448530197144,0.7388355731964111,-0.06826084107160568,0.5976418852806091,0.7190482020378113,-0.022083386778831482,0.651839554309845,0.7630469799041748,-0.05770505219697952,0.7049338817596436,0.7983469367027283,-0.05653653293848038,0.7010886669158936,0.7895669937133789,-0.04968545585870743,0.594253659248352,0.7931504845619202,-0.03766639158129692,0.6487056016921997,0.834321141242981,-0.05440770834684372,0.687682569026947,0.856585681438446,-0.0503840297460556,0.6796270608901978,0.8483268022537231,-0.04419064149260521,R
0.7830699682235718,0.9004950523376465,-4.152672090640408e-07,0.8142876625061035,0.7669209241867065,-0.03336381912231445,0.8066675066947937,0.6199173331260681,-0.047605130821466446,0.754082441329956,0.6037006378173828,-0.05925967916846275,0.7193478941917419,0.6673044562339783,-0.06444589048624039,0.6777986288070679,0.5865797996520996,-0.008734077215194702,0.7078568935394287,0.5778595209121704,-0.04811413586139679,0.7444449663162231,0.6511923670768738,-0.07339636981487274,0.7444440126419067,0.6906638741493225,-0.0886303037405014,0.6300679445266724,0.6497459411621094,-0.011822993867099285,0.6740992069244385,0.6746600866317749,-0.05090709775686264,0.7290453910827637,0.7351507544517517,-0.06549979001283646,0.729820966720581,0.7437912821769714,-0.0683317631483078,0.6098732352256775,0.7254483103752136,-0.02220573090016842,0.663800835609436,0.7683101296424866,-0.05786767229437828,0.7179427146911621,0.802310049533844,-0.05708795413374901,0.7144742012023926,0.7945892810821533,-0.05062530189752579,0.6080878973007202,0.8005678653717041,-0.03670426085591316,0.6614878177642822,0.8386190533638,-0.05398228019475937,0.7007772922515869,0.8615900278091431,-0.04988617077469826,0.6930601596832275,0.8559422492980957,-0.04351302981376648,R
0.7935938835144043,0.8925759792327881,-3.576664084903314e-07,0.8254207968711853,0.7549251914024353,-0.03502330556511879,0.8173741102218628,0.6127358078956604,-0.05084683746099472,0.7623174786567688,0.6051734089851379,-0.0637158527970314,0.7269269227981567,0.6750431656837463,-0.07063349336385727,0.6804889440536499,0.5819530487060547,-0.012122943066060543,0.7140108942985535,0.5859794020652771,-0.05043860897421837,0.7525904178619385,0.6550454497337341,-0.07563593983650208,0.7500006556510925,0.6864254474639893,-0.09148415178060532,0.635060727596283,0.6495316028594971,-0.014611037448048592,0.6845393776893616,0.6832215785980225,-0.05306807905435562,0.7394278645515442,0.737731397151947,-0.06895197927951813,0.7371780276298523,0.74089115858078,-0.07343309372663498,0.6169531345367432,0.728278636932373,-0.02390901744365692,0.6738565564155579,0.7756983041763306,-0.05939953401684761,0.7277988791465759,0.8056144118309021,-0.05993018299341202,0.7226065397262573,0.7950173020362854,-0.054680533707141876,0.616170346736908,0.8050104379653931,-0.03731662407517433,0.6700530648231506,0.8438386917114258,-0.05510831996798515,0.7090214490890503,0.8636736869812012,-0.05143685266375542,0.7008805274963379,0.8567208051681519,-0.04539098963141441,R
0.8024345636367798,0.8951919674873352,-4.285982129204058e-07,0.8325579166412354,0.7626771330833435,-0.03855689615011215,0.8224023580551147,0.619392454624176,-0.055761776864528656,0.7673773765563965,0.6058591604232788,-0.0693175420165062,0.7290360331535339,0.6707301735877991,-0.07636353373527527,0.6890257000923157,0.5869214534759521,-0.016623765230178833,0.7201085686683655,0.5737360119819641,-0.05941448733210564,0.7559753060340881,0.6484273076057434,-0.08663536608219147,0.7549257874488831,0.6911976337432861,-0.10280337184667587,0.6422780752182007,0.6534914374351501,-0.017632488161325455,0.6904166340827942,0.6782099008560181,-0.0602688193321228,0.7461796402931213,0.7368621826171875,-0.07625699788331985,0.746056854724884,0.745471715927124,-0.07959962636232376,0.6243276000022888,0.7312461137771606,-0.026162881404161453,0.681469738483429,0.774063766002655,-0.06449764966964722,0.7362907528877258,0.804957926273346,-0.06421986222267151,0.7318241596221924,0.7967612743377686,-0.05754443258047104,0.6242371797561646,0.807621955871582,-0.03919251263141632,0.679104745388031,0.8430071473121643,-0.058621540665626526,0.7194623947143555,0.8633295893669128,-0.05511411651968956,0.7118746042251587,0.8575745820999146,-0.04868000000715256,R
0.8036972284317017,0.8804445266723633,-3.2812181416375097e-07,0.8309566378593445,0.7463482022285461,-0.039287447929382324,0.8208940029144287,0.6068243384361267,-0.05762606859207153,0.7675731182098389,0.6013914346694946,-0.0726042315363884,0.7334924936294556,0.6714157462120056,-0.08164602518081665,0.6860518455505371,0.5838499665260315,-0.017159337177872658,0.7172960638999939,0.5698714852333069,-0.059104159474372864,0.7573489546775818,0.6427821516990662,-0.08597474545240402,0.7590439915657043,0.6816341876983643,-0.10193862020969391,0.6412699222564697,0.6507014036178589,-0.017770543694496155,0.6910280585289001,0.6730437278747559,-0.0602879524230957,0.7488341331481934,0.7334242463111877,-0.07650810480117798,0.7506640553474426,0.7418482899665833,-0.07956577092409134,0.6246482133865356,0.7284693717956543,-0.025717871263623238,0.6814078092575073,0.7678980827331543,-0.06344816088676453,0.7363246083259583,0.8003344535827637,-0.0628034919500351,0.7335413098335266,0.7921830415725708,-0.05558014288544655,0.6246560215950012,0.8037064075469971,-0.038187071681022644,0.6789069771766663,0.8375270366668701,-0.05587533488869667,0.7211739420890808,0.8560179471969604,-0.05082022771239281,0.7167167663574219,0.848427414894104,-0.04326222836971283,R
0.8043643236160278,0.8770548701286316,-3.3971616630879e-07,0.8306729793548584,0.7456817030906677,-0.04369804263114929,0.8218978643417358,0.6038923859596252,-0.06289402395486832,0.770077109336853,0.5899534225463867,-0.07734917104244232,0.737969160079956,0.6599521040916443,-0.08590687811374664,0.6848373413085938,0.5877519249916077,-0.020534612238407135,0.7192795276641846,0.5834599733352661,-0.06169009581208229,0.75963294506073,0.6531026363372803,-0.08847016096115112,0.7584546804428101,0.6841820478439331,-0.10517973452806473,0.6437300443649292,0.6559655666351318,-0.01910671405494213,0.6901097893714905,0.6728606224060059,-0.06337925046682358,0.7485834956169128,0.7310466766357422,-0.08086222410202026,0.7497814893722534,0.7400421500205994,-0.08427824079990387,0.6286938190460205,0.7324053049087524,-0.02489260397851467,0.6805800795555115,0.7690655589103699,-0.06339740753173828,0.7348324060440063,0.7982175350189209,-0.06300701200962067,0.7310875058174133,0.7906277775764465,-0.05563904717564583,0.6295045018196106,0.8068516850471497,-0.035468779504299164,0.6788354516029358,0.8399761915206909,-0.05350311100482941,0.7194043397903442,0.855536937713623,-0.04869883880019188,0.7146679162979126,0.8483693599700928,-0.04133659601211548,R
0.8052170872688293,0.86686772108078,-3.780355655180756e-07,0.8308429718017578,0.7382692694664001,-0.04057585448026657,0.8211008310317993,0.5969870090484619,-0.05814126878976822,0.7695339322090149,0.586291491985321,-0.07198414206504822,0.737400233745575,0.656599223613739,-0.07864203304052353,0.6890590190887451,0.572636604309082,-0.015056108124554157,0.7151610255241394,0.5580766201019287,-0.0562281534075737,0.7575533390045166,0.6283648610115051,-0.08039548993110657,0.7574346661567688,0.6639600992202759,-0.09450823068618774,0.6443141102790833,0.6357368230819702,-0.014368876814842224,0.6895636320114136,0.6556171178817749,-0.05675046145915985,0.7489632368087769,0.714079737663269,-0.07166333496570587,0.7452027201652527,0.7195995450019836,-0.07385428249835968,0.6271496415138245,0.7104093432426453,-0.021462704986333847,0.6816228628158569,0.7482728958129883,-0.05962293967604637,0.7371895909309387,0.7796816825866699,-0.05887720733880997,0.728516697883606,0.7704474329948425,-0.051764100790023804,0.6259307265281677,0.78371661901474,-0.033200185745954514,0.6811840534210205,0.8198021650314331,-0.05157103016972542,0.721492350101471,0.8376594185829163,-0.04848251864314079,0.7114171981811523,0.8302379846572876,-0.04257727414369583,R
0.803069531917572,0.858822762966156,-3.69584569170911e-07,0.8277920484542847,0.7287474274635315,-0.03871525079011917,0.8174769282341003,0.5874879956245422,-0.05570031329989433,0.7654812335968018,0.5782396197319031,-0.06919033825397491,0.73341304063797,0.6489956974983215,-0.0759890004992485,0.6861533522605896,0.5688063502311707,-0.014614289626479149,0.7162055373191833,0.5510623455047607,-0.05392632633447647,0.7562954425811768,0.6225317716598511,-0.07767104357481003,0.7557678818702698,0.6610104441642761,-0.09196861833333969,0.642404317855835,0.6328307390213013,-0.01472940482199192,0.6906341910362244,0.6520975828170776,-0.055923912674188614,0.7488880157470703,0.7123569250106812,-0.0708007887005806,0.747465968132019,0.7204927206039429,-0.07328566163778305,0.6264449954032898,0.7069935202598572,-0.022206705063581467,0.6798952221870422,0.7434588074684143,-0.058971233665943146,0.7339578866958618,0.7750721573829651,-0.05783495306968689,0.7276064157485962,0.7677415013313293,-0.05089623108506203,0.6267674565315247,0.7786647081375122,-0.03414107859134674,0.6792523860931396,0.8109890818595886,-0.05210484564304352,0.7181049585342407,0.830021858215332,-0.048292893916368484,0.709236741065979,0.823937177658081,-0.04195660725235939,R
0.8000971674919128,0.8529182076454163,-3.93745636984022e-07,0.8271828293800354,0.7240000367164612,-0.039382219314575195,0.8186187148094177,0.5824704766273499,-0.05653362348675728,0.7662470936775208,0.5717988610267639,-0.07017821818590164,0.7327193021774292,0.6417438387870789,-0.07741127908229828,0.6884105801582336,0.5602373480796814,-0.014683254994452,0.7152221202850342,0.5413752794265747,-0.055535245686769485,0.7527748346328735,0.6142853498458862,-0.08053339272737503,0.7529534101486206,0.6546782851219177,-0.09518839418888092,0.6443573236465454,0.622904896736145,-0.01442708633840084,0.6897609233856201,0.6369004845619202,-0.0569830983877182,0.7450820803642273,0.7007768154144287,-0.07293512672185898,0.7433577179908752,0.7131725549697876,-0.07543865591287613,0.6272947788238525,0.6962937712669373,-0.021643375977873802,0.6802841424942017,0.7304815649986267,-0.059419747442007065,0.7324442863464355,0.7664623260498047,-0.05902320146560669,0.7256620526313782,0.7624037861824036,-0.05190226063132286,0.6264492869377136,0.7686381936073303,-0.03331407159566879,0.6791611313819885,0.8010812401771545,-0.05161059647798538,0.7176855206489563,0.8217756152153015,-0.04811711609363556,0.7084886431694031,0.8172199726104736,-0.04173428565263748,R
0.7975146174430847,0.8461766242980957,-3.5226696581958095e-07,0.8236328363418579,0.715972363948822,-0.03701067343354225,0.8158764839172363,0.5760035514831543,-0.05417904257774353,0.7643387317657471,0.5663008093833923,-0.06833510845899582,0.7318883538246155,0.6363101005554199,-0.07654108852148056,0.6902098655700684,0.5584967732429504,-0.014183124527335167,0.7184619903564453,0.5344478487968445,-0.05635291710495949,0.7545748949050903,0.6111840605735779,-0.08286303281784058,0.7561089396476746,0.6559672951698303,-0.09874705225229263,0.6444237232208252,0.6206271052360535,-0.01609809510409832,0.68540358543396,0.6233927607536316,-0.061242952942848206,0.7426361441612244,0.6919626593589783,-0.07735434919595718,0.7479958534240723,0.7095823287963867,-0.07885511219501495,0.6258413195610046,0.6927228569984436,-0.025458717718720436,0.6778122186660767,0.7240908145904541,-0.06448084115982056,0.7306374907493591,0.7608904838562012,-0.06362633407115936,0.7279449701309204,0.7573396563529968,-0.05555318668484688,0.624512791633606,0.7639188170433044,-0.03911934420466423,0.6765600442886353,0.7967129349708557,-0.05779973417520523,0.7157862782478333,0.8169549703598022,-0.05371105670928955,0.7089402079582214,0.8106392025947571,-0.04684751108288765,R
0.7924178242683411,0.8453671932220459,-3.428588115639286e-07,0.8211572170257568,0.7209489941596985,-0.04069099575281143,0.8161511421203613,0.5800074934959412,-0.05942593514919281,0.7653769850730896,0.5674320459365845,-0.07451558113098145,0.7311139106750488,0.636307418346405,-0.08358024060726166,0.6925845146179199,0.5536981821060181,-0.01791480742394924,0.7169270515441895,0.5291811227798462,-0.062251977622509,0.7520275712013245,0.604601263999939,-0.08943586051464081,0.7540898323059082,0.6489527225494385,-0.10522504895925522,0.6448848843574524,0.6135944128036499,-0.018191039562225342,0.6820614337921143,0.6198623180389404,-0.06473352760076523,0.7407088279724121,0.6898249387741089,-0.08013369888067245,0.7471187114715576,0.7075414061546326,-0.08077245205640793,0.6244084239006042,0.6864851117134094,-0.026459742337465286,0.6747204065322876,0.7231030464172363,-0.06812074035406113,0.7291668057441711,0.7625967264175415,-0.06690911948680878,0.7275797128677368,0.760705292224884,-0.057820409536361694,0.6213082671165466,0.7600494623184204,-0.03919203579425812,0.6726875901222229,0.7969707250595093,-0.05981528386473656,0.7134080529212952,0.81844562292099,-0.05575668439269066,0.707332193851471,0.8125259876251221,-0.048360906541347504,R
0.7860100269317627,0.8467370867729187,-3.057820379126497e-07,0.8136833906173706,0.721106231212616,-0.03923176974058151,0.809921383857727,0.5794261693954468,-0.05771106854081154,0.7591959834098816,0.5686179399490356,-0.07267709821462631,0.7284279465675354,0.6428861021995544,-0.08152421563863754,0.687473714351654,0.5569734573364258,-0.016857752576470375,0.7123891115188599,0.5297627449035645,-0.05997512862086296,0.7474725246429443,0.6080570816993713,-0.08622408658266068,0.7494078874588013,0.6521294713020325,-0.10170826315879822,0.6406328678131104,0.6172357201576233,-0.01785987801849842,0.6743354797363281,0.6130391359329224,-0.06437520682811737,0.7330470085144043,0.686087965965271,-0.07895524054765701,0.7422489523887634,0.707197368144989,-0.07833188772201538,0.6199449896812439,0.6892068982124329,-0.026645271107554436,0.6680043935775757,0.7189153432846069,-0.06627432256937027,0.7219619154930115,0.7580888867378235,-0.06444209069013596,0.721533477306366,0.7573717832565308,-0.05489407479763031,0.6168949007987976,0.7610145211219788,-0.03988279774785042,0.6671863794326782,0.7936073541641235,-0.05748943239450455,0.7066194415092468,0.8144175410270691,-0.0525752529501915,0.7000105977058411,0.8091155290603638,-0.04510895907878876,R
0.7779744267463684,0.8462277054786682,-3.3225023798877373e-07,0.8064519166946411,0.7258568406105042,-0.042774468660354614,0.8025121092796326,0.5849551558494568,-0.061719704419374466,0.7514322996139526,0.57559734582901,-0.07628480345010757,0.7170773148536682,0.6511639952659607,-0.08409472554922104,0.6811350584030151,0.5477696061134338,-0.017216989770531654,0.7073196768760681,0.5342204570770264,-0.062457676976919174,0.7413594126701355,0.6142457127571106,-0.0904383435845375,0.7412258982658386,0.6543149948120117,-0.10650508105754852,0.6325089335441589,0.6060963869094849,-0.016170866787433624,0.6701140403747559,0.6232526302337646,-0.061879437416791916,0.7273706793785095,0.6918251514434814,-0.07635795325040817,0.7320979237556458,0.7013354897499084,-0.07660980522632599,0.6109736561775208,0.6787183880805969,-0.023725571110844612,0.6611932516098022,0.722364604473114,-0.0636897161602974,0.7131945490837097,0.7597746849060059,-0.06190481781959534,0.7091858386993408,0.7516703605651855,-0.05293311923742294,0.6061362624168396,0.7513896822929382,-0.036141131073236465,0.6573383212089539,0.7934309840202332,-0.054839134216308594,0.6969626545906067,0.8130516409873962,-0.050671253353357315,0.6901381611824036,0.8025177121162415,-0.043563030660152435,R
0.761345386505127,0.8388916254043579,-2.551006730300287e-07,0.7917922139167786,0.7177550792694092,-0.041457850486040115,0.7900857925415039,0.5818336009979248,-0.060659244656562805,0.7390748858451843,0.5738141536712646,-0.07567649334669113,0.7059110403060913,0.6502499580383301,-0.08539760112762451,0.6729198098182678,0.5484312772750854,-0.020220309495925903,0.6995498538017273,0.5290210247039795,-0.06429386138916016,0.728912889957428,0.6070054769515991,-0.09361118823289871,0.7331194877624512,0.6521692872047424,-0.11055265367031097,0.6244243383407593,0.606149435043335,-0.019351458176970482,0.658075213432312,0.6113600730895996,-0.06350922584533691,0.706163763999939,0.6774343848228455,-0.07997290045022964,0.7167952060699463,0.6969310641288757,-0.08164430409669876,0.6017451286315918,0.6762478947639465,-0.026125561445951462,0.6485404968261719,0.7132126092910767,-0.06276111304759979,0.6948809027671814,0.748912513256073,-0.0625162124633789,0.6975389719009399,0.746290922164917,-0.0548737458884716,0.5958974957466125,0.7468368411064148,-0.03768102079629898,0.6430058479309082,0.7832703590393066,-0.0537051185965538,0.6804980039596558,0.8038425445556641,-0.04872027412056923,0.6803560853004456,0.7964226603507996,-0.04133949801325798,R
0.7350853085517883,0.828231930732727,-2.0277821022318676e-07,0.7681107521057129,0.6980472207069397,-0.036283280700445175,0.7678422927856445,0.5651499032974243,-0.0534132644534111,0.716926634311676,0.5663272738456726,-0.06760232895612717,0.6867732405662537,0.6468280553817749,-0.07856549322605133,0.6606897711753845,0.5352745652198792,-0.01229368057101965,0.6747391223907471,0.5359122157096863,-0.051990535110235214,0.7021185159683228,0.6115392446517944,-0.08189935982227325,0.713036298751831,0.6568145155906677,-0.09930150210857391,0.6116840839385986,0.5963610410690308,-0.012792353518307209,0.6368405222892761,0.6141763925552368,-0.05534962937235832,0.6820558905601501,0.6802355051040649,-0.07617180049419403,0.6993367671966553,0.7080309987068176,-0.07969888299703598,0.5866650342941284,0.6664499640464783,-0.01979423686861992,0.624565601348877,0.7124863266944885,-0.05598904937505722,0.6693833470344543,0.7472419142723083,-0.06040019914507866,0.6809914112091064,0.7468162178993225,-0.05424061417579651,0.5783758163452148,0.7371895909309387,-0.03068387694656849,0.6162832975387573,0.7769057154655457,-0.047980375587940216,0.6545585989952087,0.8018814325332642,-0.043604496866464615,0.6634305119514465,0.796635091304779,-0.03500330448150635,R
0.6877326369285583,0.8089500069618225,-1.8024377368419664e-07,0.7238844633102417,0.682048499584198,-0.03255129233002663,0.7340591549873352,0.5614622235298157,-0.049610525369644165,0.6949328780174255,0.5580508708953857,-0.06531903892755508,0.6662241220474243,0.6147646903991699,-0.08045466989278793,0.6453227996826172,0.5313721895217896,-0.012995876371860504,0.6379037499427795,0.5361987352371216,-0.05284394323825836,0.6524433493614197,0.6146625280380249,-0.08344515413045883,0.6689906120300293,0.6639369130134583,-0.10067268460988998,0.6014845371246338,0.5921270847320557,-0.013459852896630764,0.5959877967834473,0.6028950214385986,-0.06040456146001816,0.6347934007644653,0.679277777671814,-0.08229219913482666,0.6695485711097717,0.721332311630249,-0.08424913138151169,0.574794590473175,0.6569024324417114,-0.019725697115063667,0.5795931816101074,0.6923617124557495,-0.06120260804891586,0.6226502656936646,0.7379993796348572,-0.06548897176980972,0.6521874070167542,0.7522499561309814,-0.056066788733005524,0.5644019842147827,0.7218606472015381,-0.028957845643162727,0.5723452568054199,0.7502614855766296,-0.05235851928591728,0.6095271110534668,0.7825684547424316,-0.04792606085538864,0.6327404379844666,0.7880175113677979,-0.03708409518003464,R
0.6586937308311462,0.7809467315673828,-8.30838473575568e-08,0.7005620002746582,0.6610868573188782,-0.036711640655994415,0.7114257216453552,0.5492300391197205,-0.055943768471479416,0.6664007306098938,0.5474976897239685,-0.07235109061002731,0.6312376260757446,0.6162328124046326,-0.08621420711278915,0.6224684715270996,0.5155792832374573,-0.022828862071037292,0.616000235080719,0.5030055642127991,-0.0653439313173294,0.6306703090667725,0.5844569802284241,-0.09426042437553406,0.6431263089179993,0.6364350914955139,-0.1097395271062851,0.5712805986404419,0.5719569325447083,-0.02244320884346962,0.5685094594955444,0.5947615504264832,-0.06853083521127701,0.6149084568023682,0.6707465648651123,-0.086042121052742,0.6465253233909607,0.70371413230896,-0.08641168475151062,0.5417889356613159,0.6365801095962524,-0.028443733230233192,0.5529175996780396,0.6857478022575378,-0.06975436955690384,0.6018899083137512,0.7293373346328735,-0.07055599987506866,0.6288400888442993,0.7378334999084473,-0.0601215735077858,0.5296849608421326,0.7029526829719543,-0.037828706204891205,0.5447003841400146,0.7432259321212769,-0.06057314947247505,0.585213303565979,0.7750899195671082,-0.05436735227704048,0.6079021096229553,0.7787435054779053,-0.04288456588983536,R
0.6285576224327087,0.7766127586364746,-1.0767123370669651e-07,0.6692785024642944,0.6627142429351807,-0.043180085718631744,0.6812107563018799,0.5403430461883545,-0.06357260793447495,0.6343798041343689,0.5273317694664001,-0.0800091102719307,0.5988008379936218,0.5954470038414001,-0.09274470806121826,0.6015537977218628,0.5006017684936523,-0.023717936128377914,0.5836336016654968,0.4804273247718811,-0.06733909994363785,0.6028933525085449,0.5552000403404236,-0.09415747225284576,0.6189572215080261,0.5970642566680908,-0.10743743926286697,0.5523084402084351,0.5548204183578491,-0.019807204604148865,0.5355874300003052,0.5663931369781494,-0.07170284539461136,0.584833562374115,0.6436786651611328,-0.09013015031814575,0.6143752932548523,0.672641396522522,-0.08850981295108795,0.5207132697105408,0.6141291260719299,-0.023027069866657257,0.519273042678833,0.6540942192077637,-0.07120761275291443,0.5702279210090637,0.7059603929519653,-0.07293032109737396,0.5935680866241455,0.7166728973388672,-0.06022786721587181,0.5036514401435852,0.6768418550491333,-0.029666826128959656,0.5105900764465332,0.7136309146881104,-0.05578995868563652,0.5522922873497009,0.7510786056518555,-0.05069917067885399,0.5723151564598083,0.7557394504547119,-0.038663290441036224,R
0.6023446321487427,0.7587355971336365,-2.163853025649587e-07,0.6447277069091797,0.6522578597068787,-0.04512375593185425,0.6559921503067017,0.526356041431427,-0.06408164650201797,0.6093590259552002,0.4932613968849182,-0.07773510366678238,0.5637167692184448,0.5273444652557373,-0.08639109134674072,0.5772148370742798,0.47879719734191895,-0.02893669158220291,0.5584110021591187,0.4844900071620941,-0.07251229137182236,0.57712322473526,0.5604001879692078,-0.09867744892835617,0.5832602381706238,0.5971840023994446,-0.11152724921703339,0.5265855193138123,0.5276973247528076,-0.0215432271361351,0.5138095617294312,0.5813957452774048,-0.06713464111089706,0.5613574981689453,0.6436038017272949,-0.0824299082159996,0.5798389911651611,0.6517446637153625,-0.08295603096485138,0.4945627450942993,0.585475504398346,-0.02137504518032074,0.4942445158958435,0.6482234001159668,-0.06622474640607834,0.5448463559150696,0.6916788816452026,-0.06600575149059296,0.5634092092514038,0.6892000436782837,-0.05511600524187088,0.47692394256591797,0.6463491320610046,-0.024997899308800697,0.48682570457458496,0.6927269101142883,-0.05115574225783348,0.52700275182724,0.7284331321716309,-0.046877048909664154,0.5438404083251953,0.7283371090888977,-0.036055728793144226,R
0.5612165331840515,0.7389886379241943,-3.3390625731044565e-07,0.5890576243400574,0.6415465474128723,-0.019303029403090477,0.5990432500839233,0.5216923952102661,-0.023357423022389412,0.5858942866325378,0.46138840913772583,-0.028430623933672905,0.5648834109306335,0.4373592734336853,-0.03216814249753952,0.556265115737915,0.47090864181518555,0.007968353107571602,0.532321035861969,0.4606795907020569,-0.021983271464705467,0.5321506261825562,0.5320938229560852,-0.04474164918065071,0.5394328236579895,0.5832550525665283,-0.05617362633347511,0.5192340612411499,0.5123893022537231,0.007040361408144236,0.4900255799293518,0.5258322954177856,-0.028997506946325302,0.5154201984405518,0.5973272323608398,-0.04607340693473816,0.5394279956817627,0.633520781993866,-0.04750644788146019,0.4939374625682831,0.5614528656005859,0.0007163527770899236,0.4657033681869507,0.585869550704956,-0.03585151582956314,0.5003083348274231,0.6406053304672241,-0.03609216585755348,0.5266187787055969,0.6614456176757812,-0.025182077661156654,0.48182496428489685,0.6160548329353333,-0.007079495582729578,0.459542840719223,0.6295726895332336,-0.03129598870873451,0.48539939522743225,0.6733269095420837,-0.026164572685956955,0.5072516202926636,0.6876115202903748,-0.0140928253531456,R
0.5502315759658813,0.7167033553123474,-2.0992588645185606e-07,0.5896440744400024,0.6304969787597656,-0.03822655975818634,0.6071521043777466,0.5098491907119751,-0.05090468376874924,0.5701044797897339,0.452333003282547,-0.060276105999946594,0.5319218635559082,0.4338942766189575,-0.06340213865041733,0.5511319041252136,0.452985942363739,-0.0165751613676548,0.5236071944236755,0.43667393922805786,-0.05918097123503685,0.5250962376594543,0.5133574604988098,-0.08195701986551285,0.5215036273002625,0.5574946403503418,-0.09153000265359879,0.5016964673995972,0.49377092719078064,-0.0111208725720644,0.4782266318798065,0.5155932307243347,-0.054836202412843704,0.5156527757644653,0.5876032114028931,-0.06654003262519836,0.5301905274391174,0.5903337597846985,-0.06457946449518204,0.4682605564594269,0.5443347692489624,-0.013598422519862652,0.45711421966552734,0.5806443691253662,-0.05763489753007889,0.4994703233242035,0.6333715319633484,-0.05274905264377594,0.5117385983467102,0.6253535747528076,-0.03942035138607025,0.44485902786254883,0.6024007201194763,-0.0194028802216053,0.4474392533302307,0.633522093296051,-0.04511521756649017,0.4807243347167969,0.6739330291748047,-0.03833319619297981,0.4914741814136505,0.669213593006134,-0.026326311752200127,R
0.5341420769691467,0.7067962884902954,-2.2947760669467243e-07,0.5772550106048584,0.6237064599990845,-0.04228547587990761,0.5875385403633118,0.4989321231842041,-0.05630159005522728,0.5360076427459717,0.4437808096408844,-0.06631002575159073,0.4867638349533081,0.4344882369041443,-0.06964720785617828,0.5442779064178467,0.43556302785873413,-0.015588218346238136,0.5244064927101135,0.3964804708957672,-0.06476306915283203,0.5151304006576538,0.4706522226333618,-0.09221675246953964,0.5050095319747925,0.5181664228439331,-0.10445214807987213,0.4911075234413147,0.47791290283203125,-0.010892082937061787,0.46087750792503357,0.47440627217292786,-0.06241494044661522,0.4991406500339508,0.554018497467041,-0.07535086572170258,0.5192979574203491,0.5636299252510071,-0.07139509916305542,0.4551617205142975,0.5313069224357605,-0.015598422847688198,0.4390198886394501,0.551811158657074,-0.06676344573497772,0.4837762713432312,0.6108360886573792,-0.059384576976299286,0.49919870495796204,0.6059709787368774,-0.04176059737801552,0.4317832887172699,0.5937672257423401,-0.024140486493706703,0.43012863397598267,0.6128604412078857,-0.055250134319067,0.4637337625026703,0.6544501781463623,-0.04749917984008789,0.4747440814971924,0.6499462127685547,-0.03343480825424194,R
0.5191393494606018,0.7060269117355347,-2.0761474672781333e-07,0.5626357793807983,0.6235291361808777,-0.03980322927236557,0.5707225799560547,0.5062528848648071,-0.05480991676449776,0.524121880531311,0.45236921310424805,-0.06708494573831558,0.47915053367614746,0.42923158407211304,-0.0735158920288086,0.5272655487060547,0.43692734837532043,-0.020851237699389458,0.49420854449272156,0.37841880321502686,-0.06915970146656036,0.48584455251693726,0.4466080069541931,-0.09500148892402649,0.49092286825180054,0.49890783429145813,-0.10572312772274017,0.47917425632476807,0.4838447570800781,-0.017387762665748596,0.4354730248451233,0.4701882600784302,-0.0717875137925148,0.47199371457099915,0.5485802888870239,-0.08547411113977432,0.5040271878242493,0.5676721334457397,-0.08138694614171982,0.4451350271701813,0.5385361909866333,-0.022470291703939438,0.41513484716415405,0.5483542680740356,-0.07773888856172562,0.46059128642082214,0.604854166507721,-0.07279882580041885,0.4882950484752655,0.6059376001358032,-0.05520087480545044,0.422812819480896,0.5990084409713745,-0.030511008575558662,0.4087396264076233,0.6031278371810913,-0.06581009179353714,0.442611962556839,0.6475427150726318,-0.05879664793610573,0.4619459807872772,0.6532883644104004,-0.043938759714365005,R
0.5111700892448425,0.7221075296401978,-2.1678533812519163e-07,0.5484871864318848,0.6211121082305908,-0.036963317543268204,0.5544278025627136,0.49903255701065063,-0.052563026547431946,0.5070914030075073,0.45873773097991943,-0.06662853062152863,0.45987072587013245,0.46500226855278015,-0.07553447037935257,0.5046916007995605,0.44364696741104126,-0.014494920149445534,0.4699323773384094,0.39689549803733826,-0.062771275639534,0.46608805656433105,0.4713473618030548,-0.0908316895365715,0.4807453751564026,0.5263805985450745,-0.10381598770618439,0.4586215317249298,0.4916788637638092,-0.014431069605052471,0.41482770442962646,0.4685754179954529,-0.0717226192355156,0.4492085874080658,0.5479719638824463,-0.08954022079706192,0.48437315225601196,0.5774778127670288,-0.08733121305704117,0.4265918731689453,0.5462260246276855,-0.022746697068214417,0.3921037018299103,0.5521590709686279,-0.08004091680049896,0.4397716820240021,0.6105226874351501,-0.0791718140244484,0.4746533930301666,0.6187496185302734,-0.06329981982707977,0.40598443150520325,0.6050776839256287,-0.03389325365424156,0.38792046904563904,0.6101427674293518,-0.06970158219337463,0.42453253269195557,0.6533538103103638,-0.06532847136259079,0.4511323571205139,0.6594685316085815,-0.05265047401189804,R
0.49066704511642456,0.7376856207847595,-1.65495649184777e-07,0.5304083824157715,0.6356962323188782,-0.040157340466976166,0.5401661396026611,0.5205003619194031,-0.06092886999249458,0.49311092495918274,0.4951745867729187,-0.07931210845708847,0.44833803176879883,0.526391863822937,-0.09453020244836807,0.49286943674087524,0.4618847370147705,-0.02735811285674572,0.46449190378189087,0.41536256670951843,-0.07699911296367645,0.44924160838127136,0.49441051483154297,-0.10773412138223648,0.45982813835144043,0.5540778040885925,-0.12366168200969696,0.44601404666900635,0.5056479573249817,-0.028008989989757538,0.41172167658805847,0.4596923887729645,-0.08907575160264969,0.4290296733379364,0.5414532423019409,-0.11013517528772354,0.4611230790615082,0.5902700424194336,-0.10820598900318146,0.41254499554634094,0.5594784021377563,-0.03585309162735939,0.3814361095428467,0.5632979869842529,-0.09181145578622818,0.42016854882240295,0.6234080791473389,-0.0928102508187294,0.4579508304595947,0.6420843005180359,-0.07754964381456375,0.3907678723335266,0.6192388534545898,-0.046950891613960266,0.372041255235672,0.6297541856765747,-0.08104230463504791,0.4046612083911896,0.671567976474762,-0.07686898857355118,0.4341813921928406,0.6792714595794678,-0.06452380120754242,R
0.4764181673526764,0.770254373550415,-2.1166619035284384e-07,0.5179117918014526,0.6822209358215332,-0.0517948642373085,0.5268940329551697,0.5695323348045349,-0.07741765677928925,0.47920870780944824,0.5285573601722717,-0.09842552989721298,0.4279375374317169,0.5329493880271912,-0.11410389840602875,0.4815276563167572,0.4966513514518738,-0.041252538561820984,0.44819098711013794,0.4427153468132019,-0.09579184651374817,0.43586426973342896,0.5276989936828613,-0.1275794953107834,0.44409555196762085,0.590704619884491,-0.1435210108757019,0.430817186832428,0.5409336090087891,-0.03638174757361412,0.3885442912578583,0.5148364901542664,-0.09770703315734863,0.41560256481170654,0.5918148159980774,-0.11625222116708755,0.4490298628807068,0.6212577223777771,-0.11545475572347641,0.39527273178100586,0.595190703868866,-0.04037431627511978,0.3636722266674042,0.6054013967514038,-0.09727898240089417,0.40323320031166077,0.6590099334716797,-0.09581144899129868,0.4362286925315857,0.6643400192260742,-0.08162085711956024,0.3723524808883667,0.6546741724014282,-0.04879181459546089,0.3560050427913666,0.6668172478675842,-0.08446893841028214,0.3889320194721222,0.7058511972427368,-0.08052907884120941,0.4164894223213196,0.709235668182373,-0.06932643055915833,R
0.4566839039325714,0.7962050437927246,-3.0189903554855846e-07,0.5025860071182251,0.7099185585975647,-0.05165713652968407,0.5081604719161987,0.5993269085884094,-0.07699114084243774,0.4594888985157013,0.5536436438560486,-0.09691063314676285,0.4083835184574127,0.5435556173324585,-0.11337023228406906,0.4800697863101959,0.5352348685264587,-0.04920905828475952,0.44810599088668823,0.4892823398113251,-0.10659202188253403,0.42358484864234924,0.5783876776695251,-0.14087115228176117,0.4219284653663635,0.648984432220459,-0.1581272929906845,0.4291791319847107,0.5690987706184387,-0.04418813809752464,0.39247992634773254,0.5232717990875244,-0.10554303973913193,0.3949311673641205,0.5991045832633972,-0.12580448389053345,0.41572073101997375,0.6482326984405518,-0.12569889426231384,0.39025411009788513,0.6173974275588989,-0.04712428152561188,0.3550868630409241,0.6302125453948975,-0.10378368943929672,0.38200587034225464,0.6875094771385193,-0.10489608347415924,0.41424140334129333,0.7041767835617065,-0.09187516570091248,0.36306360363960266,0.6729651093482971,-0.05418456718325615,0.3425319194793701,0.6976132392883301,-0.0919809639453888,0.3686598241329193,0.7397560477256775,-0.09019700437784195,0.39643388986587524,0.7465672492980957,-0.0799609050154686,R
0.40487706661224365,0.8263759016990662,-4.990064326193533e-07,0.4378926455974579,0.7739706039428711,-0.027306078001856804,0.4537813067436218,0.6757435202598572,-0.03888745233416557,0.4414431154727936,0.610092043876648,-0.04932822287082672,0.4275238811969757,0.5574968457221985,-0.05733859911561012,0.46929851174354553,0.5886864066123962,-0.020121365785598755,0.450055330991745,0.5263599753379822,-0.06169560179114342,0.4154425859451294,0.5909128189086914,-0.08542236685752869,0.40391743183135986,0.6537889838218689,-0.09452991187572479,0.4391520023345947,0.5831878781318665,-0.019560247659683228,0.4084616005420685,0.5101265907287598,-0.06175077334046364,0.37954503297805786,0.5762456059455872,-0.07591608166694641,0.37762361764907837,0.6370108723640442,-0.07226135581731796,0.4116740822792053,0.5962083339691162,-0.02419072389602661,0.3639296293258667,0.5892651081085205,-0.06671863794326782,0.3600173592567444,0.6643770933151245,-0.06778712570667267,0.374345600605011,0.7116071581840515,-0.05456062778830528,0.3884398937225342,0.6246803402900696,-0.030290961265563965,0.3433593213558197,0.6409589052200317,-0.06002495065331459,0.3468098044395447,0.6987886428833008,-0.05605677142739296,0.3660458028316498,0.7330336570739746,-0.042763710021972656,R
0.38245442509651184,0.8572631478309631,-8.752112989895977e-07,0.34516921639442444,0.782990038394928,-0.004646727815270424,0.3438422679901123,0.6838224530220032,-0.011077042669057846,0.36253711581230164,0.621276319026947,-0.021861368790268898,0.39279448986053467,0.5844125151634216,-0.03020857460796833,0.42028772830963135,0.6218247413635254,-0.0032817127648741007,0.4005977511405945,0.5554998517036438,-0.03610458970069885,0.36324816942214966,0.6195021271705627,-0.05401325598359108,0.35091498494148254,0.6831080913543701,-0.06008891761302948,0.4457707405090332,0.6221153140068054,-0.013832272961735725,0.4043808877468109,0.5413113236427307,-0.044857874512672424,0.3696141839027405,0.5969938039779663,-0.05284127593040466,0.3571077585220337,0.6585298180580139,-0.04865353927016258,0.467732310295105,0.6359655261039734,-0.027700502425432205,0.39648061990737915,0.6174208521842957,-0.05782949551939964,0.37454622983932495,0.6900949478149414,-0.05673732981085777,0.3709222078323364,0.7490040063858032,-0.046523693948984146,0.4841327667236328,0.6640270948410034,-0.04224110767245293,0.4197753071784973,0.6563071012496948,-0.06038398668169975,0.38917669653892517,0.7104085087776184,-0.05496583878993988,0.376463919878006,0.7588095664978027,-0.044447798281908035,R
0.3966919481754303,0.8885509967803955,-7.535493296018103e-07,0.3417128324508667,0.8073984384536743,-0.01508522592484951,0.3280828297138214,0.7061477899551392,-0.02340804785490036,0.3445454239845276,0.6390364170074463,-0.03422698751091957,0.37376514077186584,0.6045650243759155,-0.04028673842549324,0.4048810303211212,0.6369187831878662,-0.002235452178865671,0.3852265179157257,0.5704303979873657,-0.0413728766143322,0.34897997975349426,0.635554850101471,-0.06102433055639267,0.34051916003227234,0.696020245552063,-0.06631367653608322,0.42686963081359863,0.6370053887367249,-0.009076419286429882,0.3841027021408081,0.5613654851913452,-0.04881587624549866,0.3483866751194,0.6228303909301758,-0.057736970484256744,0.33993303775787354,0.6811433434486389,-0.05018751695752144,0.445446252822876,0.6531275510787964,-0.021743696182966232,0.3633359372615814,0.6566969752311707,-0.061729446053504944,0.3416798710823059,0.736993670463562,-0.06307286769151688,0.34411370754241943,0.791673481464386,-0.05045974627137184,0.4618319571018219,0.6857714653015137,-0.036174312233924866,0.38573482632637024,0.6951209902763367,-0.06013672798871994,0.3579480051994324,0.7555185556411743,-0.05744445323944092,0.3515377640724182,0.799956202507019,-0.046300552785396576,R
0.38996419310569763,0.9055091738700867,-3.432509743106493e-07,0.43716999888420105,0.8359534740447998,-0.041494835168123245,0.43866896629333496,0.7229790091514587,-0.058650366961956024,0.4009798765182495,0.651116132736206,-0.07252689450979233,0.36248889565467834,0.6138555407524109,-0.08158913254737854,0.41601645946502686,0.6285228133201599,-0.025674160569906235,0.36848941445350647,0.5822263956069946,-0.07104545831680298,0.3526957929134369,0.6605283617973328,-0.09582177549600601,0.3617095947265625,0.7213506102561951,-0.10552970319986343,0.37418827414512634,0.6540511250495911,-0.02093465067446232,0.30298230051994324,0.6476589441299438,-0.07113287597894669,0.31443148851394653,0.7286089658737183,-0.08800443261861801,0.3422062397003174,0.7729638814926147,-0.08683861792087555,0.33967718482017517,0.6975675821304321,-0.02368256449699402,0.2781672477722168,0.7256047129631042,-0.076938696205616,0.30853271484375,0.792232871055603,-0.08187311887741089,0.3437638282775879,0.8216661214828491,-0.07042797654867172,0.3161745071411133,0.7476468086242676,-0.029209285974502563,0.2749159634113312,0.7719464302062988,-0.06641750782728195,0.2933497428894043,0.8246076107025146,-0.06749854236841202,0.3175700306892395,0.8500551581382751,-0.05717477574944496,R
0.39315998554229736,0.8769707083702087,-1.344347282383751e-07,0.4403378665447235,0.8118669986724854,-0.05485886335372925,0.4482877850532532,0.6941655278205872,-0.07821860909461975,0.4060957729816437,0.63303542137146,-0.09669995307922363,0.3545745313167572,0.6132593154907227,-0.10847797244787216,0.38563796877861023,0.6005398631095886,-0.037428464740514755,0.35963141918182373,0.5554145574569702,-0.09286719560623169,0.3590947687625885,0.6216180324554443,-0.12152966111898422,0.3643909692764282,0.6708328127861023,-0.1328955441713333,0.33527129888534546,0.6357945203781128,-0.02992633357644081,0.29482099413871765,0.6595146656036377,-0.09109722077846527,0.32685306668281555,0.7301724553108215,-0.1087978258728981,0.3497365713119507,0.7420468330383301,-0.10757266730070114,0.30100321769714355,0.6885480284690857,-0.03254895657300949,0.27501919865608215,0.7396965622901917,-0.09276449680328369,0.31899911165237427,0.7910187244415283,-0.09527985006570816,0.3455613851547241,0.784212052822113,-0.08348503708839417,0.2782868444919586,0.7449371814727783,-0.03973092511296272,0.2670409381389618,0.7902010679244995,-0.07895245403051376,0.3008876442909241,0.8340584635734558,-0.07997190952301025,0.32446587085723877,0.8305560350418091,-0.07102826982736588,R
0.3931538462638855,0.8480351567268372,-1.8290477044047293e-07,0.4305092394351959,0.7652458548545837,-0.0474073626101017,0.43137049674987793,0.6573026180267334,-0.07092700153589249,0.387572705745697,0.6231350898742676,-0.09065006673336029,0.33710646629333496,0.6350439786911011,-0.10554633289575577,0.3798255920410156,0.5663732886314392,-0.034201476722955704,0.3506249189376831,0.5361031293869019,-0.0870441421866417,0.34297817945480347,0.6114531755447388,-0.1164649948477745,0.3486676812171936,0.6554653644561768,-0.13133203983306885,0.32981592416763306,0.6057381629943848,-0.03203486651182175,0.2886515259742737,0.6090941429138184,-0.09290477633476257,0.3117929995059967,0.6892972588539124,-0.10941646993160248,0.33608096837997437,0.713828980922699,-0.10711411386728287,0.29508113861083984,0.6601065993309021,-0.03877084329724312,0.2623501420021057,0.6997116804122925,-0.09542681276798248,0.30196377635002136,0.7589956521987915,-0.09208720177412033,0.33066797256469727,0.760744571685791,-0.07708176225423813,0.27380672097206116,0.7195612788200378,-0.04987006634473801,0.2553073763847351,0.7632489204406738,-0.08581796288490295,0.2893203794956207,0.8064386248588562,-0.08242861926555634,0.3148808479309082,0.7997345328330994,-0.07148268073797226,R
0.3822364807128906,0.8042965531349182,-6.989330358919688e-08,0.41348695755004883,0.7158198952674866,-0.05730042606592178,0.4106588363647461,0.6108662486076355,-0.08709584176540375,0.3561134338378906,0.5871515870094299,-0.1114823967218399,0.30686575174331665,0.6213725209236145,-0.13003726303577423,0.3700144290924072,0.5299155712127686,-0.04090529680252075,0.3414340913295746,0.4873773455619812,-0.09851564466953278,0.3301621079444885,0.5645575523376465,-0.13104663789272308,0.3341684639453888,0.6135327816009521,-0.14702296257019043,0.3204144835472107,0.5777003169059753,-0.03526866436004639,0.27868571877479553,0.5622075796127319,-0.10149785876274109,0.3031049370765686,0.6427927613258362,-0.12058859318494797,0.33028125762939453,0.6685613393783569,-0.11796639859676361,0.286143034696579,0.6353208422660828,-0.03953246772289276,0.2526082992553711,0.6557411551475525,-0.10153204202651978,0.29265153408050537,0.7113699316978455,-0.09959257394075394,0.32185032963752747,0.7131478190422058,-0.0829390436410904,0.26435375213623047,0.6951062083244324,-0.04865410923957825,0.2464897781610489,0.7167232036590576,-0.08671941608190536,0.27837586402893066,0.7573860883712769,-0.08238998055458069,0.3020126223564148,0.7549461722373962,-0.06969533860683441,R
0.37362515926361084,0.7578338980674744,-4.338668802006396e-08,0.40099847316741943,0.6637052297592163,-0.050884176045656204,0.4005555808544159,0.5548257827758789,-0.07755065709352493,0.35179656744003296,0.525402307510376,-0.10002099722623825,0.3075614869594574,0.5613157153129578,-0.1168663427233696,0.35064664483070374,0.48279836773872375,-0.032088521867990494,0.31611496210098267,0.4462733268737793,-0.0852515771985054,0.3175554573535919,0.5170847177505493,-0.11579253524541855,0.3322259783744812,0.5584390163421631,-0.13057853281497955,0.30287057161331177,0.5352224111557007,-0.028310002759099007,0.2603965997695923,0.5146032571792603,-0.08859913796186447,0.2912694215774536,0.590386152267456,-0.10617511719465256,0.32070767879486084,0.6138690114021301,-0.10361552238464355,0.2709687054157257,0.5951937437057495,-0.03373008966445923,0.23927560448646545,0.6078760623931885,-0.09063565731048584,0.2811918258666992,0.6586679816246033,-0.08849459141492844,0.30966702103614807,0.6602712869644165,-0.07260057330131531,0.25085997581481934,0.6569250822067261,-0.043486181646585464,0.2334679663181305,0.6705502271652222,-0.07689939439296722,0.2668335735797882,0.7068139910697937,-0.0713166743516922,0.2901790142059326,0.7052584290504456,-0.05857666954398155,R
0.3617328405380249,0.7071948051452637,-1.4765112155146198e-07,0.3844184875488281,0.607379674911499,-0.035176221281290054,0.38261309266090393,0.5022270083427429,-0.053922489285469055,0.3315781056880951,0.4706185460090637,-0.07087872177362442,0.2860024571418762,0.49051445722579956,-0.08409791439771652,0.3392995297908783,0.4452432692050934,-0.024423297494649887,0.29630252718925476,0.3929711580276489,-0.06867226213216782,0.29030293226242065,0.4568854570388794,-0.0943102240562439,0.3056848645210266,0.5047612190246582,-0.10581144690513611,0.2959200143814087,0.4986555874347687,-0.023979047313332558,0.24776017665863037,0.4622136354446411,-0.07440273463726044,0.27065229415893555,0.535385251045227,-0.08922601491212845,0.3020506203174591,0.5694567561149597,-0.0863666832447052,0.2664853632450104,0.5573240518569946,-0.03000669553875923,0.22852635383605957,0.5545003414154053,-0.07684878259897232,0.26379138231277466,0.6030243039131165,-0.0733659565448761,0.2940099835395813,0.6154720783233643,-0.058276738971471786,0.2461474984884262,0.6187694668769836,-0.038744889199733734,0.22128698229789734,0.6159344911575317,-0.06632714718580246,0.24966788291931152,0.6490715742111206,-0.05844024568796158,0.2736077606678009,0.6548111438751221,-0.04474211111664772,R
0.34433984756469727,0.6596182584762573,-2.2636548635546205e-07,0.36417651176452637,0.5542057156562805,-0.032414939254522324,0.36209675669670105,0.4406493902206421,-0.04618346318602562,0.3094983696937561,0.4073822796344757,-0.05854601040482521,0.2648623585700989,0.4309734106063843,-0.06518963724374771,0.32205095887184143,0.39523470401763916,-0.01317615993320942,0.2772587239742279,0.3371715843677521,-0.05600687861442566,0.2755914330482483,0.40818285942077637,-0.07731357961893082,0.2927211821079254,0.4537530541419983,-0.08491386473178864,0.2793539762496948,0.4492127001285553,-0.012385813519358635,0.2294546663761139,0.41583502292633057,-0.0611596554517746,0.2587529420852661,0.49336978793144226,-0.0716111809015274,0.2902476489543915,0.51402747631073,-0.06501621007919312,0.2505999505519867,0.506607174873352,-0.01889067329466343,0.21255089342594147,0.5002086162567139,-0.06678015738725662,0.2511804699897766,0.554782509803772,-0.06031036749482155,0.27855756878852844,0.5578975081443787,-0.04194089397788048,0.23055818676948547,0.5666881799697876,-0.027788201346993446,0.20557871460914612,0.557395339012146,-0.053911373019218445,0.2357548475265503,0.594099760055542,-0.04332751780748367,0.25781282782554626,0.5985254049301147,-0.027110185474157333,R
0.33085736632347107,0.6194278001785278,-1.9172547638390824e-07,0.3492988049983978,0.5056354403495789,-0.0320558026432991,0.3466545641422272,0.38413119316101074,-0.04309151694178581,0.2920994758605957,0.3514266014099121,-0.05349995195865631,0.25069278478622437,0.39040130376815796,-0.05690832808613777,0.30167943239212036,0.34767740964889526,0.0009406331810168922,0.2551825940608978,0.2913767099380493,-0.04021067917346954,0.26067298650741577,0.3588925898075104,-0.06017453223466873,0.28311964869499207,0.39959028363227844,-0.06641612201929092,0.2602797746658325,0.4038327634334564,0.0016597146168351173,0.21157744526863098,0.37227052450180054,-0.04680018499493599,0.24706357717514038,0.446720689535141,-0.05818115174770355,0.279752641916275,0.4576960504055023,-0.05100481957197189,0.23323094844818115,0.46133095026016235,-0.005909371189773083,0.19624140858650208,0.4533213973045349,-0.056217554956674576,0.23974032700061798,0.5071378946304321,-0.0518723726272583,0.26861855387687683,0.5040601491928101,-0.03305332362651825,0.21441835165023804,0.5209214687347412,-0.015888605266809464,0.18993666768074036,0.5071344375610352,-0.042851392179727554,0.22277066111564636,0.5449973344802856,-0.03292444348335266,0.245807945728302,0.5495214462280273,-0.01612190715968609,R
0.31767788529396057,0.587071418762207,-2.679194892607484e-07,0.337828665971756,0.47341176867485046,-0.0314691960811615,0.3344360589981079,0.3407924473285675,-0.040482256561517715,0.2782239019870758,0.30457603931427,-0.048905469477176666,0.24167975783348083,0.36302807927131653,-0.04861573502421379,0.28731152415275574,0.30613428354263306,0.006688555236905813,0.236955925822258,0.24664118885993958,-0.03431934863328934,0.24917666614055634,0.3219664692878723,-0.05137123540043831,0.2745206952095032,0.35612404346466064,-0.05562176555395126,0.24843309819698334,0.3623923063278198,0.005415637977421284,0.19765137135982513,0.3260447382926941,-0.04410943016409874,0.2404443919658661,0.4082774817943573,-0.05196283757686615,0.2737007737159729,0.41368114948272705,-0.040912676602602005,0.22287042438983917,0.4206424653530121,-0.004877816885709763,0.1842118501663208,0.40701326727867126,-0.05829605087637901,0.23316679894924164,0.4706417918205261,-0.050187066197395325,0.2609711289405823,0.4668119251728058,-0.027023110538721085,0.20402267575263977,0.4828360080718994,-0.017675291746854782,0.17860767245292664,0.4636853039264679,-0.04581369832158089,0.21508093178272247,0.5082666277885437,-0.03332660719752312,0.23682348430156708,0.5160865187644958,-0.013941103592514992,R
0.3130421042442322,0.561657190322876,-3.1817017998037045e-07,0.33008965849876404,0.4471452832221985,-0.02531810849905014,0.32516416907310486,0.31688225269317627,-0.034633368253707886,0.2691892087459564,0.2775430381298065,-0.04462490603327751,0.22930273413658142,0.33178600668907166,-0.04732806980609894,0.2837378978729248,0.28161293268203735,0.001404467853717506,0.2336253672838211,0.21765249967575073,-0.03799566626548767,0.2420235127210617,0.2922776937484741,-0.054116081446409225,0.26513704657554626,0.33147501945495605,-0.05865439772605896,0.24323248863220215,0.33622294664382935,-0.003704338800162077,0.18877635896205902,0.2980158030986786,-0.0523093119263649,0.23005937039852142,0.379023015499115,-0.059290070086717606,0.26358163356781006,0.39049604535102844,-0.04893921688199043,0.21558025479316711,0.3929026126861572,-0.016232101246714592,0.17426139116287231,0.3782467842102051,-0.06840250641107559,0.2246166467666626,0.4430861175060272,-0.05945219472050667,0.25345849990844727,0.44686591625213623,-0.036872852593660355,0.1954847127199173,0.45375072956085205,-0.030604315921664238,0.17022690176963806,0.43546634912490845,-0.05888441950082779,0.20716489851474762,0.48358625173568726,-0.0460582971572876,0.22822359204292297,0.4965077042579651,-0.02711193636059761,R
0.3050087094306946,0.5353820323944092,-3.8640180832771875e-07,0.3253965377807617,0.4297763705253601,-0.02415386773645878,0.31888464093208313,0.2983051538467407,-0.031473398208618164,0.2624273896217346,0.24931976199150085,-0.039747223258018494,0.22334767878055573,0.3022761344909668,-0.040165845304727554,0.27925798296928406,0.2570183277130127,0.0031605043914169073,0.22786742448806763,0.19581489264965057,-0.03642800822854042,0.23844805359840393,0.27096647024154663,-0.05221221223473549,0.2612360715866089,0.3088359236717224,-0.05662102252244949,0.2391689568758011,0.3122088313102722,-0.002386024221777916,0.18332406878471375,0.27449464797973633,-0.052138712257146835,0.22697122395038605,0.3551766574382782,-0.05845285579562187,0.2587977349758148,0.36361220479011536,-0.04743698611855507,0.21116232872009277,0.36751747131347656,-0.015581506304442883,0.16849273443222046,0.3527149558067322,-0.06922449916601181,0.2204931527376175,0.4180309772491455,-0.05935992673039436,0.24758172035217285,0.4206838011741638,-0.036154720932245255,0.18903321027755737,0.42561501264572144,-0.03068147785961628,0.1647416055202484,0.4094456136226654,-0.060433149337768555,0.20182301104068756,0.4593861699104309,-0.04836434870958328,0.22089910507202148,0.47193336486816406,-0.030057352036237717,R
0.29764190316200256,0.5167434811592102,-4.555571706532646e-07,0.3252319097518921,0.42382320761680603,-0.021400703117251396,0.3183968961238861,0.28910335898399353,-0.02526956796646118,0.26117607951164246,0.2310151308774948,-0.030131326988339424,0.22107768058776855,0.2805728018283844,-0.02734311670064926,0.27506768703460693,0.23931774497032166,0.004265050869435072,0.2259516566991806,0.17690832912921906,-0.03309173136949539,0.23592650890350342,0.2502234876155853,-0.047186337411403656,0.25760748982429504,0.2899104654788971,-0.05082711577415466,0.23423585295677185,0.2934424877166748,-0.0011903474805876613,0.18150383234024048,0.25532838702201843,-0.05017852038145065,0.2257683128118515,0.33736270666122437,-0.055914729833602905,0.2554408311843872,0.3479200601577759,-0.04458450525999069,0.20556926727294922,0.3462294936180115,-0.013721352443099022,0.16489696502685547,0.3336789309978485,-0.0675080344080925,0.21829262375831604,0.40217092633247375,-0.05731005594134331,0.24418605864048004,0.40774208307266235,-0.03418305143713951,0.18129318952560425,0.40145498514175415,-0.02778337337076664,0.1582449972629547,0.38914579153060913,-0.059363871812820435,0.19712978601455688,0.4430185556411743,-0.04823391139507294,0.21609558165073395,0.456123948097229,-0.030482502654194832,R
0.29693472385406494,0.5025656223297119,-4.1586102383917023e-07,0.32237574458122253,0.40538638830184937,-0.021188676357269287,0.31712785363197327,0.27233028411865234,-0.026244182139635086,0.26073524355888367,0.21566921472549438,-0.03253768011927605,0.2191721349954605,0.262209951877594,-0.03110072948038578,0.27461883425712585,0.22571595013141632,0.0036275831516832113,0.22656644880771637,0.1598365157842636,-0.034638602286577225,0.23335151374340057,0.23186270892620087,-0.048424337059259415,0.2527301609516144,0.27292922139167786,-0.051592059433460236,0.2331390529870987,0.2794155180454254,-0.002066352404654026,0.1813679039478302,0.24484747648239136,-0.050145599991083145,0.22497227787971497,0.327602744102478,-0.0540449395775795,0.25363796949386597,0.33139774203300476,-0.04197883605957031,0.2040117383003235,0.3316563069820404,-0.015091133303940296,0.16421395540237427,0.32070663571357727,-0.06815691292285919,0.21596908569335938,0.3886762857437134,-0.055723462253808975,0.2404215782880783,0.38789665699005127,-0.031671926379203796,0.17931783199310303,0.3857029676437378,-0.02973424270749092,0.15721061825752258,0.3744308054447174,-0.059665728360414505,0.1943497657775879,0.4281199276447296,-0.046360161155462265,0.2117316722869873,0.4380533695220947,-0.027403512969613075,R
0.29470372200012207,0.49048563838005066,-4.443509169504978e-07,0.3234347105026245,0.39472874999046326,-0.021173356100916862,0.31844964623451233,0.2580150365829468,-0.024692198261618614,0.26117146015167236,0.19749125838279724,-0.02939734421670437,0.218666210770607,0.24973344802856445,-0.026152880862355232,0.2733607888221741,0.21220837533473969,0.00610321993008256,0.2283848524093628,0.14295430481433868,-0.03167657181620598,0.2337035834789276,0.21721188724040985,-0.0455523245036602,0.2507323920726776,0.26087671518325806,-0.04908377304673195,0.232443168759346,0.2663373351097107,0.0007593570044264197,0.18057051301002502,0.22949081659317017,-0.04899919405579567,0.22467564046382904,0.3145088851451874,-0.05427011474967003,0.25455594062805176,0.32282379269599915,-0.04263125732541084,0.20378516614437103,0.3189491331577301,-0.011942566372454166,0.16491450369358063,0.3079310357570648,-0.06616144627332687,0.21738816797733307,0.3775160610675812,-0.054753925651311874,0.2426118403673172,0.3804119825363159,-0.030920913442969322,0.17894843220710754,0.37256473302841187,-0.026230338960886,0.15862363576889038,0.36214667558670044,-0.05708463490009308,0.19629213213920593,0.4159144163131714,-0.04513543099164963,0.21399620175361633,0.4265463948249817,-0.027028921991586685,R
0.3022152781486511,0.48251229524612427,-4.266328801350028e-07,0.32792243361473083,0.3818514347076416,-0.02443741261959076,0.3217596709728241,0.2431846261024475,-0.029290974140167236,0.2617872357368469,0.1857844591140747,-0.03497361019253731,0.21989847719669342,0.24338167905807495,-0.032145895063877106,0.27558764815330505,0.20343205332756042,0.00755423353984952,0.22959108650684357,0.13603094220161438,-0.03111042082309723,0.24079830944538116,0.21043863892555237,-0.04568326473236084,0.25982579588890076,0.25306883454322815,-0.04940645769238472,0.23456686735153198,0.25874096155166626,0.0029686219058930874,0.18360695242881775,0.21794188022613525,-0.047399744391441345,0.23065245151519775,0.30375808477401733,-0.05342013016343117,0.25843343138694763,0.3113095760345459,-0.041851550340652466,0.205825075507164,0.3126128315925598,-0.009499894455075264,0.16744747757911682,0.29788118600845337,-0.06534421443939209,0.22188404202461243,0.369823694229126,-0.054058752954006195,0.24560238420963287,0.3730676472187042,-0.02952205017209053,0.18053628504276276,0.36797016859054565,-0.023777754977345467,0.15946897864341736,0.3537720739841461,-0.05543503537774086,0.1996738612651825,0.4080142378807068,-0.04263152927160263,0.21712622046470642,0.4190104007720947,-0.023518582805991173,R
0.3057979941368103,0.48061251640319824,-4.913043198939704e-07,0.3340661823749542,0.38142263889312744,-0.024022100493311882,0.3281622529029846,0.24036388099193573,-0.027336757630109787,0.26895859837532043,0.18000224232673645,-0.031109504401683807,0.22486768662929535,0.23491135239601135,-0.026355193927884102,0.27983176708221436,0.19928239285945892,0.007715736515820026,0.23698243498802185,0.1255209594964981,-0.03033316135406494,0.2442668378353119,0.20314395427703857,-0.043984510004520416,0.2604234516620636,0.24885621666908264,-0.04701348394155502,0.23953698575496674,0.2528224587440491,0.003732584184035659,0.18908123672008514,0.20711749792099,-0.04754739999771118,0.23409025371074677,0.2954995036125183,-0.053534865379333496,0.2627568244934082,0.3062528073787689,-0.0411720909178257,0.2106289565563202,0.3056384325027466,-0.007946218363940716,0.17304128408432007,0.29006272554397583,-0.06342271715402603,0.22655141353607178,0.3638986051082611,-0.051907528191804886,0.25090402364730835,0.3688899874687195,-0.026972990483045578,0.18437404930591583,0.3606753349304199,-0.021404016762971878,0.1638171374797821,0.3488764762878418,-0.05306385084986687,0.20366179943084717,0.40405622124671936,-0.04071403294801712,0.2221289873123169,0.41429150104522705,-0.02171260118484497,R
0.31314414739608765,0.4817333221435547,-4.787204375134024e-07,0.3406640887260437,0.37627920508384705,-0.023026423528790474,0.33407676219940186,0.23388859629631042,-0.02670079469680786,0.275274395942688,0.17587202787399292,-0.031817726790905,0.23371079564094543,0.23431788384914398,-0.02864806354045868,0.28512993454933167,0.19863033294677734,0.009347940795123577,0.24273166060447693,0.12554891407489777,-0.02979741059243679,0.2505737841129303,0.20250578224658966,-0.043821729719638824,0.2673214077949524,0.24573424458503723,-0.04718155786395073,0.2438545972108841,0.2541205883026123,0.0035412313882261515,0.19369779527187347,0.20878039300441742,-0.04839975759387016,0.23970797657966614,0.29784393310546875,-0.05388207361102104,0.26900482177734375,0.3066844642162323,-0.04105135053396225,0.21545001864433289,0.30780479311943054,-0.010313477367162704,0.17790931463241577,0.2897152006626129,-0.06681246310472488,0.2315911054611206,0.3642381429672241,-0.05466959998011589,0.2555748224258423,0.3678532540798187,-0.029053064063191414,0.19052466750144958,0.36324524879455566,-0.026018958538770676,0.17075517773628235,0.3470354676246643,-0.05690833181142807,0.209763765335083,0.4012371003627777,-0.04336966946721077,0.2271042764186859,0.4113326668739319,-0.023746781051158905,R
0.32096970081329346,0.4853728413581848,-5.510974006028846e-07,0.3530396819114685,0.38724419474601746,-0.022459598258137703,0.34578120708465576,0.23856160044670105,-0.024187061935663223,0.28533294796943665,0.1727544516324997,-0.02675051987171173,0.2415313720703125,0.23186396062374115,-0.020504692569375038,0.2943013906478882,0.20211073756217957,0.00976993516087532,0.2496112585067749,0.13154460489749908,-0.028880063444375992,0.26248401403427124,0.2096489667892456,-0.042693864554166794,0.2811345160007477,0.24971741437911987,-0.0461009256541729,0.2533365488052368,0.2583194375038147,0.004465848673135042,0.2033138871192932,0.21039974689483643,-0.04713983088731766,0.25123345851898193,0.29892098903656006,-0.05261559411883354,0.27803871035575867,0.30737200379371643,-0.04013548791408539,0.22510293126106262,0.3115745186805725,-0.00865935068577528,0.1875901073217392,0.28982752561569214,-0.06494668126106262,0.2424989938735962,0.36592990159988403,-0.05180547758936882,0.26447930932044983,0.37144461274147034,-0.026125328615307808,0.19898447394371033,0.36596500873565674,-0.023520639166235924,0.1791664958000183,0.35028618574142456,-0.05559808760881424,0.22101590037345886,0.4071328043937683,-0.042310930788517,0.2379894256591797,0.41723543405532837,-0.023010127246379852,R
0.33505356311798096,0.4957495629787445,-5.093382924314938e-07,0.36184895038604736,0.3887454569339752,-0.02370755560696125,0.356559693813324,0.24100041389465332,-0.0280179250985384,0.298574298620224,0.18072469532489777,-0.033447492867708206,0.25782454013824463,0.24335935711860657,-0.030008811503648758,0.3063036799430847,0.21137937903404236,0.009181942790746689,0.26026710867881775,0.14351533353328705,-0.030780669301748276,0.27838751673698425,0.22220507264137268,-0.04579987749457359,0.2976985275745392,0.2565096616744995,-0.04997546598315239,0.2665867805480957,0.26974213123321533,0.0028519732877612114,0.2171352505683899,0.22115665674209595,-0.048443399369716644,0.2660830616950989,0.3097265958786011,-0.05428145080804825,0.2903938591480255,0.3146369457244873,-0.04219917580485344,0.23902489244937897,0.3260653018951416,-0.011618326418101788,0.2024228870868683,0.30029356479644775,-0.06834033876657486,0.25670138001441956,0.37611353397369385,-0.05578063800930977,0.2764310836791992,0.3768683075904846,-0.030154278501868248,0.214517742395401,0.38394877314567566,-0.02786126360297203,0.19480815529823303,0.36166390776634216,-0.05802539736032486,0.23568284511566162,0.41791272163391113,-0.04242445528507233,0.2511863112449646,0.4287716746330261,-0.02164638042449951,R
0.35743531584739685,0.5168913006782532,-5.045221769250929e-07,0.3778642416000366,0.4063135087490082,-0.02779591642320156,0.37461650371551514,0.26114070415496826,-0.03537474945187569,0.3153698444366455,0.20321182906627655,-0.04345916211605072,0.2738007605075836,0.2612086832523346,-0.042226601392030716,0.32576289772987366,0.2276279777288437,0.006009179167449474,0.27674901485443115,0.16107672452926636,-0.035071223974227905,0.29650771617889404,0.2408297210931778,-0.05061572045087814,0.3161463141441345,0.27173691987991333,-0.05496697500348091,0.2855946719646454,0.287482887506485,0.000775836524553597,0.2373252511024475,0.23923684656620026,-0.04980440437793732,0.28659892082214355,0.3296563923358917,-0.05492580682039261,0.3087649941444397,0.33280056715011597,-0.042618390172719955,0.2575022578239441,0.3463943600654602,-0.013011387549340725,0.22160658240318298,0.3198080360889435,-0.06916296482086182,0.2755208909511566,0.3956482410430908,-0.055570267140865326,0.2937000095844269,0.39419862627983093,-0.029249215498566628,0.23391149938106537,0.40810173749923706,-0.02894611656665802,0.21397936344146729,0.38159680366516113,-0.057212915271520615,0.25405076146125793,0.43557292222976685,-0.03933771699666977,0.2681189477443695,0.4461015462875366,-0.017019830644130707,R
0.38370445370674133,0.5450546741485596,-4.5935735215607565e-07,0.39874815940856934,0.4286390244960785,-0.027588989585638046,0.3946342170238495,0.2845267355442047,-0.03581741824746132,0.33883655071258545,0.23169216513633728,-0.044689618051052094,0.2972715497016907,0.2863978147506714,-0.04491729661822319,0.3430062532424927,0.25330808758735657,0.007936459966003895,0.29664090275764465,0.19106832146644592,-0.03362283855676651,0.313938170671463,0.2636672854423523,-0.051681071519851685,0.33296293020248413,0.2970113456249237,-0.05764315277338028,0.30335283279418945,0.3118995726108551,0.0028935472946614027,0.257020503282547,0.2710273563861847,-0.04679234325885773,0.30487146973609924,0.3528176248073578,-0.054465074092149734,0.32712826132774353,0.35574793815612793,-0.0446721576154232,0.2762336730957031,0.3716644048690796,-0.010798368602991104,0.2429884672164917,0.3545306324958801,-0.06358771026134491,0.2954159080982208,0.42167192697525024,-0.05234566330909729,0.31178897619247437,0.4173787236213684,-0.02888408862054348,0.25454583764076233,0.43503642082214355,-0.0269567109644413,0.2371605783700943,0.41636669635772705,-0.052139028906822205,0.2752513289451599,0.46325957775115967,-0.035575952380895615,0.2872887849807739,0.46925783157348633,-0.015033737756311893,R
0.4041692912578583,0.5765969753265381,-4.363975563137501e-07,0.41845548152923584,0.4540867209434509,-0.026319587603211403,0.417019248008728,0.31274038553237915,-0.03484247997403145,0.3627663254737854,0.26052504777908325,-0.044025737792253494,0.32199862599372864,0.31772327423095703,-0.045619215816259384,0.35914716124534607,0.29077789187431335,0.007475285325199366,0.3148815631866455,0.22633734345436096,-0.032745689153671265,0.33250173926353455,0.294041246175766,-0.05197444185614586,0.3521345257759094,0.33113712072372437,-0.058767419308423996,0.3212863504886627,0.3490568995475769,0.003047479782253504,0.2765336036682129,0.30445343255996704,-0.044969331473112106,0.32336944341659546,0.38171258568763733,-0.055055465549230576,0.34731975197792053,0.3940240740776062,-0.047696880996227264,0.29591232538223267,0.40933454036712646,-0.009151865728199482,0.26405423879623413,0.38970422744750977,-0.05854973942041397,0.31529688835144043,0.45273950695991516,-0.049089159816503525,0.3329460620880127,0.45684948563575745,-0.027597565203905106,0.27548521757125854,0.47395968437194824,-0.023627614602446556,0.258033812046051,0.45431268215179443,-0.04609910771250725,0.2947898507118225,0.49702370166778564,-0.030110012739896774,0.3075924515724182,0.505932092666626,-0.010590223595499992,R
0.4239719808101654,0.6114087104797363,-4.3121545445501397e-07,0.43363291025161743,0.48789799213409424,-0.025978846475481987,0.4321226477622986,0.3520607054233551,-0.03556454926729202,0.38252487778663635,0.3035188317298889,-0.04607250913977623,0.3467842936515808,0.3554704189300537,-0.0493035688996315,0.37590277194976807,0.3256956934928894,0.004472134634852409,0.3312748372554779,0.26842233538627625,-0.03726108744740486,0.34979385137557983,0.33587345480918884,-0.057989053428173065,0.3705221116542816,0.37336599826812744,-0.06545263528823853,0.33891433477401733,0.3873142600059509,2.663482700882014e-05,0.2940971255302429,0.3493937849998474,-0.046675536781549454,0.340433269739151,0.4246205687522888,-0.0555141344666481,0.36476221680641174,0.4332195222377777,-0.04815636947751045,0.3148069977760315,0.44924548268318176,-0.0123029425740242,0.2828386723995209,0.4339101314544678,-0.0591387040913105,0.3326491415500641,0.4925570785999298,-0.04874872416257858,0.35133081674575806,0.4925383925437927,-0.027741989120841026,0.29644379019737244,0.5144193768501282,-0.027215341106057167,0.27838394045829773,0.4982098937034607,-0.04734242707490921,0.3142595887184143,0.5370616912841797,-0.030905310064554214,0.3289293646812439,0.5432441234588623,-0.011700882576406002,R
0.4347602128982544,0.6396620273590088,-3.925173359675682e-07,0.4447816014289856,0.5135693550109863,-0.026710208505392075,0.44257935881614685,0.38179048895835876,-0.03710537776350975,0.3921431303024292,0.34327974915504456,-0.04874161630868912,0.35637030005455017,0.39992383122444153,-0.05376964807510376,0.39410799741744995,0.35645803809165955,0.005249109584838152,0.3495137691497803,0.30137109756469727,-0.036695193499326706,0.36381617188453674,0.3683771789073944,-0.05768521502614021,0.38389861583709717,0.40597841143608093,-0.06547390669584274,0.3563788831233978,0.41702336072921753,0.000526351563166827,0.31094783544540405,0.3794395327568054,-0.04890953004360199,0.35476458072662354,0.4546353816986084,-0.06005186215043068,0.3811435103416443,0.46487441658973694,-0.053203035145998,0.33198457956314087,0.4773951768875122,-0.012090074829757214,0.3001185357570648,0.46408310532569885,-0.06168067827820778,0.34844598174095154,0.5225212574005127,-0.05344633385539055,0.36785510182380676,0.5229235291481018,-0.03269941359758377,0.3135871887207031,0.5417900085449219,-0.027193408459424973,0.2954520285129547,0.5269446969032288,-0.049459658563137054,0.33041277527809143,0.5660179853439331,-0.03441530838608742,0.3449975550174713,0.5721660852432251,-0.01563986949622631,R
0.4415966868400574,0.6541646122932434,-3.8066858110141766e-07,0.45275557041168213,0.5343387126922607,-0.026650438085198402,0.44893157482147217,0.40556347370147705,-0.03539634123444557,0.3955244719982147,0.3667610287666321,-0.04548191279172897,0.3602764308452606,0.4256027042865753,-0.04797697812318802,0.4046005606651306,0.38156306743621826,0.008198256604373455,0.3582838773727417,0.32740625739097595,-0.03347158059477806,0.37349167466163635,0.3964223265647888,-0.053628455847501755,0.3942720592021942,0.4320693016052246,-0.060763176530599594,0.3677925765514374,0.44305217266082764,0.0034081139601767063,0.32194119691848755,0.40861618518829346,-0.0467255562543869,0.3671627640724182,0.4832937717437744,-0.05739782378077507,0.39279821515083313,0.4883215129375458,-0.05009683594107628,0.34385645389556885,0.5027514100074768,-0.009698500856757164,0.3117256760597229,0.49054962396621704,-0.06012522056698799,0.3609011769294739,0.5485498309135437,-0.05122203752398491,0.3790700435638428,0.5463168621063232,-0.02992239221930504,0.32496869564056396,0.5653448104858398,-0.02549819089472294,0.3079618513584137,0.5502684116363525,-0.04773871228098869,0.3430904746055603,0.5889697074890137,-0.03281562402844429,0.3553307056427002,0.5944674611091614,-0.014309725724160671,R
0.4450916647911072,0.6715075373649597,-3.245635014081927e-07,0.4587031602859497,0.5501830577850342,-0.031053313985466957,0.4555773138999939,0.4188220500946045,-0.04098730906844139,0.4017108678817749,0.38205406069755554,-0.05108223110437393,0.3678151071071625,0.4438086152076721,-0.05305992066860199,0.4080743193626404,0.3982526361942291,0.005004202015697956,0.36370474100112915,0.3436409831047058,-0.03603927418589592,0.3810025155544281,0.4126279652118683,-0.054187603294849396,0.4012375473976135,0.4455931484699249,-0.05993785709142685,0.3716227412223816,0.45802655816078186,0.0023123803548514843,0.3262365162372589,0.42577064037323,-0.04774022102355957,0.373192697763443,0.5003046989440918,-0.05712189897894859,0.39894166588783264,0.5027878880500793,-0.04832880198955536,0.34799277782440186,0.5164474844932556,-0.00914420373737812,0.3173438310623169,0.508366584777832,-0.061118680983781815,0.3681122660636902,0.5662674903869629,-0.053177136927843094,0.38664671778678894,0.5605465173721313,-0.03168506920337677,0.3300037980079651,0.5775232911109924,-0.02342568151652813,0.3127624988555908,0.5651509165763855,-0.04746564105153084,0.34942060708999634,0.6053586006164551,-0.03376145660877228,0.3629518151283264,0.6101061105728149,-0.015491222962737083,R
0.45011481642723083,0.6789071559906006,-2.885212211367616e-07,0.4610091745853424,0.5598021745681763,-0.029812680557370186,0.457864910364151,0.4273912310600281,-0.038631245493888855,0.40691426396369934,0.39072033762931824,-0.047678716480731964,0.3730117380619049,0.4521416425704956,-0.04862862825393677,0.40936022996902466,0.4075068235397339,0.006989923771470785,0.36890909075737,0.3503938317298889,-0.033225167542696,0.38604506850242615,0.4181254506111145,-0.05114835500717163,0.4060855209827423,0.45185866951942444,-0.05691593885421753,0.37311142683029175,0.46535784006118774,0.003723791101947427,0.32958999276161194,0.43255510926246643,-0.04527886584401131,0.37679216265678406,0.5063826441764832,-0.05485120415687561,0.403307169675827,0.510403037071228,-0.04638583958148956,0.34982016682624817,0.5235663652420044,-0.008283697068691254,0.3221170902252197,0.5181459784507751,-0.05942406877875328,0.3742624521255493,0.5761088132858276,-0.052059147506952286,0.3929235339164734,0.5711475014686584,-0.03119058348238468,0.33205753564834595,0.5850511789321899,-0.023043176159262657,0.3175105154514313,0.5773593783378601,-0.046600036323070526,0.3558835983276367,0.6166431307792664,-0.03327320143580437,0.3695486783981323,0.619384765625,-0.015476304106414318,R
0.45253413915634155,0.6819441318511963,-2.879857845528022e-07,0.462904155254364,0.563628077507019,-0.029869230464100838,0.4628174304962158,0.4315394163131714,-0.03934032842516899,0.4143894910812378,0.39285415410995483,-0.048951391130685806,0.38183897733688354,0.454898476600647,-0.05026411637663841,0.41051822900772095,0.41250109672546387,0.006569250021129847,0.36983609199523926,0.35667240619659424,-0.03296542167663574,0.39075231552124023,0.4245888590812683,-0.05070938542485237,0.41070228815078735,0.4567174017429352,-0.05675814673304558,0.37487706542015076,0.47108471393585205,0.0037367462646216154,0.33220118284225464,0.4379996061325073,-0.042937636375427246,0.3817395567893982,0.5113086700439453,-0.05147838592529297,0.404329776763916,0.5127742290496826,-0.0436360165476799,0.351848304271698,0.5299952626228333,-0.00781751424074173,0.323874831199646,0.5213342308998108,-0.055704716593027115,0.37596064805984497,0.5788041353225708,-0.04652294144034386,0.39066481590270996,0.572836697101593,-0.026074254885315895,0.333772748708725,0.591787576675415,-0.022342875599861145,0.319502055644989,0.5829976797103882,-0.04257487133145332,0.35677462816238403,0.620275616645813,-0.027942504733800888,0.36720383167266846,0.6221751570701599,-0.010458235628902912,R
0.45218372344970703,0.6813338398933411,-2.8209490210429067e-07,0.4640445411205292,0.5617231130599976,-0.029606394469738007,0.463562548160553,0.43439775705337524,-0.03968721255660057,0.41269612312316895,0.4013645052909851,-0.05003712326288223,0.3814351260662079,0.4606245756149292,-0.052408259361982346,0.4124755263328552,0.4116570055484772,0.004243618343025446,0.3716292679309845,0.3585343360900879,-0.03606371954083443,0.3923094868659973,0.4265297055244446,-0.05388583242893219,0.41211313009262085,0.4571537375450134,-0.05997268483042717,0.37604573369026184,0.4719126224517822,0.0010775348637253046,0.33357810974121094,0.44295814633369446,-0.04535342752933502,0.38312751054763794,0.5137099027633667,-0.05306395888328552,0.40582606196403503,0.5115107297897339,-0.045230682939291,0.35241371393203735,0.5313644409179688,-0.010832749307155609,0.32492634654045105,0.523050844669342,-0.059350933879613876,0.3773496448993683,0.5785201191902161,-0.05008560046553612,0.392861008644104,0.570155680179596,-0.02971499040722847,0.33486783504486084,0.5933163166046143,-0.025591256096959114,0.3207862675189972,0.5809851288795471,-0.04639850929379463,0.357988178730011,0.6188875436782837,-0.0316854752600193,0.368806928396225,0.622179388999939,-0.014144103042781353,R
0.4527796506881714,0.681884765625,-2.6086451043738634e-07,0.4641105830669403,0.5629333853721619,-0.030609911307692528,0.4633125066757202,0.4362644851207733,-0.04114014282822609,0.41395413875579834,0.4038187265396118,-0.05177060142159462,0.3827471137046814,0.46351897716522217,-0.05438050255179405,0.412588894367218,0.4121621549129486,0.004762431140989065,0.3728681206703186,0.3604232668876648,-0.03514525294303894,0.39334601163864136,0.428070992231369,-0.05328616872429848,0.4129124879837036,0.4588146209716797,-0.05967390537261963,0.3756754696369171,0.47181278467178345,0.002291149226948619,0.33510100841522217,0.4435696005821228,-0.04299125820398331,0.3840707242488861,0.5148979425430298,-0.05083809420466423,0.4053526222705841,0.5124883055686951,-0.04334926977753639,0.3519408404827118,0.5314191579818726,-0.009045486338436604,0.3265586495399475,0.5234886407852173,-0.05598730593919754,0.3779076933860779,0.5788642168045044,-0.04674261435866356,0.3917962312698364,0.5699770450592041,-0.026864664629101753,0.33433082699775696,0.593626856803894,-0.023423893377184868,0.3223782777786255,0.5829371809959412,-0.04283612594008446,0.3587779402732849,0.6202231049537659,-0.02789042890071869,0.36825287342071533,0.6225424408912659,-0.01049290131777525,R
0.45144936442375183,0.6795746684074402,-2.9847529958715313e-07,0.46443819999694824,0.5625160336494446,-0.028063040226697922,0.4648212790489197,0.43575453758239746,-0.037607885897159576,0.41426339745521545,0.40330007672309875,-0.04761054739356041,0.3821185827255249,0.46177372336387634,-0.049662500619888306,0.4149487614631653,0.4108392596244812,0.0050385189242661,0.37434014678001404,0.3577805161476135,-0.03445601090788841,0.39458325505256653,0.4280548095703125,-0.051933519542217255,0.4129718244075775,0.45935893058776855,-0.05813748762011528,0.3778921365737915,0.47045427560806274,0.001360503607429564,0.33606743812561035,0.44284066557884216,-0.04381768777966499,0.38554897904396057,0.5146053433418274,-0.050952233374118805,0.40673020482063293,0.5114342570304871,-0.043238840997219086,0.3541991412639618,0.5297578573226929,-0.010887706652283669,0.3271128535270691,0.5222130417823792,-0.057440463453531265,0.3784928023815155,0.5780693292617798,-0.047079697251319885,0.39227452874183655,0.5688558220863342,-0.02681058458983898,0.33672839403152466,0.5912289619445801,-0.025980953127145767,0.32338905334472656,0.5816890597343445,-0.04540121182799339,0.3594074249267578,0.619415819644928,-0.030194077640771866,0.36859139800071716,0.6212913990020752,-0.012798016890883446,R
0.4525600075721741,0.6826099157333374,-2.7295570248497825e-07,0.46341943740844727,0.5629165172576904,-0.02933296374976635,0.4627313017845154,0.4363243579864502,-0.03924035280942917,0.41348934173583984,0.40297451615333557,-0.04959208518266678,0.3821638822555542,0.4627717435359955,-0.05159442126750946,0.41563624143600464,0.41246867179870605,0.006517480127513409,0.3738057315349579,0.3591417074203491,-0.03389331325888634,0.393688827753067,0.42861098051071167,-0.05172637477517128,0.4137246906757355,0.4610261619091034,-0.05752985179424286,0.3786420524120331,0.47217848896980286,0.0032888937275856733,0.3357318937778473,0.44321027398109436,-0.042708590626716614,0.3850831985473633,0.516569972038269,-0.04998340457677841,0.4080478549003601,0.5142934322357178,-0.04139421507716179,0.35509058833122253,0.53167325258255,-0.008913204073905945,0.32848232984542847,0.5257276892662048,-0.05609870329499245,0.38006553053855896,0.5820444822311401,-0.046201251447200775,0.39484095573425293,0.5722453594207764,-0.025358771905303,0.33781033754348755,0.5936616063117981,-0.024143217131495476,0.32462602853775024,0.5851272940635681,-0.04328642040491104,0.3610765337944031,0.6226785182952881,-0.027952946722507477,0.37109461426734924,0.6237924098968506,-0.010037539526820183,R
0.45463085174560547,0.6862797737121582,-2.705053532281454e-07,0.4653955399990082,0.5647397637367249,-0.02877267450094223,0.46673622727394104,0.4385147988796234,-0.03842628002166748,0.4184437394142151,0.40303176641464233,-0.0487784668803215,0.3853861689567566,0.45770159363746643,-0.05113115906715393,0.4158841371536255,0.41427677869796753,0.00727951992303133,0.3760921359062195,0.3638269901275635,-0.03299299627542496,0.39512836933135986,0.4314916431903839,-0.051570355892181396,0.41406258940696716,0.46203020215034485,-0.05821714922785759,0.37944361567497253,0.4744125306606293,0.003770406823605299,0.3354994058609009,0.4472477436065674,-0.04308837279677391,0.3852688670158386,0.5191333293914795,-0.05155955255031586,0.40922486782073975,0.5162876844406128,-0.043746691197156906,0.3568227291107178,0.534063458442688,-0.008582528680562973,0.3288317918777466,0.5290964245796204,-0.0568193681538105,0.38077884912490845,0.5838941931724548,-0.04782029986381531,0.3966731131076813,0.5739510655403137,-0.027396555989980698,0.34060850739479065,0.5960100293159485,-0.02386620081961155,0.3261031210422516,0.5870797634124756,-0.044301047921180725,0.36212339997291565,0.6235270500183105,-0.02983972430229187,0.37293168902397156,0.6246951818466187,-0.012258963659405708,R
0.4564325511455536,0.6906513571739197,-2.520621933399525e-07,0.468650758266449,0.56963050365448,-0.03158222883939743,0.47005990147590637,0.4432249069213867,-0.042271677404642105,0.4220520853996277,0.4121042788028717,-0.052821286022663116,0.3895926773548126,0.47053778171539307,-0.05543413385748863,0.41596096754074097,0.4189130961894989,0.004174365662038326,0.375611811876297,0.3735031485557556,-0.03562570735812187,0.3967495560646057,0.4405023157596588,-0.054112665355205536,0.4174240529537201,0.46894776821136475,-0.06075006350874901,0.3796243965625763,0.4780295789241791,0.0026035986375063658,0.3384329676628113,0.45475754141807556,-0.0428982749581337,0.3878849446773529,0.5246831178665161,-0.05123284459114075,0.41027334332466125,0.5209198594093323,-0.04374800622463226,0.3565376102924347,0.5373057126998901,-0.007911800406873226,0.3307112455368042,0.5361336469650269,-0.05416163057088852,0.38229456543922424,0.5876203179359436,-0.04643520340323448,0.39704474806785583,0.5753308534622192,-0.027541501447558403,0.34009692072868347,0.5986146926879883,-0.02161213755607605,0.32771939039230347,0.5951183438301086,-0.040396735072135925,0.3631576895713806,0.6290538907051086,-0.026998242363333702,0.3725750148296356,0.6281577944755554,-0.010689091868698597,R
0.461494505405426,0.7006759643554688,-2.901747109262942e-07,0.4772593080997467,0.5866024494171143,-0.03181915357708931,0.4742283821105957,0.46396535634994507,-0.04402236267924309,0.42721930146217346,0.4429594576358795,-0.05566026642918587,0.39366599917411804,0.4971171021461487,-0.061373814940452576,0.4227898120880127,0.4314647316932678,-0.004475143272429705,0.38392284512519836,0.3919278383255005,-0.044621724635362625,0.3977200984954834,0.4578331708908081,-0.06572576612234116,0.4178345203399658,0.4939350187778473,-0.07423774898052216,0.3859494924545288,0.4886262118816376,-0.005622980184853077,0.3473523259162903,0.46983814239501953,-0.051829490810632706,0.3883648216724396,0.5381962060928345,-0.06337153166532516,0.4136173129081726,0.5475843548774719,-0.05829460173845291,0.3625674247741699,0.5474950075149536,-0.014659365639090538,0.336780309677124,0.5512835383415222,-0.05920456349849701,0.38343027234077454,0.5983883142471313,-0.05524387210607529,0.4030262529850006,0.5938732624053955,-0.03952858969569206,0.34666478633880615,0.6087649464607239,-0.0267120860517025,0.33374130725860596,0.6109209060668945,-0.04639524221420288,0.36823606491088867,0.641452431678772,-0.03602789342403412,0.3833182156085968,0.6402996778488159,-0.02188298851251602,R
0.47693270444869995,0.7144556641578674,-3.090986524512118e-07,0.49688437581062317,0.6152293682098389,-0.03315335884690285,0.4935004711151123,0.5000762939453125,-0.04775550588965416,0.4425317049026489,0.47892892360687256,-0.06047689914703369,0.39760273694992065,0.5114744901657104,-0.06848259270191193,0.43038541078567505,0.45761382579803467,-0.015928013250231743,0.3986929655075073,0.4166411757469177,-0.058146972209215164,0.40712130069732666,0.4824075996875763,-0.0818958505988121,0.4247985780239105,0.5250946879386902,-0.09242884814739227,0.38983044028282166,0.5122494101524353,-0.01656794734299183,0.35717156529426575,0.4875500202178955,-0.06520761549472809,0.39327675104141235,0.5584059953689575,-0.07899236679077148,0.42050445079803467,0.5781545639038086,-0.07567217200994492,0.36420321464538574,0.5702947378158569,-0.024232614785432816,0.344007283449173,0.575333833694458,-0.07057005167007446,0.3873642683029175,0.6240701675415039,-0.06799647212028503,0.41032296419143677,0.625289261341095,-0.05375135689973831,0.34772443771362305,0.6303220987319946,-0.03450481966137886,0.3370864987373352,0.6374394297599792,-0.05861924588680267,0.3715990483760834,0.668303370475769,-0.050330329686403275,0.39041996002197266,0.6657887697219849,-0.037267353385686874,R
0.48491841554641724,0.7462381720542908,-3.053497152905038e-07,0.5091825127601624,0.6586669087409973,-0.04509873688220978,0.509455680847168,0.552251398563385,-0.06856077909469604,0.459399938583374,0.5317738652229309,-0.08751003444194794,0.4103151857852936,0.5689839720726013,-0.10129762440919876,0.4384463429450989,0.48752841353416443,-0.03523654118180275,0.4136815667152405,0.4620588719844818,-0.0849870890378952,0.4220786392688751,0.5370998382568359,-0.11302747577428818,0.4336445927619934,0.5777499675750732,-0.12646931409835815,0.3962000906467438,0.5419275164604187,-0.032312069088220596,0.37101757526397705,0.5335411429405212,-0.08558544516563416,0.40470436215400696,0.6025251150131226,-0.09965543448925018,0.42607349157333374,0.6159576177597046,-0.0973951444029808,0.3673344552516937,0.6003124117851257,-0.0373166985809803,0.35505056381225586,0.6234990954399109,-0.08518250286579132,0.3964083790779114,0.6683886051177979,-0.08066198229789734,0.41542842984199524,0.6616260409355164,-0.0667569488286972,0.34848180413246155,0.659430980682373,-0.0463632196187973,0.34546729922294617,0.6833590269088745,-0.07143011689186096,0.37989452481269836,0.7131192684173584,-0.06334850192070007,0.3960128128528595,0.703690767288208,-0.05117977038025856,R
0.48956099152565,0.7728027105331421,-2.7392508172852104e-07,0.5136946439743042,0.7048869729042053,-0.06213962286710739,0.519264280796051,0.6170371770858765,-0.09768805652856827,0.47535863518714905,0.5851462483406067,-0.12546464800834656,0.4261874854564667,0.6044216752052307,-0.1472938060760498,0.4626061022281647,0.5266343355178833,-0.060305070132017136,0.4279036521911621,0.5041138529777527,-0.12039951980113983,0.4264022409915924,0.5829069018363953,-0.1532486528158188,0.4372696578502655,0.6235754489898682,-0.169162780046463,0.4152704179286957,0.5746678709983826,-0.05187053605914116,0.3829233944416046,0.5589240193367004,-0.11690676212310791,0.407166063785553,0.6401121616363525,-0.13266795873641968,0.429979145526886,0.6618350148200989,-0.1286529004573822,0.38224586844444275,0.6299009919166565,-0.05238093435764313,0.36373329162597656,0.6583278775215149,-0.11009977757930756,0.3983408212661743,0.7124994993209839,-0.10431970655918121,0.4202636778354645,0.7078525424003601,-0.08693253993988037,0.3603364825248718,0.6863219141960144,-0.05825177952647209,0.3501046597957611,0.7168604135513306,-0.09197834879159927,0.380793035030365,0.7525702714920044,-0.08501500636339188,0.3997594118118286,0.7448595762252808,-0.0713755413889885,R
0.4983673095703125,0.8053317666053772,-2.072853959589338e-07,0.5291385054588318,0.7325980067253113,-0.06167169660329819,0.5288538336753845,0.6261078715324402,-0.09229078888893127,0.46634429693222046,0.6009898781776428,-0.11421822756528854,0.4082860052585602,0.6314371228218079,-0.12790974974632263,0.45362716913223267,0.5427353382110596,-0.04697035253047943,0.42206093668937683,0.539656400680542,-0.10386251658201218,0.4382650554180145,0.6162015795707703,-0.13467873632907867,0.4462903141975403,0.6540488600730896,-0.1488667130470276,0.4075539708137512,0.5921066999435425,-0.03675224259495735,0.3798951208591461,0.6204149127006531,-0.09413417428731918,0.4257912039756775,0.6802983283996582,-0.10922278463840485,0.44177618622779846,0.67556232213974,-0.10750392079353333,0.37857604026794434,0.6505106091499329,-0.03653811663389206,0.36837074160575867,0.7022115588188171,-0.0891290158033371,0.4137759208679199,0.7395789623260498,-0.08532814681529999,0.4245655834674835,0.7181484699249268,-0.07177122682332993,0.3596653342247009,0.7121438384056091,-0.04179910570383072,0.36071473360061646,0.7576513886451721,-0.0718119889497757,0.39644673466682434,0.7826091051101685,-0.06727150827646255,0.4065139889717102,0.7622464895248413,-0.05665045604109764,R
0.5066818594932556,0.8017197251319885,-1.826108331215437e-07,0.5330789089202881,0.7272000908851624,-0.06681849807500839,0.5306891202926636,0.6282734870910645,-0.10112236440181732,0.47355180978775024,0.6088365912437439,-0.12621957063674927,0.41895216703414917,0.6471661329269409,-0.14397405087947845,0.4594131410121918,0.5541666746139526,-0.05615752562880516,0.42897936701774597,0.5505076050758362,-0.11791728436946869,0.43556147813796997,0.6347036361694336,-0.15257805585861206,0.44004571437835693,0.6844008564949036,-0.16876338422298431,0.41364413499832153,0.6109586954116821,-0.04513152316212654,0.37921303510665894,0.6241284012794495,-0.10891097784042358,0.42002159357070923,0.6905627846717834,-0.12574583292007446,0.44338518381118774,0.6950501203536987,-0.12342807650566101,0.38475972414016724,0.6721304655075073,-0.04424203559756279,0.36856716871261597,0.7122466564178467,-0.10230806469917297,0.4118189811706543,0.7545239925384521,-0.09776648879051208,0.4299778938293457,0.7378382682800293,-0.08144836872816086,0.36745408177375793,0.7337258458137512,-0.049123071134090424,0.362347811460495,0.7684923410415649,-0.08191857486963272,0.3957778513431549,0.79401695728302,-0.07589128613471985,0.4104033410549164,0.7778463363647461,-0.06336203217506409,R
0.5139105319976807,0.8023499250411987,-9.90182797977468e-08,0.5423201322555542,0.7289955615997314,-0.06933730095624924,0.5310332775115967,0.623272180557251,-0.10267779231071472,0.46106940507888794,0.615336537361145,-0.1261485368013382,0.4076489210128784,0.6758325695991516,-0.14020422101020813,0.4506585896015167,0.5434213876724243,-0.04176173359155655,0.43354982137680054,0.5445203185081482,-0.09630901366472244,0.46028581261634827,0.6169648170471191,-0.12607847154140472,0.4638490676879883,0.6516960263252258,-0.13987049460411072,0.4058287441730499,0.601195216178894,-0.027476638555526733,0.38971394300460815,0.64460289478302,-0.0815463662147522,0.4441402554512024,0.6928715109825134,-0.09628009051084518,0.45074379444122314,0.6738534569740295,-0.09505137801170349,0.3797822594642639,0.667136549949646,-0.024454539641737938,0.3783687949180603,0.722307562828064,-0.07546205073595047,0.4261341691017151,0.7489211559295654,-0.07222724705934525,0.4266451597213745,0.7171995639801025,-0.05961419641971588,0.36352309584617615,0.7334195375442505,-0.027414098381996155,0.36982154846191406,0.775490939617157,-0.055418599396944046,0.4048463702201843,0.7919217348098755,-0.050531160086393356,0.40790557861328125,0.7666816711425781,-0.040265779942274094,R
0.5221396684646606,0.8007014989852905,-8.195532075205847e-08,0.5475174784660339,0.7260507941246033,-0.06456327438354492,0.5378050804138184,0.6175744533538818,-0.09538146108388901,0.46760958433151245,0.6034840941429138,-0.1176724061369896,0.41439759731292725,0.6650012731552124,-0.13034476339817047,0.4551105201244354,0.5496944189071655,-0.0343458354473114,0.43614479899406433,0.5243561267852783,-0.08756133913993835,0.4579958915710449,0.5845493078231812,-0.11612832546234131,0.4646286368370056,0.617298424243927,-0.1288241744041443,0.408650279045105,0.6041444540023804,-0.02146741934120655,0.38957270979881287,0.632081151008606,-0.07452986389398575,0.43991944193840027,0.6792688369750977,-0.08796361088752747,0.4487308859825134,0.6632530093193054,-0.0852963998913765,0.3809441328048706,0.6659981608390808,-0.019952015951275826,0.38041386008262634,0.7121734619140625,-0.06830266863107681,0.4227809011936188,0.7371325492858887,-0.06373831629753113,0.4228229820728302,0.7078626155853271,-0.050254207104444504,0.3639181852340698,0.729593813419342,-0.0243987999856472,0.3733641803264618,0.7677273750305176,-0.05004913732409477,0.40272462368011475,0.7839739322662354,-0.04526520147919655,0.4025869071483612,0.7620964646339417,-0.03499443456530571,R
0.5275676250457764,0.7903231382369995,-1.7236898486316932e-07,0.5495539903640747,0.7146643996238708,-0.06335488706827164,0.5478896498680115,0.616446852684021,-0.0948561578989029,0.4858245849609375,0.5897876620292664,-0.11816848069429398,0.42410019040107727,0.6245271563529968,-0.13666681945323944,0.4568968713283539,0.5454003810882568,-0.04423224553465843,0.4248727560043335,0.5243508815765381,-0.09412936121225357,0.42389702796936035,0.577578067779541,-0.12511307001113892,0.440559983253479,0.6236051917076111,-0.1397281140089035,0.41105106472969055,0.6011255979537964,-0.030939990654587746,0.36757954955101013,0.6102241277694702,-0.08339853584766388,0.4015364348888397,0.6827839016914368,-0.10095728188753128,0.43607765436172485,0.7053472399711609,-0.10057234019041061,0.38458049297332764,0.6620394587516785,-0.026402434334158897,0.3542011082172394,0.6884323358535767,-0.07852078974246979,0.39061710238456726,0.7403172254562378,-0.0770278200507164,0.421840637922287,0.7465255260467529,-0.06287279725074768,0.37165743112564087,0.7275781631469727,-0.026874680072069168,0.3501211404800415,0.7506957650184631,-0.0640970915555954,0.38111233711242676,0.781221330165863,-0.061357930302619934,0.4084984362125397,0.7800344824790955,-0.048849016427993774,R
0.5318855047225952,0.7929844260215759,-1.3521973585284286e-07,0.5515331029891968,0.718000590801239,-0.06345697492361069,0.5460970997810364,0.6238282918930054,-0.09509550034999847,0.4896944761276245,0.5848748683929443,-0.11919084936380386,0.43107789754867554,0.5985153317451477,-0.1407746523618698,0.45764562487602234,0.5619298219680786,-0.050609588623046875,0.4198855757713318,0.5413640141487122,-0.10743952542543411,0.40784722566604614,0.5833706855773926,-0.1460822969675064,0.4204104244709015,0.6314212679862976,-0.1647324562072754,0.41189655661582947,0.6180983781814575,-0.038400910794734955,0.3609379529953003,0.6090055704116821,-0.09694726020097733,0.3804575800895691,0.6839804649353027,-0.11977589875459671,0.4170551002025604,0.7279888391494751,-0.12160325050354004,0.3867214024066925,0.6801466941833496,-0.035036563873291016,0.35174959897994995,0.6953667998313904,-0.09126943349838257,0.3810034394264221,0.7486386895179749,-0.09532835334539413,0.4192686080932617,0.7681313753128052,-0.08336565643548965,0.3765672445297241,0.7482572793960571,-0.03674354404211044,0.3528197705745697,0.7695441842079163,-0.07796159386634827,0.37925636768341064,0.7959330081939697,-0.08046862483024597,0.4102879762649536,0.7962007522583008,-0.07136030495166779,R
0.5407727360725403,0.8085776567459106,-3.1457642535315244e-07,0.5597099661827087,0.7349960803985596,-0.0707208663225174,0.5501199960708618,0.6488854885101318,-0.10633254051208496,0.4998089373111725,0.6171348690986633,-0.1329282522201538,0.4450593888759613,0.6228834390640259,-0.1563357412815094,0.4455142021179199,0.5916585922241211,-0.06955272704362869,0.39717721939086914,0.6195279955863953,-0.1321028620004654,0.4073602259159088,0.7041242718696594,-0.1721321940422058,0.4349311590194702,0.7616164684295654,-0.19084924459457397,0.40822798013687134,0.6564261317253113,-0.0559997633099556,0.3468649089336395,0.6728397011756897,-0.11903185397386551,0.37080687284469604,0.7522987723350525,-0.1437714546918869,0.41149818897247314,0.7924966812133789,-0.1471189558506012,0.39348337054252625,0.7231333255767822,-0.05116311460733414,0.3552602529525757,0.7672512531280518,-0.11060956120491028,0.38782933354377747,0.8157361745834351,-0.11798128485679626,0.4300788342952728,0.8223591446876526,-0.10846345871686935,0.39446911215782166,0.7898359894752502,-0.05171426758170128,0.37032610177993774,0.8263757824897766,-0.09346070140600204,0.3962470293045044,0.8486897945404053,-0.09778112173080444,0.4289230406284332,0.8435171246528625,-0.09058655053377151,R
0.5179357528686523,0.881140410900116,-4.702147293755843e-07,0.550040602684021,0.8512396812438965,-0.0662536546587944,0.5524943470954895,0.7950471043586731,-0.1045946478843689,0.5279162526130676,0.758084774017334,-0.13486960530281067,0.49979907274246216,0.727126955986023,-0.16141128540039062,0.4795917868614197,0.6675146222114563,-0.07351859658956528,0.42501747608184814,0.6761528253555298,-0.13341914117336273,0.4264902174472809,0.7744359970092773,-0.16898199915885925,0.44875240325927734,0.8423783779144287,-0.1851402223110199,0.43636226654052734,0.6885423064231873,-0.061002518981695175,0.38315489888191223,0.6821257472038269,-0.1232258602976799,0.3987010419368744,0.78600013256073,-0.1440100371837616,0.4340938329696655,0.8519803881645203,-0.14335058629512787,0.4073678255081177,0.7285953760147095,-0.05620342865586281,0.3680356740951538,0.7677054405212402,-0.1149754449725151,0.38759922981262207,0.8546226024627686,-0.12009431421756744,0.41925734281539917,0.9005421996116638,-0.10841940343379974,0.38913390040397644,0.7793113589286804,-0.055632349103689194,0.3629807233810425,0.8214937448501587,-0.09805213660001755,0.38350626826286316,0.8797587752342224,-0.09947942942380905,0.41335389018058777,0.9034139513969421,-0.08878853917121887,R
0.47121408581733704,0.9458960294723511,-3.035564759557019e-07,0.531204342842102,0.9171581864356995,-0.05517592653632164,0.5731176733970642,0.8826806545257568,-0.09394951909780502,0.5675336718559265,0.8869695067405701,-0.12791362404823303,0.5437616109848022,0.9074788689613342,-0.16125105321407318,0.5007200241088867,0.7454519867897034,-0.07022477686405182,0.4735878109931946,0.7236508727073669,-0.12314092367887497,0.46643245220184326,0.776576578617096,-0.15628311038017273,0.47388574481010437,0.8246133327484131,-0.17115965485572815,0.447023868560791,0.7587488889694214,-0.061550792306661606,0.4338432848453522,0.7868745923042297,-0.11571390181779861,0.4416855573654175,0.8674132227897644,-0.1365518420934677,0.4595974087715149,0.9275885820388794,-0.13836094737052917,0.4054723083972931,0.795550525188446,-0.058444082736968994,0.39995071291923523,0.8620004653930664,-0.1050824224948883,0.417250394821167,0.9274047017097473,-0.11083749681711197,0.43945467472076416,0.9688432812690735,-0.10196515917778015,0.37484586238861084,0.83939528465271,-0.05957421287894249,0.3698023855686188,0.9041878581047058,-0.09008736908435822,0.3913092315196991,0.9532041549682617,-0.09038224816322327,0.4149947166442871,0.974869966506958,-0.08038317412137985,R
0.8214766979217529,0.9670538306236267,2.6237552219754434e-07,0.7932567596435547,0.8997148275375366,-0.06211394444108009,0.7341302633285522,0.8521113395690918,-0.07321546226739883,0.6764426231384277,0.8347734808921814,-0.07402285933494568,0.6217260956764221,0.8252315521240234,-0.07154951989650726,0.6366338133811951,0.8442203402519226,-0.00986775103956461,0.5678922533988953,0.8197203278541565,-0.011054408736526966,0.5265702605247498,0.8229395747184753,-0.02456740289926529,0.4903644323348999,0.8301730155944824,-0.03671890124678612,0.6265044212341309,0.8997494578361511,0.01741071417927742,0.5561656951904297,0.8954402208328247,0.01892542839050293,0.510422945022583,0.9093253016471863,-0.0007969755097292364,0.4802137613296509,0.9334266781806946,-0.01784081757068634,0.6311509609222412,0.9525688886642456,0.0369454063475132,0.5700386762619019,0.9497863054275513,0.034263208508491516,0.5302954912185669,0.9664857387542725,0.010890612378716469,0.5005670189857483,0.9875946044921875,-0.0073336646892130375,0.6480305194854736,0.9982949495315552,0.050567835569381714,0.6028981804847717,1.007300615310669,0.0417768694460392,0.5713660717010498,1.025067925453186,0.025827065110206604,0.5466097593307495,1.043656826019287,0.013880088925361633,P
0.799903929233551,0.9218775033950806,5.009763412999746e-07,0.7680377960205078,0.8502389788627625,-0.05832532420754433,0.7093023657798767,0.7838224172592163,-0.07028179615736008,0.6464973092079163,0.7510435581207275,-0.07433105260133743,0.5908637046813965,0.7189151644706726,-0.07482690364122391,0.6128983497619629,0.7820578217506409,-0.0026605031453073025,0.544981837272644,0.7459750175476074,-0.010729280300438404,0.5008021593093872,0.7418771386146545,-0.02751953713595867,0.4618343114852905,0.7459222674369812,-0.04119442403316498,0.6017054319381714,0.8327699899673462,0.019008854404091835,0.5281036496162415,0.8214256763458252,0.014806092716753483,0.4795048236846924,0.8334165215492249,-0.005736085120588541,0.44162067770957947,0.8526832461357117,-0.022231528535485268,0.6041761636734009,0.8887811899185181,0.032082103192806244,0.537830650806427,0.8895160555839539,0.02344130352139473,0.4992635250091553,0.9043107628822327,0.002839257474988699,0.4672083854675293,0.9201067090034485,-0.012501933611929417,0.6179805397987366,0.9461601972579956,0.039192505180835724,0.5673165917396545,0.9614043831825256,0.02791636995971203,0.5384415984153748,0.9780538082122803,0.014788669534027576,0.5100366473197937,0.9939509630203247,0.005408470518887043,P
0.7677537202835083,0.8988965153694153,4.943271392221504e-07,0.7427995800971985,0.8090235590934753,-0.048539645969867706,0.6886502504348755,0.7246926426887512,-0.05670391395688057,0.6236939430236816,0.68148273229599,-0.05881750211119652,0.5740423798561096,0.6416838765144348,-0.05738013610243797,0.5899339318275452,0.7274424433708191,0.0021194685250520706,0.5191044807434082,0.6827990412712097,-0.005342485383152962,0.4741756319999695,0.6719875335693359,-0.019167814403772354,0.4337646961212158,0.6678222417831421,-0.03009967692196369,0.5744284391403198,0.7801122665405273,0.019410355016589165,0.5000982284545898,0.7587127685546875,0.0167939942330122,0.4509776830673218,0.7624071836471558,0.0012916014529764652,0.4102620780467987,0.7717459797859192,-0.010979021899402142,0.5740813612937927,0.8362353444099426,0.029169250279664993,0.5089224576950073,0.8289103507995605,0.023340702056884766,0.4682120680809021,0.8330604434013367,0.009503272362053394,0.43400388956069946,0.8395187258720398,-0.0009539034217596054,0.586030900478363,0.8949275612831116,0.0334731787443161,0.5371202826499939,0.904720664024353,0.025491617619991302,0.5077188014984131,0.9146120548248291,0.01828935742378235,0.47992682456970215,0.9259223937988281,0.014025413431227207,P
0.7366220951080322,0.8644393682479858,6.252697062336665e-07,0.7130650281906128,0.7610489130020142,-0.045053914189338684,0.6661421060562134,0.6695936322212219,-0.04970856010913849,0.6032549738883972,0.6161078214645386,-0.049152493476867676,0.5570943355560303,0.561458945274353,-0.04510088637471199,0.5664319396018982,0.6772013902664185,0.019867850467562675,0.4957370162010193,0.62371426820755,0.020152932032942772,0.45116347074508667,0.6039484739303589,0.008749689906835556,0.40947991609573364,0.5891969203948975,-0.0017308263340964913,0.5481364727020264,0.7295426726341248,0.03689614683389664,0.473745197057724,0.6992782950401306,0.04242026433348656,0.4228726625442505,0.6914989352226257,0.026968063786625862,0.3802357017993927,0.6890457272529602,0.013073238544166088,0.5457682609558105,0.787716805934906,0.04595817252993584,0.480453759431839,0.7704073190689087,0.045552413910627365,0.4394843578338623,0.7662927508354187,0.030103974044322968,0.4038010239601135,0.7635582685470581,0.017297228798270226,0.5556961297988892,0.8476384878158569,0.049708835780620575,0.5070960521697998,0.8495063185691833,0.04437166824936867,0.4777034521102905,0.8533959984779358,0.03681586682796478,0.44895756244659424,0.8561863303184509,0.03163425996899605,P
0.7095038890838623,0.8312930464744568,6.074999419070082e-07,0.6950390338897705,0.7221806049346924,-0.04244474694132805,0.6493299007415771,0.6200565099716187,-0.05033551901578903,0.5885601043701172,0.5560111999511719,-0.053557898849248886,0.5476686358451843,0.4946978688240051,-0.054413363337516785,0.5473684072494507,0.6298409104347229,0.0006346059963107109,0.47774171829223633,0.5663472414016724,-0.00899360328912735,0.43247511982917786,0.5387782454490662,-0.02323077991604805,0.39130833745002747,0.5164021253585815,-0.03464643657207489,0.5246326923370361,0.6848259568214417,0.012718749232590199,0.44964176416397095,0.6421593427658081,0.007650191895663738,0.3992748260498047,0.6270478367805481,-0.0076196156442165375,0.35684627294540405,0.6165564656257629,-0.019623780623078346,0.5195162892341614,0.7450626492500305,0.018210504204034805,0.45210403203964233,0.7186185717582703,0.009860563091933727,0.4102128744125366,0.7054828405380249,-0.0028912676498293877,0.3746715784072876,0.6932441592216492,-0.012578262016177177,0.5289884209632874,0.8084983229637146,0.018857285380363464,0.4802539348602295,0.8047828078269958,0.007535218261182308,0.4493769407272339,0.8034880757331848,0.0008553196676075459,0.4191831350326538,0.8003578782081604,-0.002468212740495801,P
0.6875540614128113,0.8028846383094788,6.351115757752268e-07,0.6771183609962463,0.6906707286834717,-0.0420832633972168,0.6317601799964905,0.5794001221656799,-0.05111388489603996,0.5737621188163757,0.5087430477142334,-0.05524776130914688,0.5365891456604004,0.44323059916496277,-0.057261791080236435,0.5276889801025391,0.5897558927536011,-0.008218284696340561,0.4571235477924347,0.5196215510368347,-0.020295940339565277,0.41228437423706055,0.4852582812309265,-0.03478299826383591,0.3729071021080017,0.4573703110218048,-0.04592690244317055,0.5028427243232727,0.6469185948371887,0.002162038581445813,0.427543967962265,0.5958454012870789,-0.004816260188817978,0.3766562342643738,0.5724965333938599,-0.01894008181989193,0.33505135774612427,0.5557676553726196,-0.029859382659196854,0.4966790974140167,0.7082955241203308,0.006442920304834843,0.4275708794593811,0.6717415452003479,-0.0033061897847801447,0.3855004906654358,0.6519631147384644,-0.015177616849541664,0.3496900796890259,0.6335662603378296,-0.024221986532211304,0.5058994293212891,0.7736881971359253,0.0060195354744791985,0.4553698003292084,0.7648530006408691,-0.0069403089582920074,0.42389506101608276,0.759650468826294,-0.013437260873615742,0.3933092951774597,0.751763641834259,-0.01645561493933201,P
0.670110285282135,0.7892167568206787,6.756530979146191e-07,0.661007285118103,0.6665782928466797,-0.04228556156158447,0.6175902485847473,0.5518851280212402,-0.051398713141679764,0.5627070665359497,0.47471049427986145,-0.05547483637928963,0.5283933877944946,0.40335601568222046,-0.05732627958059311,0.5155919790267944,0.5583226680755615,-0.009629668667912483,0.4454886317253113,0.47756722569465637,-0.02297498844563961,0.40046364068984985,0.43458354473114014,-0.03810526058077812,0.3610106110572815,0.3989826738834381,-0.04934297874569893,0.48749127984046936,0.6146942377090454,0.0010727312183007598,0.41295939683914185,0.5533885955810547,-0.005853227339684963,0.3615034222602844,0.5215591192245483,-0.019572235643863678,0.31980934739112854,0.49778902530670166,-0.030203036963939667,0.4787824749946594,0.6767278909683228,0.005610985215753317,0.41082194447517395,0.6293783187866211,-0.003971319179981947,0.36878490447998047,0.601173460483551,-0.015643583610653877,0.334192156791687,0.5763155221939087,-0.024421297013759613,0.4856104552745819,0.7439213991165161,0.005427044350653887,0.43563926219940186,0.7288791537284851,-0.007138572167605162,0.4032464027404785,0.7183449268341064,-0.013381971046328545,0.3725641965866089,0.7069638967514038,-0.016111675649881363,P
0.6500048041343689,0.7757729291915894,7.463706310772977e-07,0.6471195220947266,0.6509734392166138,-0.04665578529238701,0.6096122860908508,0.5314037203788757,-0.05546686798334122,0.5563924908638,0.44686901569366455,-0.057886362075805664,0.5240935683250427,0.37030407786369324,-0.057475242763757706,0.5038978457450867,0.5323821306228638,-0.006705807987600565,0.4341880679130554,0.4427018463611603,-0.016132215037941933,0.38959527015686035,0.39468154311180115,-0.02913123182952404,0.3504411578178406,0.3546399474143982,-0.03898293152451515,0.4743157923221588,0.5878906846046448,0.008558779023587704,0.39999812841415405,0.5179749727249146,0.006712370552122593,0.3480241298675537,0.4788246750831604,-0.004589286167174578,0.3058490753173828,0.44957154989242554,-0.013998321257531643,0.463521271944046,0.6505024433135986,0.0168779119849205,0.3954732418060303,0.595978856086731,0.012158247642219067,0.3525043725967407,0.5608922839164734,0.0011953931534662843,0.3169482946395874,0.5292214155197144,-0.007907042279839516,0.4661145806312561,0.7191386222839355,0.019880834966897964,0.4171878397464752,0.7009578347206116,0.011325341649353504,0.3848392367362976,0.686674952507019,0.005251897033303976,0.35437047481536865,0.6697359085083008,0.0019625986460596323,P
0.6374048590660095,0.7619874477386475,7.919531981315231e-07,0.6367702484130859,0.6379287242889404,-0.05493057146668434,0.6001724004745483,0.5160948634147644,-0.067505843937397,0.5509161353111267,0.42602139711380005,-0.07252631336450577,0.5217793583869934,0.34219175577163696,-0.07465870678424835,0.49040424823760986,0.5111581087112427,-0.01587085612118244,0.4222317934036255,0.41731777787208557,-0.027859648689627647,0.3779371380805969,0.36547380685806274,-0.04271455481648445,0.3389160633087158,0.3199112117290497,-0.05408614128828049,0.46060195565223694,0.5657932758331299,0.0015832417411729693,0.38800323009490967,0.49285581707954407,-0.001600065384991467,0.3350604176521301,0.4481540620326996,-0.013550163246691227,0.29299986362457275,0.4126204252243042,-0.023830756545066833,0.4496081471443176,0.6297136545181274,0.011269057169556618,0.3847169280052185,0.5725721716880798,0.005160575266927481,0.3416029214859009,0.5346507430076599,-0.006159613840281963,0.30581212043762207,0.4984208345413208,-0.015649961307644844,0.45134615898132324,0.7003763318061829,0.014666017144918442,0.4026194214820862,0.6856050491333008,0.004531591199338436,0.36894989013671875,0.6709235906600952,-0.0025788238272070885,0.3375509977340698,0.6515202522277832,-0.006837732624262571,P
0.6243732571601868,0.7538019418716431,8.961583262134809e-07,0.6250902414321899,0.6298305988311768,-0.06216951832175255,0.5941078662872314,0.5098159909248352,-0.07884915918111801,0.5491085648536682,0.41694748401641846,-0.08726918697357178,0.5198549628257751,0.3291855454444885,-0.09294824302196503,0.4820258915424347,0.49413084983825684,-0.018069647252559662,0.41609641909599304,0.39347127079963684,-0.032696433365345,0.37131235003471375,0.3353087902069092,-0.05068075284361839,0.33276766538619995,0.2842327654361725,-0.06385574489831924,0.45135045051574707,0.5462260246276855,0.0025491968262940645,0.38027575612068176,0.46719056367874146,-0.0014065519208088517,0.32549047470092773,0.41596442461013794,-0.014949764125049114,0.2826930582523346,0.3747994005680084,-0.026272598654031754,0.4389386773109436,0.6093702912330627,0.0143191609531641,0.37528058886528015,0.5473348498344421,0.008245425298810005,0.33197593688964844,0.5060244202613831,-0.00398945203050971,0.2967221736907959,0.46607136726379395,-0.014119699597358704,0.4385502338409424,0.6822024583816528,0.018881041556596756,0.39111950993537903,0.667843222618103,0.008513165637850761,0.3570120930671692,0.6532238721847534,0.0006583663052879274,0.32564133405685425,0.6323823928833008,-0.0041960738599300385,P
0.6116169691085815,0.7506312131881714,7.779823363307514e-07,0.6170657277107239,0.6245546340942383,-0.0535832904279232,0.5888732075691223,0.5027514100074768,-0.07060278207063675,0.5430262684822083,0.40797293186187744,-0.08173439651727676,0.5192145109176636,0.318071573972702,-0.09087880700826645,0.47339168190956116,0.4833962023258209,-0.024538371711969376,0.40938252210617065,0.3778097629547119,-0.04663804545998573,0.3658719062805176,0.31644243001937866,-0.06753453612327576,0.32860296964645386,0.2626699209213257,-0.08263751119375229,0.4411192834377289,0.5349887013435364,-0.012676706537604332,0.37155991792678833,0.4497247636318207,-0.026348305866122246,0.3188938498497009,0.3984481692314148,-0.043006058782339096,0.2753133773803711,0.35446029901504517,-0.05591706559062004,0.42867445945739746,0.5995008945465088,-0.008294235914945602,0.36636847257614136,0.531518816947937,-0.023276226595044136,0.3234180212020874,0.4875112771987915,-0.0361444465816021,0.2883884012699127,0.44334152340888977,-0.046069346368312836,0.4295332133769989,0.6771935224533081,-0.009999885223805904,0.3795798420906067,0.6632658839225769,-0.026621032506227493,0.3458487391471863,0.6467639207839966,-0.034243255853652954,0.314969539642334,0.6244719624519348,-0.03847264498472214,P
0.6013361215591431,0.7480474710464478,7.645837172276515e-07,0.6106113791465759,0.6242555975914001,-0.05486952140927315,0.5840758085250854,0.500714123249054,-0.07304229587316513,0.5403565168380737,0.4036440849304199,-0.08537520468235016,0.5195837020874023,0.31134268641471863,-0.09629969298839569,0.46526771783828735,0.4726104140281677,-0.02794024348258972,0.4032887816429138,0.36469221115112305,-0.051659900695085526,0.360271155834198,0.3006111979484558,-0.07351428270339966,0.32370662689208984,0.24614304304122925,-0.08955686539411545,0.43303382396698,0.524895429611206,-0.017356568947434425,0.36516696214675903,0.437419056892395,-0.03369135037064552,0.31364721059799194,0.3842960596084595,-0.05220881104469299,0.27163422107696533,0.3391934633255005,-0.06637699156999588,0.4212592840194702,0.5909743309020996,-0.014246969483792782,0.3598995804786682,0.520112156867981,-0.03260352090001106,0.3164675235748291,0.475013792514801,-0.047539371997117996,0.2813723087310791,0.4286782145500183,-0.0588885098695755,0.4225519299507141,0.6723089814186096,-0.01710144430398941,0.3716658353805542,0.6601110100746155,-0.03825071454048157,0.33641695976257324,0.6437914371490479,-0.048272307962179184,0.3047718405723572,0.6198299527168274,-0.05400358512997627,P
0.5940761566162109,0.7428926229476929,8.241441378231684e-07,0.6051080822944641,0.6227554678916931,-0.06306132674217224,0.5800370573997498,0.49964216351509094,-0.08388613164424896,0.5381831526756287,0.4031601548194885,-0.09739436209201813,0.5181387066841125,0.3073909878730774,-0.10950154811143875,0.4607243239879608,0.4700397551059723,-0.034690454602241516,0.3994586765766144,0.35872983932495117,-0.05968097969889641,0.3569805920124054,0.2907344102859497,-0.08313650637865067,0.320615291595459,0.23259872198104858,-0.10037461668252945,0.4286951720714569,0.520927369594574,-0.020364366471767426,0.3607840836048126,0.430547297000885,-0.03682289645075798,0.3070945143699646,0.37369078397750854,-0.057051897048950195,0.26409244537353516,0.3271743953227997,-0.0729890912771225,0.41598811745643616,0.5863264203071594,-0.014237809926271439,0.3558811545372009,0.5146116614341736,-0.03262742981314659,0.31148213148117065,0.46699008345603943,-0.050294097512960434,0.27570074796676636,0.4181840717792511,-0.06400884687900543,0.41434425115585327,0.667316198348999,-0.014834052883088589,0.3635150194168091,0.6554999351501465,-0.03660585358738899,0.32822173833847046,0.6385394930839539,-0.048916690051555634,0.2977602481842041,0.6115915179252625,-0.05690806359052658,P
0.5887848138809204,0.7386785745620728,8.634072514723812e-07,0.5996110439300537,0.6217409372329712,-0.06485194712877274,0.5755161046981812,0.49930745363235474,-0.08570531755685806,0.5361377000808716,0.4015763998031616,-0.09871681034564972,0.518642008304596,0.30550721287727356,-0.11004681140184402,0.45596736669540405,0.4632473587989807,-0.0323670357465744,0.39463308453559875,0.35051143169403076,-0.05466904118657112,0.3519383668899536,0.2818869650363922,-0.07695754617452621,0.3156849145889282,0.22387680411338806,-0.09321144968271255,0.4232819974422455,0.5148226618766785,-0.015411695465445518,0.3559657633304596,0.42398762702941895,-0.02700195647776127,0.302970826625824,0.36705440282821655,-0.04396781697869301,0.2612546682357788,0.3222121596336365,-0.05750572681427002,0.4100116789340973,0.5804625153541565,-0.006987789645791054,0.3507397770881653,0.5083938837051392,-0.020072588697075844,0.30727413296699524,0.45994478464126587,-0.03452451154589653,0.27260473370552063,0.41200685501098633,-0.04618745669722557,0.4078696072101593,0.6613854169845581,-0.005826564505696297,0.3579624891281128,0.6488823294639587,-0.023381510749459267,0.3229144811630249,0.6325474977493286,-0.03320842236280441,0.29329755902290344,0.606972336769104,-0.03927316516637802,P
0.5798913240432739,0.7402810454368591,9.031617196342268e-07,0.5950698256492615,0.6225563883781433,-0.06824168562889099,0.5731173753738403,0.4983379542827606,-0.09021850675344467,0.5347217917442322,0.3976138234138489,-0.10356336832046509,0.5183262825012207,0.2989208698272705,-0.11485068500041962,0.45266056060791016,0.4566999673843384,-0.032000426203012466,0.39241933822631836,0.34173762798309326,-0.05151047557592392,0.35080984234809875,0.27253425121307373,-0.07142802327871323,0.31593334674835205,0.21596944332122803,-0.08544472604990005,0.41897645592689514,0.5089594125747681,-0.011867069639265537,0.35218822956085205,0.4156225621700287,-0.018839377909898758,0.30017226934432983,0.35703253746032715,-0.03209264576435089,0.25997671484947205,0.31204214692115784,-0.042510345578193665,0.4047003388404846,0.5744726061820984,-0.0005880002281628549,0.34564369916915894,0.5007606148719788,-0.00836305133998394,0.303872287273407,0.45100730657577515,-0.019260188564658165,0.2703462541103363,0.4026970863342285,-0.028485583141446114,0.4021258056163788,0.6549914479255676,0.002815380459651351,0.3532487452030182,0.6409636735916138,-0.009851321578025818,0.3194015622138977,0.6242434978485107,-0.016656139865517616,0.29159778356552124,0.5996991395950317,-0.020396819338202477,P
0.5768827199935913,0.7284045219421387,9.901698376779677e-07,0.5917549133300781,0.6127254962921143,-0.07370930910110474,0.5706828832626343,0.4899938702583313,-0.0962098091840744,0.5347998738288879,0.3901829719543457,-0.10934250056743622,0.5172903537750244,0.2907811403274536,-0.12092616409063339,0.45180362462997437,0.4503318965435028,-0.027805576100945473,0.3913520276546478,0.3348798155784607,-0.04173768684267998,0.3497685194015503,0.26445508003234863,-0.0601608082652092,0.3155587613582611,0.20644229650497437,-0.07376978546380997,0.41959431767463684,0.5037349462509155,-0.0024943614844232798,0.3532199561595917,0.4104088544845581,-0.001485271961428225,0.30007606744766235,0.350043922662735,-0.01411154679954052,0.2606077194213867,0.3042631149291992,-0.025586392730474472,0.40421414375305176,0.5680351853370667,0.01328438613563776,0.34499505162239075,0.4955616295337677,0.014777569100260735,0.303057998418808,0.44426429271698,0.004196180962026119,0.2699260115623474,0.3960888385772705,-0.006908635143190622,0.3983669579029083,0.6471220850944519,0.020127298310399055,0.34944576025009155,0.6310023665428162,0.014903789386153221,0.31520751118659973,0.6124581694602966,0.008708368055522442,0.28847536444664,0.5861481428146362,0.003669850993901491,P
0.5745677351951599,0.7243109941482544,9.012333066493738e-07,0.5894132852554321,0.6087407469749451,-0.06846682727336884,0.5677871108055115,0.48356491327285767,-0.08928050845861435,0.5319687724113464,0.3821064233779907,-0.10120260715484619,0.5178370475769043,0.28390008211135864,-0.11138418316841125,0.4508446156978607,0.44302818179130554,-0.03156108781695366,0.3911413252353668,0.32793372869491577,-0.049913447350263596,0.3495616316795349,0.25768354535102844,-0.06974156945943832,0.3152351379394531,0.19915807247161865,-0.08390422910451889,0.41739678382873535,0.4939574897289276,-0.010317157953977585,0.35199716687202454,0.4000231623649597,-0.015623489394783974,0.30028343200683594,0.33895450830459595,-0.029134413227438927,0.2601182460784912,0.29147666692733765,-0.04026322439312935,0.40219810605049133,0.5582212209701538,0.0020584275480359793,0.34427741169929504,0.4849291145801544,-0.004067559726536274,0.3030073642730713,0.433974027633667,-0.01609233394265175,0.26970595121383667,0.38534015417099,-0.02664214000105858,0.3970978558063507,0.6370813250541687,0.006485867779701948,0.3494073748588562,0.6211068034172058,-0.005130107048898935,0.3161270022392273,0.6023711562156677,-0.013035425916314125,0.2888311743736267,0.5751613974571228,-0.018145335838198662,P
0.5718326568603516,0.713798463344574,1.018936131913506e-06,0.5868414640426636,0.5942007303237915,-0.07189153134822845,0.567557156085968,0.4704640209674835,-0.09142407029867172,0.533897340297699,0.369215190410614,-0.10160402953624725,0.5180836915969849,0.27199405431747437,-0.10997950285673141,0.4510315954685211,0.4310418963432312,-0.019038747996091843,0.39188042283058167,0.31353503465652466,-0.029074860736727715,0.3502580523490906,0.24178487062454224,-0.0459105521440506,0.31612932682037354,0.1836785078048706,-0.05857990309596062,0.41859349608421326,0.4842090606689453,0.007356405258178711,0.3527402877807617,0.3888168931007385,0.012256924994289875,0.3004716634750366,0.326170951128006,0.00013084663078188896,0.2615669369697571,0.27867525815963745,-0.011141355149447918,0.40237462520599365,0.548096239566803,0.02405449002981186,0.3445756435394287,0.47310709953308105,0.028442300856113434,0.3034058213233948,0.4198257029056549,0.01682182401418686,0.2709960341453552,0.37015146017074585,0.004858517087996006,0.3946799337863922,0.6261293888092041,0.03198006749153137,0.3477439284324646,0.6084085702896118,0.028746996074914932,0.31405311822891235,0.5893287658691406,0.022141369059681892,0.2878125309944153,0.56187504529953,0.01670205034315586,P
0.5713252425193787,0.7043858766555786,1.0380848607383086e-06,0.5855553150177002,0.5848777890205383,-0.07242295145988464,0.5653260350227356,0.46182194352149963,-0.09139882028102875,0.5337827205657959,0.35904455184936523,-0.1011464074254036,0.5190801620483398,0.26031142473220825,-0.10908704996109009,0.4504365622997284,0.42147740721702576,-0.01534905843436718,0.3926404118537903,0.3033177852630615,-0.0235336534678936,0.35270947217941284,0.23143815994262695,-0.03987905755639076,0.3196355700492859,0.172819584608078,-0.052507370710372925,0.41821348667144775,0.47396737337112427,0.011639217846095562,0.35376787185668945,0.37886515259742737,0.01835455186665058,0.30260592699050903,0.3156599998474121,0.006022363901138306,0.2650384306907654,0.2675650715827942,-0.00576102314516902,0.40159401297569275,0.5377053618431091,0.02862299419939518,0.34523987770080566,0.4640148878097534,0.03429717570543289,0.30526769161224365,0.4106791615486145,0.022388355806469917,0.274120569229126,0.36041343212127686,0.009975625202059746,0.3931213319301605,0.615724503993988,0.03665396571159363,0.3458719551563263,0.5982533693313599,0.034070421010255814,0.3127492666244507,0.5789176225662231,0.02723110280930996,0.28759893774986267,0.5507898926734924,0.02142718993127346,P
0.5706794857978821,0.7018300294876099,8.90798276032001e-07,0.5867912769317627,0.5853665471076965,-0.06777404248714447,0.5671661496162415,0.4594162702560425,-0.08797755092382431,0.5341129302978516,0.3539923429489136,-0.09937725216150284,0.5210967659950256,0.2546856105327606,-0.10908380895853043,0.45288410782814026,0.41795361042022705,-0.02952980250120163,0.39553290605545044,0.2986643612384796,-0.047714367508888245,0.35628941655158997,0.22659185528755188,-0.06785121560096741,0.323667049407959,0.16587203741073608,-0.08211943507194519,0.41843628883361816,0.4668124318122864,-0.007743239868432283,0.35491904616355896,0.3704506456851959,-0.012442952021956444,0.3050815463066101,0.30800992250442505,-0.026117369532585144,0.26603907346725464,0.2587054371833801,-0.03750545158982277,0.4015105962753296,0.5295465588569641,0.005209887865930796,0.3458181619644165,0.4554067850112915,0.00021323772671166807,0.30665940046310425,0.40280312299728394,-0.010846605524420738,0.2754671573638916,0.3521742820739746,-0.02085219696164131,0.3946044445037842,0.6075695753097534,0.010170933790504932,0.34659823775291443,0.5904905200004578,3.826035026577301e-06,0.3142743408679962,0.5698701739311218,-0.006742854602634907,0.28865814208984375,0.5411189794540405,-0.011057107709348202,P
0.570091724395752,0.6988382339477539,8.681192866788479e-07,0.5885103344917297,0.5829790234565735,-0.06628863513469696,0.5692650079727173,0.45521193742752075,-0.08554854243993759,0.5369908809661865,0.3488272726535797,-0.09623190015554428,0.5247535705566406,0.2509201169013977,-0.10505057126283646,0.45427510142326355,0.41180384159088135,-0.029217448085546494,0.3982536792755127,0.291634738445282,-0.04766978323459625,0.35952091217041016,0.21881651878356934,-0.06718014925718307,0.3275865316390991,0.15822535753250122,-0.08088240027427673,0.4193219840526581,0.4601293206214905,-0.008487557992339134,0.3571354150772095,0.36264488101005554,-0.014527685940265656,0.30774810910224915,0.2992832660675049,-0.027916446328163147,0.26932430267333984,0.24941422045230865,-0.03856545314192772,0.4026022255420685,0.5227017998695374,0.003567799460142851,0.3470565676689148,0.44790351390838623,-0.003085331991314888,0.3075244128704071,0.3949216604232788,-0.014058578759431839,0.2764613628387451,0.34404420852661133,-0.023485694080591202,0.3966056704521179,0.6007569432258606,0.007862151600420475,0.3487849533557892,0.5844171643257141,-0.003943157847970724,0.31538134813308716,0.5639051198959351,-0.01103090588003397,0.28871268033981323,0.535724937915802,-0.015110681764781475,P
0.5702149868011475,0.6976901888847351,8.249851362052141e-07,0.5893964767456055,0.5810384750366211,-0.06326871365308762,0.571790337562561,0.45199936628341675,-0.08206229656934738,0.5408671498298645,0.34379416704177856,-0.09292274713516235,0.5309582948684692,0.2455335408449173,-0.10196297615766525,0.4564361870288849,0.40786561369895935,-0.030436504632234573,0.4022652208805084,0.2860652208328247,-0.05084346607327461,0.3648112714290619,0.21237868070602417,-0.07051916420459747,0.33358943462371826,0.15073084831237793,-0.08416600525379181,0.4210506081581116,0.4551057815551758,-0.012147692032158375,0.3599611222743988,0.3565792441368103,-0.02129416912794113,0.31206202507019043,0.2928468585014343,-0.035053130239248276,0.27433931827545166,0.24188381433486938,-0.04551256075501442,0.4043022394180298,0.5176945924758911,-0.0021288879215717316,0.35060620307922363,0.44303643703460693,-0.012360751628875732,0.3118525743484497,0.38969820737838745,-0.023416070267558098,0.28103792667388916,0.3378675580024719,-0.03219768404960632,0.3988228142261505,0.596179723739624,0.0005979025736451149,0.35141998529434204,0.5803651213645935,-0.0139736607670784,0.31778791546821594,0.5601417422294617,-0.021288495510816574,0.29004377126693726,0.5329208374023438,-0.02498394250869751,P
0.5717083811759949,0.6964931488037109,7.513630180255859e-07,0.594150722026825,0.5823714733123779,-0.060743577778339386,0.5783101916313171,0.45351165533065796,-0.08130016177892685,0.5474833846092224,0.3443982005119324,-0.09413302689790726,0.5389358401298523,0.24603213369846344,-0.10545805096626282,0.46133923530578613,0.4049035608768463,-0.0419452078640461,0.4092206358909607,0.28019240498542786,-0.0686333179473877,0.37238606810569763,0.2050703763961792,-0.09069549292325974,0.3413805663585663,0.1418372392654419,-0.10574337095022202,0.42451658844947815,0.44938188791275024,-0.027356572449207306,0.3642212152481079,0.34693169593811035,-0.0440514050424099,0.31746211647987366,0.2819426655769348,-0.059813547879457474,0.28009817004203796,0.22948284447193146,-0.07109497487545013,0.40782657265663147,0.5109619498252869,-0.019995499402284622,0.3527822196483612,0.4330502450466156,-0.037222348153591156,0.3134051561355591,0.3790823519229889,-0.049453530460596085,0.28211820125579834,0.3264358639717102,-0.05833550915122032,0.40415364503860474,0.5898609161376953,-0.01917256973683834,0.35486623644828796,0.5734501481056213,-0.0393204465508461,0.3205486536026001,0.5528261661529541,-0.04783526062965393,0.29152190685272217,0.5263592004776001,-0.051744796335697174,P
0.5751622915267944,0.6936253309249878,7.793768190822448e-07,0.5994246006011963,0.5836727619171143,-0.06207498908042908,0.585878312587738,0.4557674527168274,-0.08305899053812027,0.5569467544555664,0.3462470769882202,-0.09627169370651245,0.5504109859466553,0.2500293254852295,-0.10791418701410294,0.4689374566078186,0.39703771471977234,-0.04255049675703049,0.4197447597980499,0.2706090807914734,-0.07090229541063309,0.3832686245441437,0.19273653626441956,-0.09405399113893509,0.35386258363723755,0.12782028317451477,-0.10932990163564682,0.43156081438064575,0.43899571895599365,-0.02751902863383293,0.3718385398387909,0.3326881229877472,-0.04437413066625595,0.3248710036277771,0.2653082311153412,-0.05926916375756264,0.28723764419555664,0.21132639050483704,-0.06928731501102448,0.4141223132610321,0.4993174076080322,-0.020047931000590324,0.3580864667892456,0.4162413775920868,-0.03743951767683029,0.3187984824180603,0.3610744774341583,-0.048717107623815536,0.2881206274032593,0.3085479736328125,-0.05633441358804703,0.40869009494781494,0.5787148475646973,-0.019375687465071678,0.35927581787109375,0.5609902143478394,-0.04008716717362404,0.32592469453811646,0.53814697265625,-0.0483078807592392,0.2979966998100281,0.5086280703544617,-0.05138039216399193,P
0.5811491012573242,0.6967427730560303,8.236683584073035e-07,0.6066907644271851,0.594092845916748,-0.06677934527397156,0.594023585319519,0.46822628378868103,-0.08989530801773071,0.5671461224555969,0.35809752345085144,-0.10426250845193863,0.5636504292488098,0.2613510489463806,-0.11681999266147614,0.4785368740558624,0.39295440912246704,-0.047317761927843094,0.43144407868385315,0.2635423243045807,-0.07762252539396286,0.3968658447265625,0.1827215552330017,-0.10295957326889038,0.36811137199401855,0.11445662379264832,-0.12014178931713104,0.43958067893981934,0.4319990873336792,-0.030646031722426414,0.3828012943267822,0.3203885555267334,-0.0494939461350441,0.3373873233795166,0.24720816314220428,-0.06665898859500885,0.3000933527946472,0.18754488229751587,-0.07868219166994095,0.42065632343292236,0.49152863025665283,-0.021869489923119545,0.36716705560684204,0.40529346466064453,-0.041102662682533264,0.3287273645401001,0.3462560772895813,-0.05500548705458641,0.29855963587760925,0.2893262505531311,-0.06458847224712372,0.41367796063423157,0.5710449814796448,-0.0202289167791605,0.36472654342651367,0.5485336780548096,-0.04288388043642044,0.33156758546829224,0.5229646563529968,-0.05322197079658508,0.30373090505599976,0.49007976055145264,-0.05810301750898361,P
0.5807266235351562,0.7045144438743591,7.624634008607245e-07,0.6099161505699158,0.6075605750083923,-0.06286472082138062,0.6013854742050171,0.48895174264907837,-0.08693305402994156,0.5788752436637878,0.3859198987483978,-0.10312432050704956,0.5779224634170532,0.29483944177627563,-0.11787966638803482,0.48875829577445984,0.39311763644218445,-0.05142160505056381,0.447832316160202,0.2591111660003662,-0.0829324722290039,0.41707608103752136,0.1767730414867401,-0.10859096050262451,0.39074552059173584,0.10699626803398132,-0.12683320045471191,0.4492759108543396,0.42669886350631714,-0.03869550675153732,0.3955543041229248,0.3062148094177246,-0.0629654973745346,0.3526853919029236,0.2314964383840561,-0.08501947671175003,0.31761884689331055,0.16982510685920715,-0.10057712346315384,0.43002572655677795,0.48180699348449707,-0.032558031380176544,0.37883079051971436,0.3857486844062805,-0.057215120643377304,0.3418826162815094,0.3211473822593689,-0.07665085792541504,0.3147047758102417,0.2607434093952179,-0.09007644653320312,0.4238777756690979,0.5582776665687561,-0.03246546536684036,0.37457913160324097,0.529012143611908,-0.05834604427218437,0.3424864709377289,0.4977477788925171,-0.07183205336332321,0.317330926656723,0.4622989892959595,-0.07957180589437485,P
0.586615800857544,0.7218856811523438,7.851397185731912e-07,0.620292603969574,0.6349474191665649,-0.06869513541460037,0.6146714687347412,0.5240446329116821,-0.0967044085264206,0.5931344628334045,0.4265986382961273,-0.11567789316177368,0.5923230648040771,0.33569562435150146,-0.13310183584690094,0.5052842497825623,0.4033935070037842,-0.06102894991636276,0.4665243625640869,0.2655681371688843,-0.09492681175470352,0.4370647668838501,0.1794666349887848,-0.1226576715707779,0.4115845561027527,0.10553538799285889,-0.1422831416130066,0.463710755109787,0.4298504889011383,-0.04592035338282585,0.4129171669483185,0.30051612854003906,-0.07192685455083847,0.3695070147514343,0.21806710958480835,-0.09615231305360794,0.3337060213088989,0.15041297674179077,-0.11353208124637604,0.4416162669658661,0.4788981080055237,-0.03731983155012131,0.39416444301605225,0.37037011981010437,-0.062127940356731415,0.35943764448165894,0.300052285194397,-0.08278927952051163,0.33434510231018066,0.23764540255069733,-0.09722800552845001,0.4308233857154846,0.5509827136993408,-0.03525598719716072,0.38245320320129395,0.5104103684425354,-0.06030180677771568,0.3512588143348694,0.47357332706451416,-0.0744585394859314,0.3272724747657776,0.4351993203163147,-0.08301049470901489,P
0.5935941338539124,0.7319788932800293,8.114171805573278e-07,0.6287380456924438,0.6535979509353638,-0.07476223260164261,0.6239690184593201,0.5531533360481262,-0.1074831485748291,0.6037061214447021,0.46475544571876526,-0.13041262328624725,0.6045141816139221,0.37677931785583496,-0.15254679322242737,0.5195960998535156,0.41813528537750244,-0.072317935526371,0.4837004840373993,0.2770345211029053,-0.10903953015804291,0.45640355348587036,0.1865929365158081,-0.13924388587474823,0.43331265449523926,0.1083139181137085,-0.16082119941711426,0.47719573974609375,0.4410911202430725,-0.05487475544214249,0.42735472321510315,0.30533725023269653,-0.08345803618431091,0.3863673806190491,0.21646566689014435,-0.11148057132959366,0.35239019989967346,0.14194625616073608,-0.13250896334648132,0.45281052589416504,0.48584768176078796,-0.04386527091264725,0.4047274887561798,0.37089550495147705,-0.07019457221031189,0.37068936228752136,0.2955607771873474,-0.09562984108924866,0.3476647734642029,0.23040351271629333,-0.11417955905199051,0.4386099576950073,0.5523708462715149,-0.039702847599983215,0.38820868730545044,0.5023984909057617,-0.06544554233551025,0.3565518856048584,0.4572736322879791,-0.0835946798324585,0.33323633670806885,0.41241273283958435,-0.09627315402030945,P
0.5969523787498474,0.7536987066268921,8.256039336629328e-07,0.6330100297927856,0.6887052655220032,-0.07539145648479462,0.6330100297927856,0.5949043035507202,-0.11012519896030426,0.6133718490600586,0.5109420418739319,-0.13507910072803497,0.6114760637283325,0.42690131068229675,-0.15901538729667664,0.529633104801178,0.4346143901348114,-0.07371504604816437,0.4963664412498474,0.2922920286655426,-0.11204811185598373,0.470109760761261,0.20078080892562866,-0.14398710429668427,0.4482586979866028,0.12080785632133484,-0.1664133220911026,0.4858149588108063,0.4539850056171417,-0.057015061378479004,0.43856188654899597,0.3126400113105774,-0.08603397756814957,0.39873188734054565,0.22191473841667175,-0.11489047855138779,0.367043137550354,0.14311346411705017,-0.13654306530952454,0.4594864249229431,0.4961123466491699,-0.04668133333325386,0.4134407043457031,0.3758183419704437,-0.07201998680830002,0.37940123677253723,0.2984674870967865,-0.09634670615196228,0.3570110499858856,0.23154407739639282,-0.11431587487459183,0.44308406114578247,0.5622477531433105,-0.04343733936548233,0.3943406939506531,0.5028090476989746,-0.06624840945005417,0.363719642162323,0.45383667945861816,-0.0815877839922905,0.3409714102745056,0.4057985246181488,-0.09255627542734146,P
0.5996692776679993,0.7763316035270691,8.342053661181126e-07,0.6326199769973755,0.7222847938537598,-0.07821790874004364,0.6366215944290161,0.63703453540802,-0.11568039655685425,0.6234416961669922,0.5535861849784851,-0.1431196630001068,0.6169203519821167,0.4691188335418701,-0.16903620958328247,0.5389565229415894,0.4567844569683075,-0.07672788202762604,0.5092881917953491,0.3131006062030792,-0.11550644785165787,0.48581448197364807,0.22098517417907715,-0.1475122570991516,0.46617522835731506,0.1402190625667572,-0.16984370350837708,0.4920044541358948,0.46993234753608704,-0.059553101658821106,0.44731515645980835,0.32540497183799744,-0.08996531367301941,0.4088037610054016,0.2329290211200714,-0.11985395103693008,0.37912487983703613,0.1531294882297516,-0.14209158718585968,0.4632468819618225,0.5085542798042297,-0.048763833940029144,0.4193423390388489,0.38435083627700806,-0.0749375969171524,0.38598573207855225,0.30588021874427795,-0.09910363703966141,0.3654513657093048,0.23858964443206787,-0.11689779162406921,0.44538941979408264,0.5724079608917236,-0.0452800914645195,0.3969690501689911,0.5094982385635376,-0.06809785217046738,0.3675183355808258,0.4585837721824646,-0.08269236981868744,0.34681081771850586,0.4092753529548645,-0.09297394007444382,P
0.6008546352386475,0.7967734932899475,7.769614853714302e-07,0.6332885026931763,0.7479021549224854,-0.07497088611125946,0.6393513083457947,0.6665135622024536,-0.11293970793485641,0.6301648020744324,0.5855005979537964,-0.1419556736946106,0.6247994899749756,0.5029535889625549,-0.16972355544567108,0.546494722366333,0.4784033000469208,-0.07757347822189331,0.520359992980957,0.3351812958717346,-0.11873538047075272,0.49788129329681396,0.24280014634132385,-0.1521521657705307,0.47896894812583923,0.16142749786376953,-0.17563389241695404,0.4995487928390503,0.4872555732727051,-0.0633738711476326,0.4572954475879669,0.3416401147842407,-0.0960652157664299,0.4191453456878662,0.250627726316452,-0.12720780074596405,0.3891783058643341,0.17028003931045532,-0.1506778597831726,0.4699321985244751,0.5229436159133911,-0.0552404560148716,0.42732560634613037,0.39702916145324707,-0.08308467268943787,0.3940112590789795,0.3204217553138733,-0.10786613821983337,0.37219202518463135,0.25423312187194824,-0.12639662623405457,0.4519466757774353,0.5847570896148682,-0.05413690209388733,0.40381181240081787,0.5202693343162537,-0.07804057002067566,0.37392306327819824,0.46915656328201294,-0.09332627803087234,0.3518984913825989,0.41858792304992676,-0.10443608462810516,P
0.6054731011390686,0.8104958534240723,8.716899060345895e-07,0.6354169249534607,0.7726351022720337,-0.09277333319187164,0.6411371231079102,0.6966733336448669,-0.13676106929779053,0.6352788209915161,0.6158418655395508,-0.16802027821540833,0.6232028603553772,0.5308050513267517,-0.19727760553359985,0.5507306456565857,0.4971456229686737,-0.09242166578769684,0.5248932838439941,0.3523702621459961,-0.13200868666172028,0.5023525357246399,0.25865718722343445,-0.16445240378379822,0.48261579871177673,0.17788606882095337,-0.18718066811561584,0.5040121078491211,0.5054076910018921,-0.06702622771263123,0.46131792664527893,0.3601536750793457,-0.09705245494842529,0.4234577417373657,0.26869213581085205,-0.12705093622207642,0.3935234844684601,0.18961301445960999,-0.15025082230567932,0.4735424518585205,0.5394906997680664,-0.048860810697078705,0.43092647194862366,0.41614681482315063,-0.0729333832859993,0.3980523943901062,0.3394894003868103,-0.0985100120306015,0.3768482208251953,0.2740446925163269,-0.11862482875585556,0.453669935464859,0.5967064499855042,-0.03938193991780281,0.40785494446754456,0.5313975214958191,-0.05956072360277176,0.37871602177619934,0.47994518280029297,-0.07606388628482819,0.3579700291156769,0.4296315014362335,-0.08927217125892639,P
0.605177640914917,0.8237279057502747,8.440702004008926e-07,0.6356200575828552,0.7848604917526245,-0.08671807497739792,0.6422117352485657,0.7116527557373047,-0.12962019443511963,0.6374533176422119,0.6343228220939636,-0.16130004823207855,0.6229637861251831,0.5529203414916992,-0.1912611722946167,0.5508556962013245,0.5167281627655029,-0.09029851853847504,0.5251196026802063,0.37253519892692566,-0.13210949301719666,0.5032315254211426,0.280100017786026,-0.16570061445236206,0.4837105870246887,0.1989385187625885,-0.18918761610984802,0.5033719539642334,0.522920548915863,-0.06941978633403778,0.46047621965408325,0.37926697731018066,-0.10262668132781982,0.42309248447418213,0.28762489557266235,-0.1341676414012909,0.39333993196487427,0.20875170826911926,-0.15808580815792084,0.47329550981521606,0.5557275414466858,-0.05522092059254646,0.42917120456695557,0.43429481983184814,-0.08199483156204224,0.3962213695049286,0.3577060401439667,-0.10783365368843079,0.374648779630661,0.2913873791694641,-0.12764203548431396,0.45536404848098755,0.6116253137588501,-0.049147412180900574,0.4104402959346771,0.5461099743843079,-0.07185116410255432,0.38178956508636475,0.4943534731864929,-0.08863919228315353,0.36088937520980835,0.44400909543037415,-0.10149811953306198,P
0.6059939861297607,0.8364441394805908,8.611891075815947e-07,0.6380071640014648,0.7979555726051331,-0.08931663632392883,0.6446078419685364,0.7271770238876343,-0.133924663066864,0.6392972469329834,0.6510561108589172,-0.16664990782737732,0.6253292560577393,0.5678671002388,-0.1976153701543808,0.55149245262146,0.5325097441673279,-0.09348820149898529,0.525410532951355,0.3903273940086365,-0.13504157960414886,0.5034317374229431,0.2988578677177429,-0.16823531687259674,0.48386555910110474,0.2190999686717987,-0.19136761128902435,0.5050293207168579,0.53801429271698,-0.07088154554367065,0.46255171298980713,0.3948976993560791,-0.10406032204627991,0.42539066076278687,0.30437642335891724,-0.13521620631217957,0.3955099284648895,0.22650760412216187,-0.15874294936656952,0.4754651188850403,0.5701140761375427,-0.054973751306533813,0.4317302703857422,0.44960641860961914,-0.08135020732879639,0.39865943789482117,0.37324267625808716,-0.10687262564897537,0.37709808349609375,0.30709561705589294,-0.1265554130077362,0.45682603120803833,0.6250993609428406,-0.047310929745435715,0.4118269681930542,0.5606880187988281,-0.06926325708627701,0.38344019651412964,0.5095319747924805,-0.08570738136768341,0.36327844858169556,0.45951902866363525,-0.0984971821308136,P
0.6052118539810181,0.8458722829818726,8.472816830362717e-07,0.6384117603302002,0.8096528053283691,-0.08967162668704987,0.6462975144386292,0.7388314604759216,-0.13395290076732635,0.6404521465301514,0.6633132696151733,-0.16616183519363403,0.6255354285240173,0.5794464349746704,-0.19649067521095276,0.5553334355354309,0.5443124175071716,-0.09327185153961182,0.5282211303710938,0.4026426672935486,-0.13478854298591614,0.5052140951156616,0.3116222620010376,-0.167948380112648,0.48472437262535095,0.23274198174476624,-0.19110818207263947,0.509473979473114,0.5494859218597412,-0.07055404782295227,0.4673100411891937,0.40661704540252686,-0.10412296652793884,0.42876094579696655,0.3163244426250458,-0.136069193482399,0.3973143696784973,0.2390386164188385,-0.16017696261405945,0.47947463393211365,0.5809451937675476,-0.054579246789216995,0.4361737370491028,0.4605579376220703,-0.08159981667995453,0.40215864777565,0.3857349157333374,-0.10814353823661804,0.3796168565750122,0.32099443674087524,-0.12850411236286163,0.4598117768764496,0.6349128484725952,-0.04680321365594864,0.4140195846557617,0.5732327103614807,-0.06961607933044434,0.38503608107566833,0.523719310760498,-0.0870516449213028,0.3643881678581238,0.4744120240211487,-0.1005604937672615,P
0.6104445457458496,0.8537023663520813,8.297164981740934e-07,0.6422885060310364,0.8144458532333374,-0.08676683157682419,0.6488465666770935,0.7443896532058716,-0.13093920052051544,0.641041100025177,0.6697916984558105,-0.16419829428195953,0.6269506812095642,0.5869428515434265,-0.1958315372467041,0.5546120405197144,0.5555083751678467,-0.09047865867614746,0.5282751321792603,0.4177360534667969,-0.13333337008953094,0.5057874917984009,0.32810863852500916,-0.1674136221408844,0.4861313998699188,0.2486693561077118,-0.19154179096221924,0.5089671015739441,0.5605040788650513,-0.07061059772968292,0.4643685221672058,0.421769380569458,-0.10582418739795685,0.42661505937576294,0.3314223885536194,-0.1384047567844391,0.39613428711891174,0.25147271156311035,-0.16271905601024628,0.4807766079902649,0.5920649766921997,-0.05741603299975395,0.4351658225059509,0.47320306301116943,-0.08699769526720047,0.4011005461215973,0.3983074128627777,-0.11368270218372345,0.3782055377960205,0.331735223531723,-0.13360190391540527,0.464064359664917,0.6469433307647705,-0.05217282474040985,0.41801291704177856,0.5846397876739502,-0.07780086249113083,0.38880452513694763,0.5350943803787231,-0.09563199430704117,0.36795300245285034,0.4860736131668091,-0.108798548579216,P
0.6151313185691833,0.8622557520866394,8.342003638972528e-07,0.6472248435020447,0.8236632347106934,-0.08720721304416656,0.6537256836891174,0.7535256147384644,-0.13220353424549103,0.6467421054840088,0.6789319515228271,-0.16616390645503998,0.6327458024024963,0.5964871048927307,-0.19860929250717163,0.5614473223686218,0.566477358341217,-0.09236496686935425,0.5336931347846985,0.43072015047073364,-0.13602912425994873,0.5099785923957825,0.3415798544883728,-0.1706320196390152,0.4895554482936859,0.2632882297039032,-0.19505731761455536,0.5155698657035828,0.5711710453033447,-0.07236649096012115,0.4721042811870575,0.43230974674224854,-0.10870353877544403,0.4342797100543976,0.3413589894771576,-0.14255602657794952,0.40289580821990967,0.25968655943870544,-0.16803550720214844,0.48594850301742554,0.6018458008766174,-0.05895036831498146,0.44106724858283997,0.4838590621948242,-0.08897887915372849,0.40699025988578796,0.40942755341529846,-0.11683623492717743,0.3838420808315277,0.3443925082683563,-0.13781628012657166,0.4673249125480652,0.6556786298751831,-0.0534389466047287,0.4208640158176422,0.5951011776924133,-0.07879436761140823,0.39050573110580444,0.5454857349395752,-0.09741160273551941,0.3677465319633484,0.4967249035835266,-0.11160485446453094,P
0.6208605766296387,0.8730596303939819,8.62274475821323e-07,0.6530738472938538,0.8315775394439697,-0.09022074192762375,0.6584861278533936,0.7603350877761841,-0.13570959866046906,0.6502418518066406,0.6842233538627625,-0.16927428543567657,0.6376708745956421,0.6014236807823181,-0.2009662687778473,0.5648577213287354,0.5732988119125366,-0.09327717870473862,0.5361557602882385,0.43729114532470703,-0.13454489409923553,0.5118051767349243,0.34844717383384705,-0.16724473237991333,0.4902084171772003,0.2710398733615875,-0.19029459357261658,0.5192766189575195,0.5799662470817566,-0.0704658031463623,0.47400256991386414,0.44282984733581543,-0.103844553232193,0.43425413966178894,0.3545692265033722,-0.13456909358501434,0.40087267756462097,0.2772895097732544,-0.1574823409318924,0.49026399850845337,0.6116920709609985,-0.05448715761303902,0.4439507722854614,0.4957071840763092,-0.08177529275417328,0.4085584282875061,0.4221110939979553,-0.10722942650318146,0.3833886384963989,0.35717248916625977,-0.12654289603233337,0.47177717089653015,0.6652552485466003,-0.04678800702095032,0.4253087043762207,0.6054951548576355,-0.07012522965669632,0.39522820711135864,0.5577505826950073,-0.0870678722858429,0.37283921241760254,0.5105961561203003,-0.09985217452049255,P
0.6275866031646729,0.8818893432617188,8.689451647114765e-07,0.6583887934684753,0.8379700779914856,-0.08680642396211624,0.6633105278015137,0.7668488621711731,-0.1304336041212082,0.6552246809005737,0.6918248534202576,-0.1627744734287262,0.6418291926383972,0.6099193096160889,-0.19328907132148743,0.5630121231079102,0.5816965699195862,-0.08894607424736023,0.5355061888694763,0.4456491470336914,-0.1298666000366211,0.5118076205253601,0.3562606871128082,-0.1627173125743866,0.490252822637558,0.27821481227874756,-0.18571002781391144,0.517356812953949,0.5899012088775635,-0.067619189620018,0.4714556634426117,0.4539536237716675,-0.099871926009655,0.43177276849746704,0.3651834726333618,-0.12923620641231537,0.39872223138809204,0.2885686755180359,-0.15102076530456543,0.4894101023674011,0.6233975291252136,-0.05311660096049309,0.4428709149360657,0.5079525709152222,-0.07972529530525208,0.40845346450805664,0.4344158172607422,-0.10345335304737091,0.3838098645210266,0.3685525059700012,-0.12131630629301071,0.47263824939727783,0.6793079376220703,-0.046730779111385345,0.4258546829223633,0.6201441287994385,-0.06969638913869858,0.3961859941482544,0.5721310973167419,-0.08521084487438202,0.37459468841552734,0.5238138437271118,-0.09660661220550537,P
0.6346914768218994,0.889555811882019,8.875053936208133e-07,0.6635363101959229,0.8454908132553101,-0.08925919979810715,0.6661632061004639,0.7734123468399048,-0.13385418057441711,0.6568787097930908,0.6985141634941101,-0.16674986481666565,0.6422404050827026,0.6168209910392761,-0.19807472825050354,0.5641917586326599,0.593013346195221,-0.09205059707164764,0.5341493487358093,0.45725569128990173,-0.13370345532894135,0.5089011788368225,0.36811208724975586,-0.16728569567203522,0.48652562499046326,0.29009881615638733,-0.19096462428569794,0.5188237428665161,0.6023746132850647,-0.07022283971309662,0.47051721811294556,0.4662156105041504,-0.10360624641180038,0.4294707179069519,0.37828224897384644,-0.13480070233345032,0.39554524421691895,0.3017629384994507,-0.15827415883541107,0.49090149998664856,0.6367824673652649,-0.05529084429144859,0.4424324035644531,0.5211775898933411,-0.08310658484697342,0.4062034487724304,0.44745877385139465,-0.10929567366838455,0.3805500864982605,0.3814299702644348,-0.1292198747396469,0.47393107414245605,0.6936717629432678,-0.04853016138076782,0.4260871410369873,0.6352492570877075,-0.07254014909267426,0.39540863037109375,0.5875067710876465,-0.0897151529788971,0.37266871333122253,0.5388690829277039,-0.10280024260282516,P
0.631476879119873,0.893349289894104,8.158916671163752e-07,0.6594651937484741,0.8413159847259521,-0.07562514394521713,0.6609048843383789,0.7682839632034302,-0.11367945373058319,0.649451494216919,0.6976366639137268,-0.14250370860099792,0.6387584209442139,0.6202712655067444,-0.16990117728710175,0.5534635186195374,0.5984451174736023,-0.07702811807394028,0.522037923336029,0.4660228490829468,-0.11711686849594116,0.4969414472579956,0.3798239827156067,-0.14988182485103607,0.4745989441871643,0.3030754625797272,-0.1726212501525879,0.5089285373687744,0.6099275350570679,-0.06075920909643173,0.4591500163078308,0.4787629246711731,-0.09145533293485641,0.4176315367221832,0.39400196075439453,-0.12017079442739487,0.3838474154472351,0.3197735846042633,-0.14152424037456512,0.48371097445487976,0.646317183971405,-0.05067657679319382,0.43416082859039307,0.532476007938385,-0.0764743983745575,0.3967399597167969,0.4618624448776245,-0.09940110892057419,0.369262158870697,0.3972720503807068,-0.1165410652756691,0.471154123544693,0.706294596195221,-0.04775207117199898,0.42311912775039673,0.6523742079734802,-0.07057888805866241,0.39133399724960327,0.6087355017662048,-0.08474177122116089,0.36658692359924316,0.5642025470733643,-0.09463853389024734,P
0.6221534013748169,0.8943929076194763,7.995906798896613e-07,0.6506870985031128,0.8385142087936401,-0.07385119050741196,0.6515936851501465,0.7646110653877258,-0.11100436747074127,0.6387077569961548,0.6943952441215515,-0.1393953263759613,0.6262361407279968,0.616703987121582,-0.16630680859088898,0.5416770577430725,0.6023721098899841,-0.0747123435139656,0.5078445672988892,0.47133970260620117,-0.11436758935451508,0.4817158281803131,0.3856982886791229,-0.1465039998292923,0.45852482318878174,0.3096406161785126,-0.1690157651901245,0.49765709042549133,0.6165379285812378,-0.059979863464832306,0.4453555941581726,0.4899665117263794,-0.09096135199069977,0.40243759751319885,0.4078148603439331,-0.12007057666778564,0.3672635853290558,0.335235059261322,-0.1418103724718094,0.47343066334724426,0.6545886993408203,-0.05143984407186508,0.42304834723472595,0.5433892011642456,-0.07842087000608444,0.3848666548728943,0.473591148853302,-0.10260607302188873,0.3557645082473755,0.4088515043258667,-0.1206783652305603,0.4626559615135193,0.7150933146476746,-0.04981282353401184,0.41518980264663696,0.665542483329773,-0.07450485229492188,0.38261204957962036,0.6243430376052856,-0.09011182188987732,0.35632944107055664,0.5817640423774719,-0.10095115005970001,P
0.6093419194221497,0.8869394063949585,7.753879458505253e-07,0.6348456144332886,0.8273743987083435,-0.06791595369577408,0.6362411379814148,0.7503527402877808,-0.10065797716379166,0.6232317686080933,0.6800382733345032,-0.12557408213615417,0.6087021827697754,0.606107234954834,-0.14905543625354767,0.5229119062423706,0.5965452194213867,-0.0644693449139595,0.48767510056495667,0.4688150882720947,-0.1009461060166359,0.46033769845962524,0.3858605921268463,-0.13168944418430328,0.4361318051815033,0.31274837255477905,-0.15305334329605103,0.48071810603141785,0.6128170490264893,-0.051224853843450546,0.42952489852905273,0.49236705899238586,-0.07815347611904144,0.3873109817504883,0.4124317169189453,-0.10539638996124268,0.3521885275840759,0.34129786491394043,-0.12590648233890533,0.45815548300743103,0.6525369882583618,-0.04408983513712883,0.407878041267395,0.5480813980102539,-0.06762204319238663,0.3694473206996918,0.4822233319282532,-0.09006580710411072,0.33963295817375183,0.4196513891220093,-0.10704830288887024,0.44857311248779297,0.7154064178466797,-0.04357636347413063,0.4011589288711548,0.6720554828643799,-0.0654427632689476,0.36941835284233093,0.6342611908912659,-0.07915740460157394,0.34412819147109985,0.5948051810264587,-0.08853795379400253,P
0.5930802822113037,0.8818480968475342,7.862165603000904e-07,0.6190124154090881,0.8161318302154541,-0.06853509694337845,0.6178176999092102,0.7356969714164734,-0.10059374570846558,0.5987253189086914,0.6625124216079712,-0.12416763603687286,0.5819182991981506,0.5871387720108032,-0.146211639046669,0.5039701461791992,0.5933594703674316,-0.06506411731243134,0.46498623490333557,0.46543997526168823,-0.10090257227420807,0.43586447834968567,0.38347989320755005,-0.13050253689289093,0.41106119751930237,0.31179001927375793,-0.15064160525798798,0.4635303318500519,0.6117953062057495,-0.050324615091085434,0.4115946292877197,0.49276337027549744,-0.07643704861402512,0.3686087727546692,0.41384151577949524,-0.10215825587511063,0.332733690738678,0.34503135085105896,-0.12118136137723923,0.4424333870410919,0.6530379056930542,-0.041768234223127365,0.3919818699359894,0.5516354441642761,-0.06442347913980484,0.3529936671257019,0.4870755672454834,-0.08601810783147812,0.3231241703033447,0.4256855249404907,-0.10219359397888184,0.433612197637558,0.7174131870269775,-0.039812203496694565,0.3859370946884155,0.6785528659820557,-0.06124136596918106,0.3541943430900574,0.6433152556419373,-0.07470506429672241,0.3293803334236145,0.6064794063568115,-0.08360498398542404,P
0.5816091895103455,0.8690859079360962,7.740975433989661e-07,0.6047680377960205,0.792837381362915,-0.0644826740026474,0.5963379740715027,0.7100731134414673,-0.09436545521020889,0.5704442858695984,0.6388598084449768,-0.11698055267333984,0.5568743944168091,0.5637093186378479,-0.13800352811813354,0.4845462739467621,0.5797034502029419,-0.055529579520225525,0.44279980659484863,0.45659035444259644,-0.08996297419071198,0.41259193420410156,0.378368616104126,-0.11888375133275986,0.38748839497566223,0.3094903528690338,-0.13880664110183716,0.44629576802253723,0.6034485697746277,-0.04283837974071503,0.39231884479522705,0.4900038540363312,-0.06870945543050766,0.34934014081954956,0.413480669260025,-0.09356680512428284,0.3136565089225769,0.3458351492881775,-0.11168684810400009,0.42705774307250977,0.6488475799560547,-0.03676851838827133,0.37528446316719055,0.55184006690979,-0.060325708240270615,0.33678972721099854,0.48908472061157227,-0.0811462551355362,0.3074260354042053,0.4290056824684143,-0.09616833925247192,0.41996923089027405,0.7164539098739624,-0.03706684336066246,0.3712727129459381,0.6805093288421631,-0.05979679524898529,0.3399616479873657,0.6459659934043884,-0.07332010567188263,0.3152318298816681,0.6096353530883789,-0.08187007158994675,P
0.5657457113265991,0.8582607507705688,7.528389573963068e-07,0.5851976871490479,0.7779713869094849,-0.05783684924244881,0.5741885304450989,0.6930949091911316,-0.0846671536564827,0.5460019111633301,0.6222699284553528,-0.10514335334300995,0.5322224497795105,0.5490461587905884,-0.12442319095134735,0.4604424834251404,0.5760619640350342,-0.05080337077379227,0.41519007086753845,0.45292818546295166,-0.08398031443357468,0.3842636048793793,0.3761845529079437,-0.11090307682752609,0.3592988848686218,0.30938488245010376,-0.1288764625787735,0.4250456690788269,0.6026698350906372,-0.040568895637989044,0.36810529232025146,0.490405797958374,-0.0648321807384491,0.3250797390937805,0.41596460342407227,-0.08674505352973938,0.28993916511535645,0.35055971145629883,-0.10237047076225281,0.40900906920433044,0.6488361954689026,-0.03647521883249283,0.35389941930770874,0.5516537427902222,-0.05863447114825249,0.31555747985839844,0.48948585987091064,-0.07652533799409866,0.2867560088634491,0.4293062090873718,-0.08920825272798538,0.40477392077445984,0.716273307800293,-0.03815917298197746,0.35472357273101807,0.681917667388916,-0.059608906507492065,0.32417869567871094,0.6477653384208679,-0.07090619951486588,0.3003878593444824,0.6116455793380737,-0.07751473039388657,P
0.5457257032394409,0.851170539855957,7.763013627481996e-07,0.5654361248016357,0.7691985368728638,-0.06405558437108994,0.5534288883209229,0.6800425052642822,-0.09267701953649521,0.5236587524414062,0.6053474545478821,-0.11361987143754959,0.5078895092010498,0.5281102061271667,-0.13324721157550812,0.43903931975364685,0.5692383050918579,-0.055492863059043884,0.39196348190307617,0.44777220487594604,-0.08907806873321533,0.35813796520233154,0.3730047643184662,-0.11643891036510468,0.3304387331008911,0.3070993423461914,-0.13511842489242554,0.4035203456878662,0.5990732312202454,-0.042270202189683914,0.346310555934906,0.4899659752845764,-0.06710480898618698,0.30170148611068726,0.41753244400024414,-0.09022434055805206,0.26575911045074463,0.35384315252304077,-0.10717067122459412,0.3881904184818268,0.6475328207015991,-0.035678740590810776,0.33401766419410706,0.5525532960891724,-0.059134215116500854,0.2964962422847748,0.49106329679489136,-0.07892312109470367,0.26852962374687195,0.43131914734840393,-0.09317655861377716,0.38470953702926636,0.7160449028015137,-0.03526665270328522,0.3364512622356415,0.6836808323860168,-0.05873731151223183,0.30631405115127563,0.6505494713783264,-0.07222652435302734,0.28318825364112854,0.6144042015075684,-0.08062303811311722,P
0.5310331583023071,0.8377680778503418,8.077587949628651e-07,0.550169825553894,0.7534258961677551,-0.06831043213605881,0.5361080169677734,0.6607719659805298,-0.09776562452316284,0.5013852119445801,0.5874021649360657,-0.11901728808879852,0.4854505658149719,0.5052567720413208,-0.13906562328338623,0.42231929302215576,0.5560005903244019,-0.054537441581487656,0.3743171989917755,0.43634623289108276,-0.08772800862789154,0.3398824632167816,0.3627396821975708,-0.11570769548416138,0.3121528923511505,0.29686206579208374,-0.13533684611320496,0.3872666358947754,0.5876955986022949,-0.039073824882507324,0.3285543620586395,0.48090749979019165,-0.06369619071483612,0.2838345170021057,0.4102647304534912,-0.0884326696395874,0.2484925538301468,0.3481653034687042,-0.10682772845029831,0.37281978130340576,0.6380804181098938,-0.03082260489463806,0.3184710443019867,0.5465560555458069,-0.055021218955516815,0.28148922324180603,0.4855802059173584,-0.0767364501953125,0.25458022952079773,0.42614156007766724,-0.09242375940084457,0.36962687969207764,0.709604024887085,-0.02903573587536812,0.3216691315174103,0.6787617802619934,-0.05401480570435524,0.29243743419647217,0.6462724804878235,-0.06911054998636246,0.27037808299064636,0.6101220846176147,-0.07878238707780838,P
0.5197793245315552,0.8274673819541931,8.466080885227711e-07,0.5371964573860168,0.7442248463630676,-0.07930257171392441,0.5194483995437622,0.652982771396637,-0.1122145801782608,0.4837748408317566,0.5777800679206848,-0.1343660056591034,0.4663119912147522,0.49269115924835205,-0.15514016151428223,0.40527722239494324,0.5509219765663147,-0.06256865710020065,0.3553009331226349,0.4325949549674988,-0.09495514631271362,0.3193782866001129,0.35901159048080444,-0.12348940968513489,0.2911062240600586,0.2937380075454712,-0.1437535285949707,0.3715365529060364,0.5844461917877197,-0.04031774029135704,0.31134235858917236,0.4789794683456421,-0.0633353441953659,0.2653160095214844,0.40878087282180786,-0.08888562023639679,0.22874987125396729,0.34802600741386414,-0.10850176960229874,0.3581051230430603,0.6347518563270569,-0.026028726249933243,0.303570955991745,0.5445144772529602,-0.04814772307872772,0.2655525505542755,0.4830061197280884,-0.07236029952764511,0.2381407618522644,0.4234890341758728,-0.09074413031339645,0.35481566190719604,0.7045847177505493,-0.019136976450681686,0.30776548385620117,0.6753684878349304,-0.04256436601281166,0.2791638970375061,0.6446704864501953,-0.059821128845214844,0.25844383239746094,0.6103697419166565,-0.07205265015363693,P
0.5066184997558594,0.8239664435386658,9.135633263213094e-07,0.5248792767524719,0.7383570671081543,-0.08642280101776123,0.5062631368637085,0.6424984931945801,-0.12084325402975082,0.4690410792827606,0.5671766996383667,-0.1429833024740219,0.44863182306289673,0.4801214635372162,-0.1637796312570572,0.3920745253562927,0.5471323132514954,-0.06536298245191574,0.34029102325439453,0.42696237564086914,-0.09650629013776779,0.3042527437210083,0.3521284759044647,-0.12484952062368393,0.2759154438972473,0.286075621843338,-0.1446220427751541,0.35918575525283813,0.5821653604507446,-0.03740081936120987,0.3004947304725647,0.475379079580307,-0.056543413549661636,0.25398582220077515,0.40544000267982483,-0.08036535978317261,0.21646498143672943,0.34725698828697205,-0.09898912161588669,0.3459510803222656,0.6317968964576721,-0.018109116703271866,0.29333218932151794,0.5446768403053284,-0.03503548353910446,0.2550746500492096,0.48492562770843506,-0.05708368122577667,0.22728563845157623,0.42880457639694214,-0.07445552200078964,0.3419088125228882,0.7009819149971008,-0.007154349237680435,0.2955186069011688,0.6719502210617065,-0.02529921941459179,0.26611247658729553,0.6416856646537781,-0.04058913514018059,0.24451911449432373,0.6089747548103333,-0.051991771906614304,P
0.49600738286972046,0.8245077729225159,8.098618309304584e-07,0.5152755975723267,0.7368679046630859,-0.07862263172864914,0.4964432418346405,0.6360459923744202,-0.10981449484825134,0.45708969235420227,0.5591366291046143,-0.13024820387363434,0.4365960657596588,0.4718092679977417,-0.1492592692375183,0.38332951068878174,0.545657753944397,-0.061348333954811096,0.33042457699775696,0.42698007822036743,-0.09448018670082092,0.29452383518218994,0.3529778718948364,-0.12335159629583359,0.26551002264022827,0.28710076212882996,-0.14370065927505493,0.3502727746963501,0.580420970916748,-0.03926900774240494,0.2904297113418579,0.4741508364677429,-0.06231639161705971,0.24374252557754517,0.4055810570716858,-0.08748919516801834,0.20519419014453888,0.3468877971172333,-0.1066964790225029,0.337594211101532,0.6315038800239563,-0.025221319869160652,0.2845475971698761,0.5451618432998657,-0.04698679968714714,0.2468464970588684,0.48634564876556396,-0.06996024399995804,0.21893204748630524,0.42929399013519287,-0.0871904119849205,0.33561381697654724,0.7013935446739197,-0.018673162907361984,0.2887623906135559,0.6742281913757324,-0.041541121900081635,0.2603415250778198,0.6460127234458923,-0.05778442323207855,0.23876409232616425,0.6148836016654968,-0.06909867376089096,P
0.49398308992385864,0.8199180364608765,8.416286618739832e-07,0.5106227993965149,0.7335245609283447,-0.08724339306354523,0.48971647024154663,0.6344980001449585,-0.12113320827484131,0.4497612714767456,0.5598315596580505,-0.14218419790267944,0.42777419090270996,0.4721064865589142,-0.16190314292907715,0.37536323070526123,0.546657919883728,-0.06811413168907166,0.32198089361190796,0.4323178231716156,-0.10053720325231552,0.2845618426799774,0.35857662558555603,-0.1299760341644287,0.25479987263679504,0.29330259561538696,-0.15107615292072296,0.34210675954818726,0.5822588205337524,-0.040605511516332626,0.28043022751808167,0.47954386472702026,-0.06140236184000969,0.23357385396957397,0.41164538264274597,-0.08662823587656021,0.19553667306900024,0.3541924059391022,-0.10657311230897903,0.3296354413032532,0.6331692337989807,-0.021634399890899658,0.2753526568412781,0.5486942529678345,-0.04148775339126587,0.23879088461399078,0.4904364049434662,-0.0658799484372139,0.2119799256324768,0.434320330619812,-0.0849032774567604,0.3276725113391876,0.7017483115196228,-0.010869335383176804,0.2819695472717285,0.6754341125488281,-0.03295379504561424,0.2554612457752228,0.6481006145477295,-0.05063832923769951,0.23660683631896973,0.6175131797790527,-0.06367431581020355,P
0.4937180280685425,0.8194027543067932,8.267246016657737e-07,0.5079429745674133,0.7330756187438965,-0.07879124581813812,0.48563116788864136,0.6366040110588074,-0.11056070029735565,0.4440363943576813,0.5620473027229309,-0.1314649134874344,0.4226008653640747,0.4757118821144104,-0.15076430141925812,0.3724108338356018,0.5510374307632446,-0.06078077852725983,0.31805506348609924,0.4345698952674866,-0.09388145059347153,0.281618595123291,0.36099815368652344,-0.12357930839061737,0.25205740332603455,0.29464808106422424,-0.14475060999393463,0.3400079011917114,0.5866094827651978,-0.03831790015101433,0.27729883790016174,0.482770174741745,-0.06146346777677536,0.23043468594551086,0.4158938527107239,-0.08677230030298233,0.1928967833518982,0.3594888746738434,-0.10602147877216339,0.3282336890697479,0.6373721957206726,-0.02381872944533825,0.2736150920391083,0.5523065328598022,-0.04505544900894165,0.23710496723651886,0.4941692650318146,-0.06691277772188187,0.2106330841779709,0.43809378147125244,-0.08340641111135483,0.3278263509273529,0.7061182856559753,-0.016955938190221786,0.2806256413459778,0.680203914642334,-0.038905173540115356,0.2531253695487976,0.6521790623664856,-0.05402220040559769,0.2331598401069641,0.6204232573509216,-0.06460900604724884,P
0.495222806930542,0.8191573023796082,9.295981158174982e-07,0.5077479481697083,0.734486997127533,-0.09080405533313751,0.4835168421268463,0.6398087739944458,-0.1265445351600647,0.4429502487182617,0.5668339133262634,-0.14932188391685486,0.4198140799999237,0.47972822189331055,-0.17065002024173737,0.3705621659755707,0.549292802810669,-0.06261927634477615,0.31662747263908386,0.43582460284233093,-0.09069400280714035,0.27993836998939514,0.3639186918735504,-0.1194552406668663,0.2500534653663635,0.3005315065383911,-0.14084722101688385,0.3394811749458313,0.5882705450057983,-0.03293086960911751,0.27690985798835754,0.4878569543361664,-0.050662439316511154,0.22876062989234924,0.4227015972137451,-0.07708790153265,0.19166432321071625,0.3675384223461151,-0.09845757484436035,0.3273235261440277,0.6406176686286926,-0.012298221699893475,0.27327877283096313,0.5568628311157227,-0.028553446754813194,0.23591941595077515,0.49931561946868896,-0.05343293026089668,0.21001967787742615,0.4441792368888855,-0.07357417047023773,0.32531416416168213,0.7092099189758301,-0.00043305265717208385,0.27724751830101013,0.684320330619812,-0.018785949796438217,0.24975058436393738,0.6568598747253418,-0.03579586371779442,0.2323959767818451,0.6250647902488708,-0.04923919588327408,P
0.49725621938705444,0.8263420462608337,9.332095487479819e-07,0.5086545944213867,0.7408021092414856,-0.08894725143909454,0.48425501585006714,0.6467995643615723,-0.12429004907608032,0.4440079629421234,0.5722516775131226,-0.14716267585754395,0.41937530040740967,0.48585569858551025,-0.168194979429245,0.3698594570159912,0.5546075701713562,-0.058996882289648056,0.31409233808517456,0.44220662117004395,-0.08716899901628494,0.27668023109436035,0.37069258093833923,-0.11527598649263382,0.24706566333770752,0.30825579166412354,-0.13537552952766418,0.3390083611011505,0.594465434551239,-0.0295054093003273,0.2759299874305725,0.4951302409172058,-0.04560965672135353,0.22815722227096558,0.4306178092956543,-0.06816788017749786,0.19235345721244812,0.37697404623031616,-0.08579398691654205,0.32727494835853577,0.6471408605575562,-0.00932677648961544,0.27279335260391235,0.5635240077972412,-0.023094749078154564,0.23508882522583008,0.5063656568527222,-0.04240281507372856,0.20899738371372223,0.4517655074596405,-0.05800269916653633,0.32586169242858887,0.7167460918426514,0.0018235063180327415,0.27918437123298645,0.6921160221099854,-0.014047871343791485,0.25119584798812866,0.6648997068405151,-0.02700710855424404,0.23307529091835022,0.6339858770370483,-0.036670420318841934,P
0.5001317262649536,0.8326408863067627,8.891547622624785e-07,0.510713517665863,0.7467072606086731,-0.08684792369604111,0.4845978021621704,0.6519967913627625,-0.12074072659015656,0.44292014837265015,0.5775587558746338,-0.14243577420711517,0.4191628396511078,0.4922029972076416,-0.16207575798034668,0.37126424908638,0.5611919164657593,-0.05819074809551239,0.31550854444503784,0.4492117464542389,-0.08735213428735733,0.27846014499664307,0.37858936190605164,-0.11546792834997177,0.24891814589500427,0.3157401382923126,-0.13531558215618134,0.34050625562667847,0.6014803647994995,-0.029746176674962044,0.2769591808319092,0.5024808645248413,-0.046668946743011475,0.22938622534275055,0.4393327236175537,-0.06839320808649063,0.19318872690200806,0.3868413269519806,-0.08509272336959839,0.3289641737937927,0.6544702649116516,-0.010581625625491142,0.2742767930030823,0.5729238986968994,-0.02510981447994709,0.23651280999183655,0.5169429779052734,-0.043280310928821564,0.20943820476531982,0.462997168302536,-0.057689692825078964,0.3279626667499542,0.7238972783088684,-0.00035178347025066614,0.28167015314102173,0.6994178295135498,-0.016346940770745277,0.25355979800224304,0.672115683555603,-0.02859092317521572,0.23428858816623688,0.6411080360412598,-0.03750782832503319,P
0.4998779296875,0.8342769145965576,9.164905918623845e-07,0.5101466774940491,0.7471147775650024,-0.09031074494123459,0.48401379585266113,0.6513805389404297,-0.12614837288856506,0.44256749749183655,0.5788648128509521,-0.14937932789325714,0.41791725158691406,0.4922061860561371,-0.17112772166728973,0.3698086738586426,0.5673367977142334,-0.06155422329902649,0.31394630670547485,0.4563280940055847,-0.09063820540904999,0.2755953073501587,0.3850207030773163,-0.11951716244220734,0.24535001814365387,0.32291629910469055,-0.14042909443378448,0.339669406414032,0.6087121963500977,-0.03225276619195938,0.27619174122810364,0.5105288624763489,-0.04922431707382202,0.22811554372310638,0.4478166699409485,-0.07310692965984344,0.19114992022514343,0.3949117064476013,-0.09215755015611649,0.3287206292152405,0.6615040898323059,-0.012430761009454727,0.27316486835479736,0.5808719992637634,-0.0280886422842741,0.23530447483062744,0.5243616700172424,-0.05027197673916817,0.20904093980789185,0.470087468624115,-0.06816690415143967,0.3281474709510803,0.730111300945282,-0.0016163374530151486,0.2792052924633026,0.7079910039901733,-0.02004845254123211,0.2524970769882202,0.6812344193458557,-0.035716183483600616,0.23684881627559662,0.6500852704048157,-0.04765961691737175,P
0.4926452040672302,0.8326614499092102,8.968254405772313e-07,0.5032829642295837,0.7399524450302124,-0.08463328331708908,0.4780372977256775,0.6390025019645691,-0.11512023955583572,0.43614476919174194,0.564762532711029,-0.13376709818840027,0.41375839710235596,0.4746541380882263,-0.15060731768608093,0.3656603991985321,0.5666351914405823,-0.04978925362229347,0.30985143780708313,0.45714908838272095,-0.07407480478286743,0.2721835970878601,0.38854536414146423,-0.09954226016998291,0.24234639108181,0.3281118869781494,-0.11820189654827118,0.3359798789024353,0.6093218922615051,-0.021952729672193527,0.2726841866970062,0.5143641233444214,-0.034051697701215744,0.22502991557121277,0.45316368341445923,-0.055153489112854004,0.18954332172870636,0.40251240134239197,-0.07234135270118713,0.32558107376098633,0.6642729640007019,-0.0037712324410676956,0.27007630467414856,0.5864877700805664,-0.01686655543744564,0.23295794427394867,0.5326798558235168,-0.03858630731701851,0.20692917704582214,0.4797338843345642,-0.05603248253464699,0.32504209876060486,0.7341732978820801,0.0058278730139136314,0.27735283970832825,0.7158599495887756,-0.012031546793878078,0.2510635256767273,0.692287802696228,-0.028077462688088417,0.23464742302894592,0.6619254946708679,-0.03995291516184807,P
0.4896199703216553,0.8281090259552002,6.761184181414137e-07,0.49744218587875366,0.7246318459510803,-0.05043017864227295,0.46849071979522705,0.6118561029434204,-0.06444017589092255,0.4273988604545593,0.5252675414085388,-0.07268157601356506,0.41154980659484863,0.4411766529083252,-0.07930046319961548,0.358880877494812,0.5590884685516357,-0.02463616617023945,0.30389583110809326,0.4522247314453125,-0.045805756002664566,0.26744842529296875,0.38824746012687683,-0.06476885080337524,0.23739436268806458,0.3339584171772003,-0.0782255306839943,0.32911309599876404,0.6035645008087158,-0.014546231366693974,0.26675698161125183,0.5133447051048279,-0.027737213298678398,0.2213965356349945,0.45678162574768066,-0.04262843355536461,0.18600578606128693,0.4096575975418091,-0.053236447274684906,0.3202432692050934,0.6637638211250305,-0.011487534269690514,0.2643483281135559,0.5919314026832581,-0.02819041721522808,0.229250967502594,0.5440959334373474,-0.04188120365142822,0.2019089162349701,0.4933162331581116,-0.05137151852250099,0.3236013650894165,0.7403076887130737,-0.01398041658103466,0.27520614862442017,0.7284695506095886,-0.03533799946308136,0.25044792890548706,0.7086670994758606,-0.04490431770682335,0.23202040791511536,0.6791019439697266,-0.049295954406261444,P
0.4898224472999573,0.8190211057662964,7.849185976738227e-07,0.49243080615997314,0.7050952315330505,-0.052971117198467255,0.4619314670562744,0.5873420834541321,-0.06705885380506516,0.4188573956489563,0.491524875164032,-0.07545382529497147,0.4020512104034424,0.40152066946029663,-0.08201347291469574,0.35351380705833435,0.5547909140586853,-0.013753693550825119,0.2931134104728699,0.4513687789440155,-0.02898695319890976,0.2542330324649811,0.39019855856895447,-0.045676156878471375,0.22265908122062683,0.338540256023407,-0.057654812932014465,0.32507047057151794,0.6043689250946045,-0.0003560918557923287,0.26185381412506104,0.5188405513763428,-0.005408419296145439,0.21521826088428497,0.46456968784332275,-0.01694689691066742,0.18065734207630157,0.41992804408073425,-0.025643937289714813,0.3147738575935364,0.6678035259246826,0.005004501901566982,0.2587115168571472,0.6010516285896301,-0.001975039951503277,0.22128623723983765,0.5555229187011719,-0.010272558778524399,0.19212664663791656,0.5074298977851868,-0.017219865694642067,0.315414696931839,0.7470330595970154,0.0036470580380409956,0.27108898758888245,0.7360990047454834,-0.008228526450693607,0.24273629486560822,0.7218424081802368,-0.012460670433938503,0.2191205620765686,0.6988358497619629,-0.01385426800698042,P
0.4893989562988281,0.800751268863678,8.662265713610395e-07,0.4882674217224121,0.6733551621437073,-0.04840530827641487,0.45636579394340515,0.5538213849067688,-0.05762564763426781,0.4120657444000244,0.4563543498516083,-0.06240396574139595,0.39660951495170593,0.36272677779197693,-0.065181665122509,0.34621837735176086,0.5431580543518066,0.008871071971952915,0.28408128023147583,0.4446367621421814,0.004304551985114813,0.24505826830863953,0.38887035846710205,-0.007425511255860329,0.21232539415359497,0.34161365032196045,-0.017188316211104393,0.31951475143432617,0.5985104441642761,0.022204188629984856,0.2539963722229004,0.5210152864456177,0.026687016710639,0.20566456019878387,0.4716116786003113,0.016153106465935707,0.17029164731502533,0.4302145838737488,0.006887380965054035,0.30966949462890625,0.6660813093185425,0.026930909603834152,0.2510155737400055,0.6075448393821716,0.027221811935305595,0.21343564987182617,0.5649257898330688,0.01829659566283226,0.18464156985282898,0.5174803137779236,0.009705265052616596,0.31115108728408813,0.7467998266220093,0.02505604363977909,0.26435720920562744,0.7457637190818787,0.01858150213956833,0.23431214690208435,0.7353901267051697,0.014409859664738178,0.2100738286972046,0.7125778794288635,0.012053440324962139,P
0.4880005121231079,0.7873187065124512,9.440798862669908e-07,0.48060837388038635,0.6523352265357971,-0.046267326921224594,0.4472653269767761,0.5326099395751953,-0.05526116490364075,0.40580934286117554,0.43326520919799805,-0.0609312504529953,0.3895760178565979,0.33893442153930664,-0.06456848978996277,0.3381630778312683,0.5298615097999573,0.018929578363895416,0.2771536111831665,0.43570834398269653,0.018305514007806778,0.23929286003112793,0.38274097442626953,0.007834082469344139,0.20789287984371185,0.33862611651420593,-0.0013588370056822896,0.3116191029548645,0.5899220705032349,0.03136564791202545,0.24512578547000885,0.5189754366874695,0.04077759385108948,0.19747906923294067,0.4722866117954254,0.03155547380447388,0.16319511830806732,0.43254339694976807,0.02295399270951748,0.3027328848838806,0.6610842943191528,0.03477484732866287,0.24126839637756348,0.6053133606910706,0.039322156459093094,0.20340865850448608,0.564596951007843,0.030984532088041306,0.17334884405136108,0.519425630569458,0.02228127233684063,0.3071618974208832,0.7439455986022949,0.03147154673933983,0.2621021866798401,0.7452777028083801,0.02781820483505726,0.23072031140327454,0.7392228245735168,0.024296721443533897,0.20372959971427917,0.7215655446052551,0.022229602560400963,P
0.481909841299057,0.7762418985366821,8.731817047191726e-07,0.47428691387176514,0.6417476534843445,-0.0435667522251606,0.4417072832584381,0.5197746753692627,-0.052895449101924896,0.4030945301055908,0.4163200259208679,-0.059330493211746216,0.3857148587703705,0.32184118032455444,-0.06404601037502289,0.3316151201725006,0.521412193775177,0.014516347087919712,0.27202606201171875,0.42887312173843384,0.012442941777408123,0.2352266013622284,0.3797183632850647,0.0012428425252437592,0.20308348536491394,0.337564617395401,-0.008900383487343788,0.30449625849723816,0.5822446346282959,0.02442735619843006,0.2379789650440216,0.5153422355651855,0.031232699751853943,0.19167369604110718,0.47360509634017944,0.019875405356287956,0.1564548760652542,0.4362158477306366,0.009012149646878242,0.2959144413471222,0.6542893648147583,0.02621639333665371,0.23534542322158813,0.6031543016433716,0.028629811480641365,0.1985941380262375,0.5661879777908325,0.018996013328433037,0.16793042421340942,0.5243433713912964,0.008818629197776318,0.30206498503685,0.7357361316680908,0.02182510308921337,0.25796571373939514,0.7388368844985962,0.016950780525803566,0.2266460657119751,0.7346808910369873,0.013165704905986786,0.19849930703639984,0.7212307453155518,0.01053477544337511,P
0.47984209656715393,0.7622452974319458,8.621357778793026e-07,0.47066617012023926,0.6244516968727112,-0.042212847620248795,0.4379594922065735,0.5022185444831848,-0.050908997654914856,0.3978956639766693,0.3993813395500183,-0.05713536962866783,0.37980028986930847,0.3063419759273529,-0.06170490384101868,0.32985949516296387,0.5124414563179016,0.016602447256445885,0.26960891485214233,0.42202913761138916,0.015209793113172054,0.23082587122917175,0.3748527467250824,0.004361744970083237,0.19717060029506683,0.3344097435474396,-0.005760988686233759,0.30308786034584045,0.5740195512771606,0.026199784129858017,0.23634733259677887,0.5104968547821045,0.033561982214450836,0.18835335969924927,0.47100841999053955,0.022180328145623207,0.15181057155132294,0.4357326626777649,0.010994911193847656,0.2940528392791748,0.6460745930671692,0.027758225798606873,0.23214615881443024,0.5980637073516846,0.030958253890275955,0.19360607862472534,0.5629103183746338,0.021643228828907013,0.16270636022090912,0.5243750810623169,0.011438232846558094,0.29982906579971313,0.7279233932495117,0.02314431220293045,0.25594383478164673,0.7339580059051514,0.018999392166733742,0.22371146082878113,0.7312122583389282,0.015100901946425438,0.19504901766777039,0.7195528745651245,0.012217025272548199,P
0.4764220714569092,0.752409815788269,8.94775496362854e-07,0.4680776596069336,0.6122585535049438,-0.04291282966732979,0.4373466968536377,0.4904881715774536,-0.051884397864341736,0.39772531390190125,0.3890913426876068,-0.05839904025197029,0.37880441546440125,0.29655522108078003,-0.06321487575769424,0.32834213972091675,0.5057458281517029,0.01870826818048954,0.26741576194763184,0.41599416732788086,0.01831337809562683,0.22848133742809296,0.3688255250453949,0.007667667232453823,0.1947993040084839,0.3286249339580536,-0.0022315990645438433,0.3022609055042267,0.5684078335762024,0.02916996367275715,0.2349233627319336,0.5060049295425415,0.03809506073594093,0.18562380969524384,0.4666770398616791,0.02684907056391239,0.14816834032535553,0.43186601996421814,0.015699496492743492,0.2932923436164856,0.6402138471603394,0.03140176832675934,0.2316133677959442,0.5933641195297241,0.03666723147034645,0.19224420189857483,0.5585918426513672,0.027783052995800972,0.1606263816356659,0.5212581753730774,0.01781858690083027,0.29867202043533325,0.7218348979949951,0.027233900502324104,0.25482413172721863,0.728242039680481,0.025121094658970833,0.22211416065692902,0.7265996336936951,0.02189856395125389,0.19337688386440277,0.7161118388175964,0.019430730491876602,P
0.4744117259979248,0.7453613877296448,8.286409070024092e-07,0.4678249955177307,0.6067870855331421,-0.04192829504609108,0.43826353549957275,0.48353785276412964,-0.05255826562643051,0.39791974425315857,0.38258570432662964,-0.060892414301633835,0.380440890789032,0.28912845253944397,-0.06810815632343292,0.3299970030784607,0.5007847547531128,0.00977250374853611,0.2693691849708557,0.41073471307754517,0.0046883197501301765,0.23042134940624237,0.363891065120697,-0.008465752005577087,0.19620981812477112,0.32376629114151,-0.02036006562411785,0.3037136197090149,0.563576877117157,0.017530255019664764,0.23589536547660828,0.5004189014434814,0.019626736640930176,0.18664133548736572,0.46210429072380066,0.004158901982009411,0.14787927269935608,0.4278509020805359,-0.010244040749967098,0.2946763336658478,0.6358461380004883,0.017864655703306198,0.23368482291698456,0.5895900726318359,0.016742730513215065,0.1938328891992569,0.5563929080963135,0.003978816792368889,0.16105133295059204,0.5203525424003601,-0.008768663741648197,0.30041661858558655,0.7176622748374939,0.012442324310541153,0.2568599581718445,0.7255297899246216,0.005519132129848003,0.2237703502178192,0.7238661050796509,-0.0004672360373660922,0.193376824259758,0.7141789793968201,-0.005307520739734173,P
0.4746653139591217,0.7389070391654968,8.201728292078769e-07,0.46969854831695557,0.5997905731201172,-0.042018573731184006,0.4420184791088104,0.4773925542831421,-0.05321139469742775,0.4014187455177307,0.37789613008499146,-0.06220127269625664,0.38381385803222656,0.2843967378139496,-0.07012282311916351,0.3329525291919708,0.49666067957878113,0.009504878893494606,0.2717452049255371,0.40781736373901367,0.003525328589603305,0.23251089453697205,0.3612207770347595,-0.010385089553892612,0.1976449191570282,0.3214513659477234,-0.022856222465634346,0.30674508213996887,0.5610865950584412,0.01695631630718708,0.2371591329574585,0.49942776560783386,0.017624501138925552,0.1875050961971283,0.46086764335632324,0.0009442238369956613,0.14778615534305573,0.4266878664493561,-0.014281467534601688,0.2976412773132324,0.6340411901473999,0.017020583152770996,0.23674583435058594,0.5885428786277771,0.014580429531633854,0.1967092752456665,0.5552147030830383,0.0010778483701869845,0.1628340780735016,0.5195459127426147,-0.012020445428788662,0.30321311950683594,0.7149964570999146,0.011411657556891441,0.2590698003768921,0.7211533784866333,0.0037809289060533047,0.22616276144981384,0.7197904586791992,-0.002382507547736168,0.19529779255390167,0.7108871340751648,-0.0073571642860770226,P
0.4793611168861389,0.7359457015991211,7.335895020332828e-07,0.4765268564224243,0.6010026931762695,-0.04307199642062187,0.44776126742362976,0.4772765636444092,-0.056926287710666656,0.4093363881111145,0.3779951333999634,-0.06801041215658188,0.39345061779022217,0.28429433703422546,-0.07840380072593689,0.34063440561294556,0.49276092648506165,-0.006968946196138859,0.2792832851409912,0.404971718788147,-0.019983628764748573,0.23929190635681152,0.358104407787323,-0.036718059331178665,0.20384658873081207,0.3175482153892517,-0.0507269911468029,0.3127812445163727,0.5562680959701538,-0.0015397320967167616,0.24275976419448853,0.49355101585388184,-0.008805643767118454,0.19340571761131287,0.45582669973373413,-0.027184966951608658,0.15332789719104767,0.42234185338020325,-0.04291027784347534,0.30330395698547363,0.6296014785766602,-0.0027836307417601347,0.2423296570777893,0.5833390355110168,-0.013246913440525532,0.20210593938827515,0.5502203702926636,-0.029140392318367958,0.16740334033966064,0.5152823328971863,-0.04297969490289688,0.30868542194366455,0.7108860015869141,-0.009147430770099163,0.26457181572914124,0.7185543775558472,-0.023749209940433502,0.23159323632717133,0.7185717821121216,-0.03270826116204262,0.19947904348373413,0.712195634841919,-0.039055049419403076,P
0.48392176628112793,0.7338528633117676,7.535258532698208e-07,0.48246026039123535,0.5984017252922058,-0.04321037977933884,0.45587578415870667,0.4757453203201294,-0.056340012699365616,0.41758251190185547,0.37537065148353577,-0.06688826531171799,0.4010855555534363,0.281432569026947,-0.07661996781826019,0.34881898760795593,0.4884638786315918,-0.0012262837262824178,0.2874046266078949,0.4003930985927582,-0.01266090851277113,0.24742195010185242,0.3537769317626953,-0.02909904718399048,0.21183480322360992,0.3132643699645996,-0.043142933398485184,0.3206312656402588,0.5520548820495605,0.004584839567542076,0.25016140937805176,0.48952189087867737,-0.0016657909145578742,0.2002614289522171,0.451088011264801,-0.020799536257982254,0.1601562201976776,0.41671979427337646,-0.0371631495654583,0.31054404377937317,0.6260130405426025,0.0033592728432267904,0.24890902638435364,0.5797685980796814,-0.006514335982501507,0.20781369507312775,0.5463253259658813,-0.023662779480218887,0.17278873920440674,0.5103739500045776,-0.038437921553850174,0.3151095509529114,0.708184540271759,-0.003063792595639825,0.2708491384983063,0.7166657447814941,-0.017509665340185165,0.23697306215763092,0.7166326642036438,-0.02747541107237339,0.20433516800403595,0.7088499665260315,-0.03469780087471008,P
0.491897851228714,0.7347803115844727,7.28165673535841e-07,0.4911555051803589,0.599626898765564,-0.04337986931204796,0.46486780047416687,0.475381076335907,-0.055679500102996826,0.42675986886024475,0.37511441111564636,-0.06513717770576477,0.41206035017967224,0.2815904915332794,-0.07344440370798111,0.35701557993888855,0.4871799945831299,-0.0013901438796892762,0.2962959110736847,0.3986821174621582,-0.012733234092593193,0.2565162479877472,0.35187309980392456,-0.028911752626299858,0.22065889835357666,0.3109976649284363,-0.042719766497612,0.3281155228614807,0.5508008003234863,0.004731026012450457,0.2578829228878021,0.4878712594509125,-0.001501440885476768,0.20838084816932678,0.45027896761894226,-0.0199653971940279,0.16819444298744202,0.417150616645813,-0.03568212315440178,0.3173985779285431,0.624886691570282,0.0037719469983130693,0.2569415271282196,0.5789347887039185,-0.0063332682475447655,0.21784591674804688,0.5460823178291321,-0.022663027048110962,0.18441183865070343,0.5108016133308411,-0.03652174398303032,0.3211020827293396,0.7067573070526123,-0.002430604537948966,0.27636855840682983,0.7160223722457886,-0.01663721166551113,0.24322718381881714,0.7154536843299866,-0.026026036590337753,0.21141067147254944,0.7061777710914612,-0.03269414231181145,P
0.5033732652664185,0.7353299856185913,7.981407748047786e-07,0.5004939436912537,0.599996030330658,-0.04389895498752594,0.47648152709007263,0.4767306447029114,-0.05582284554839134,0.43927815556526184,0.3758842945098877,-0.06506094336509705,0.4236171841621399,0.2822370231151581,-0.07302522659301758,0.36752569675445557,0.48607349395751953,0.006625250913202763,0.3072197139263153,0.3956839442253113,-0.0006178001058287919,0.2674500644207001,0.34788134694099426,-0.015242923982441425,0.23187044262886047,0.30647483468055725,-0.028226055204868317,0.33891183137893677,0.5501037836074829,0.01418778020888567,0.2693384885787964,0.48580193519592285,0.012977588921785355,0.2196156531572342,0.4472687244415283,-0.00426606647670269,0.17992515861988068,0.41275250911712646,-0.01954524591565132,0.32787129282951355,0.6242717504501343,0.01418166421353817,0.26731064915657043,0.5769758820533752,0.009213869459927082,0.2266419380903244,0.5441270470619202,-0.0065059298649430275,0.1915687620639801,0.5082250237464905,-0.02079290710389614,0.33083388209342957,0.706666886806488,0.00853990763425827,0.2863824665546417,0.7145686149597168,-0.0017139626434072852,0.2528245151042938,0.714887261390686,-0.010040557943284512,0.22089695930480957,0.7056571245193481,-0.016465794295072556,P
0.5132269859313965,0.7407758235931396,7.440049785145675e-07,0.512735903263092,0.6052885055541992,-0.04378308355808258,0.4888562560081482,0.47833842039108276,-0.05603323504328728,0.453119695186615,0.37555748224258423,-0.06529972702264786,0.43831852078437805,0.28152790665626526,-0.07345327734947205,0.3805968165397644,0.4885505437850952,-0.0013826595386490226,0.32022613286972046,0.39599430561065674,-0.012284105643630028,0.2806323170661926,0.34755879640579224,-0.028338579460978508,0.24485917389392853,0.3050118684768677,-0.04205808788537979,0.3514813482761383,0.5525328516960144,0.00515091372653842,0.2813708782196045,0.4867881238460541,-0.0007362790056504309,0.23132742941379547,0.4473085105419159,-0.019765207543969154,0.19102169573307037,0.41195040941238403,-0.036045659333467484,0.3404727876186371,0.6269602179527283,0.00464366702362895,0.2800450026988983,0.5791055560112,-0.004892067518085241,0.2395475208759308,0.5457680821418762,-0.021975701674818993,0.20441117882728577,0.5093199610710144,-0.03663554787635803,0.34361398220062256,0.7089864015579224,-0.0011323862709105015,0.29818427562713623,0.7168754935264587,-0.015011469833552837,0.2641656994819641,0.716317892074585,-0.024639643728733063,0.23144413530826569,0.7062905430793762,-0.031637243926525116,P
0.5260858535766602,0.7462172508239746,7.416062430820602e-07,0.5254631638526917,0.608056366443634,-0.042013995349407196,0.503761351108551,0.4803767204284668,-0.05284053087234497,0.46617960929870605,0.3779364228248596,-0.06101652607321739,0.45258215069770813,0.2832653522491455,-0.06808491051197052,0.39567214250564575,0.4920988082885742,0.004578030202537775,0.335001677274704,0.39940765500068665,-0.003666530828922987,0.2954002916812897,0.3520467281341553,-0.018642447888851166,0.2595449388027191,0.3103201687335968,-0.03206251561641693,0.3659478425979614,0.5566244125366211,0.010810629464685917,0.29409387707710266,0.490448921918869,0.007037750445306301,0.24346160888671875,0.45058727264404297,-0.01248196605592966,0.2036413848400116,0.4157026708126068,-0.029418066143989563,0.35433822870254517,0.6314382553100586,0.010055005550384521,0.29172882437705994,0.5818641781806946,0.0021835167426615953,0.2515355944633484,0.5472426414489746,-0.015619962476193905,0.21779626607894897,0.510226845741272,-0.03110465593636036,0.3569883704185486,0.7134089469909668,0.00422052014619112,0.3106189966201782,0.7216402292251587,-0.008483346551656723,0.2762258052825928,0.7203106880187988,-0.018494972959160805,0.24341478943824768,0.7088775634765625,-0.026038995012640953,P
0.5396983623504639,0.7532979249954224,6.918259600752208e-07,0.5384604930877686,0.6155039668083191,-0.04190646484494209,0.5146812200546265,0.48765620589256287,-0.05449824407696724,0.47890806198120117,0.3855075240135193,-0.06454019248485565,0.465731680393219,0.29207998514175415,-0.07366753369569778,0.40580832958221436,0.49817386269569397,-0.00581554276868701,0.34511756896972656,0.4057345390319824,-0.01911751739680767,0.304614394903183,0.35707956552505493,-0.03626864403486252,0.26785361766815186,0.3148946166038513,-0.05086629465222359,0.37591832876205444,0.5629752278327942,-0.0012526579666882753,0.30550530552864075,0.49812957644462585,-0.009408545680344105,0.25533345341682434,0.4595659375190735,-0.02905353531241417,0.21440544724464417,0.4260599613189697,-0.04597760736942291,0.36480578780174255,0.6378553509712219,-0.0032688966020941734,0.3033238649368286,0.5906171202659607,-0.014509236440062523,0.26311272382736206,0.5573016405105591,-0.03164611756801605,0.2285035401582718,0.5224246382713318,-0.0464836023747921,0.36862999200820923,0.7202904224395752,-0.010316641069948673,0.32265082001686096,0.7297214865684509,-0.025712963193655014,0.28739094734191895,0.7296431064605713,-0.03602920472621918,0.2532850503921509,0.7214130163192749,-0.04349084571003914,P
0.5514820218086243,0.7653551697731018,7.354702233897115e-07,0.5491983890533447,0.6271964907646179,-0.0434248261153698,0.524114191532135,0.4973820745944977,-0.05558193102478981,0.4890822768211365,0.39300209283828735,-0.06475573778152466,0.47525501251220703,0.29925137758255005,-0.07268089056015015,0.4138858914375305,0.5076067447662354,-0.0022659404203295708,0.35248735547065735,0.4140644669532776,-0.012623361311852932,0.312238484621048,0.3654574155807495,-0.02866554819047451,0.2749684453010559,0.32349127531051636,-0.04290587082505226,0.38363853096961975,0.5726487040519714,0.003910005558282137,0.3132359981536865,0.5081958770751953,-0.0010392022086307406,0.2630136013031006,0.46872222423553467,-0.02035445347428322,0.22217589616775513,0.4352398216724396,-0.037517841905355453,0.3728342354297638,0.6473660469055176,0.0032489397563040257,0.3108453154563904,0.600955605506897,-0.005243669264018536,0.27046722173690796,0.5683764219284058,-0.02314598485827446,0.23549941182136536,0.5349965691566467,-0.039011385291814804,0.3773030638694763,0.7298288941383362,-0.002648556837812066,0.33076369762420654,0.7416210174560547,-0.01621319353580475,0.2953145503997803,0.7438247203826904,-0.026670610532164574,0.2617347240447998,0.7372974753379822,-0.03455419838428497,P
0.560005784034729,0.7687877416610718,7.583678893752221e-07,0.5563751459121704,0.6290239095687866,-0.04397089034318924,0.5322297811508179,0.5021530389785767,-0.056160882115364075,0.4968087673187256,0.3983854055404663,-0.06570335477590561,0.48317939043045044,0.3038052022457123,-0.07403549551963806,0.42162853479385376,0.5141006708145142,0.0024383352138102055,0.35997307300567627,0.42159542441368103,-0.006605173926800489,0.319293349981308,0.37452763319015503,-0.022456984966993332,0.2815359830856323,0.3330919146537781,-0.036903250962495804,0.3921225965023041,0.5800238847732544,0.009105370379984379,0.32108378410339355,0.5175610780715942,0.00499194348230958,0.26936325430870056,0.4792773425579071,-0.01502305455505848,0.22778907418251038,0.4461745619773865,-0.032998546957969666,0.3815016448497772,0.6553993225097656,0.008500824682414532,0.31920501589775085,0.6110038757324219,0.0007259603589773178,0.27832847833633423,0.5790062546730042,-0.01827007345855236,0.24318963289260864,0.5455817580223083,-0.03522264212369919,0.3855178654193878,0.737697958946228,0.002468465594574809,0.33933931589126587,0.7524454593658447,-0.01060773991048336,0.30401062965393066,0.7563304901123047,-0.022015364840626717,0.2707444131374359,0.7504410147666931,-0.030986977741122246,P
0.5700763463973999,0.7740132212638855,7.648223459000292e-07,0.5644768476486206,0.6359521150588989,-0.04468405246734619,0.5371417999267578,0.5086700916290283,-0.057187121361494064,0.5014863610267639,0.40407252311706543,-0.06670518964529037,0.48769086599349976,0.3095855414867401,-0.07488720864057541,0.4264838695526123,0.5208329558372498,-2.396025047346484e-05,0.3636730909347534,0.43065357208251953,-0.009047780185937881,0.3226105868816376,0.38431400060653687,-0.024344539269804955,0.28454363346099854,0.3439251184463501,-0.03826845437288284,0.3970802426338196,0.587304949760437,0.006931100506335497,0.324440598487854,0.5256737470626831,0.003723681904375553,0.27331259846687317,0.4881996512413025,-0.014663372188806534,0.23124980926513672,0.45603078603744507,-0.03133078292012215,0.38748836517333984,0.6626285314559937,0.006629043258726597,0.3248763680458069,0.6205738186836243,-0.0008748442051000893,0.2845354676246643,0.5901689529418945,-0.01900116540491581,0.24874663352966309,0.5583838224411011,-0.03512590378522873,0.3927217125892639,0.7450991868972778,0.0008734296425245702,0.34604018926620483,0.7596266269683838,-0.012104853056371212,0.31117701530456543,0.7646762132644653,-0.022695809602737427,0.2777585983276367,0.7604106664657593,-0.03088863007724285,P
0.5778640508651733,0.7710728645324707,7.745898642497195e-07,0.5680036544799805,0.6336484551429749,-0.044236794114112854,0.5363718271255493,0.508243203163147,-0.05540788546204567,0.49687397480010986,0.40558290481567383,-0.06388334184885025,0.4790329039096832,0.3130839765071869,-0.07083994150161743,0.42630499601364136,0.5326617956161499,0.004727301653474569,0.3619753122329712,0.44684159755706787,-0.0031255087815225124,0.32016342878341675,0.4018310308456421,-0.017853964120149612,0.2818143665790558,0.363051176071167,-0.03113214112818241,0.39908698201179504,0.5983532071113586,0.012189223431050777,0.32683277130126953,0.5392040610313416,0.01038198173046112,0.27502942085266113,0.5040076971054077,-0.0072871362790465355,0.23132199048995972,0.47343909740448,-0.02339448407292366,0.390936017036438,0.6717653870582581,0.012071359902620316,0.3270665407180786,0.6320921778678894,0.006048212759196758,0.28475576639175415,0.6040364503860474,-0.010818545706570148,0.2476496696472168,0.5747066140174866,-0.026132049039006233,0.3974507451057434,0.7524371147155762,0.0062831249088048935,0.35168787837028503,0.768258810043335,-0.004709621891379356,0.3169289231300354,0.7736409306526184,-0.013875490985810757,0.28466999530792236,0.7707110643386841,-0.021181020885705948,P
0.5770139694213867,0.7664151191711426,7.039804472697142e-07,0.5642805099487305,0.6352677345275879,-0.04079224914312363,0.524516761302948,0.5181843638420105,-0.051472101360559464,0.4825887382030487,0.42557719349861145,-0.05947108194231987,0.465429425239563,0.3398880064487457,-0.06653665006160736,0.420343816280365,0.5464096665382385,-0.004952017683535814,0.3554956614971161,0.46527326107025146,-0.0186383668333292,0.3127775192260742,0.4208521842956543,-0.03534505143761635,0.27518221735954285,0.38211774826049805,-0.049047041684389114,0.39698654413223267,0.6077746152877808,0.0005323664518073201,0.3256411552429199,0.5491107702255249,-0.008172034285962582,0.2732217311859131,0.516979992389679,-0.02602851204574108,0.2311621457338333,0.4890442192554474,-0.04090692847967148,0.3920632004737854,0.6765764951705933,-0.0006471495726145804,0.32855111360549927,0.6334311962127686,-0.012725073844194412,0.2866847813129425,0.6036276817321777,-0.027810122817754745,0.25357991456985474,0.5716190338134766,-0.04013030603528023,0.40101057291030884,0.7520383596420288,-0.006815036758780479,0.35620206594467163,0.757686197757721,-0.021796952933073044,0.32450929284095764,0.7527459263801575,-0.03033330850303173,0.29688534140586853,0.7398464679718018,-0.03608131408691406,P
0.5755206942558289,0.7644530534744263,6.804394843129558e-07,0.5597202777862549,0.6561854481697083,-0.049926504492759705,0.5109832286834717,0.5589693188667297,-0.06386712938547134,0.46376317739486694,0.47359442710876465,-0.07173305004835129,0.444922536611557,0.3919030427932739,-0.07784661650657654,0.41161447763442993,0.5668423175811768,-0.020548097789287567,0.3440311849117279,0.4933622181415558,-0.03908883407711983,0.3001765012741089,0.445564329624176,-0.05817471072077751,0.26273995637893677,0.40379953384399414,-0.07171928882598877,0.3915473222732544,0.6160925626754761,-0.006500383373349905,0.32272639870643616,0.5572291612625122,-0.016441017389297485,0.27230924367904663,0.518753707408905,-0.030094891786575317,0.23065771162509918,0.4850730895996094,-0.040490370243787766,0.39093074202537537,0.6698264479637146,0.0007171355537138879,0.331210196018219,0.6227344274520874,-0.009294630959630013,0.2918286621570587,0.5856946110725403,-0.018655458465218544,0.25992971658706665,0.5483487844467163,-0.0260617658495903,0.4028930366039276,0.7300719618797302,0.001965775154531002,0.3630978763103485,0.7209377884864807,-0.0077684614807367325,0.33699557185173035,0.7038763165473938,-0.011449343524873257,0.3153943419456482,0.6821624636650085,-0.01341070607304573,P
0.5595739483833313,0.7645694613456726,6.043838425284775e-07,0.5425722599029541,0.6945219039916992,-0.03583047538995743,0.4915957450866699,0.6187986135482788,-0.04841779172420502,0.4483732283115387,0.5520142316818237,-0.053453486412763596,0.4190646708011627,0.4917464852333069,-0.0562598742544651,0.39423245191574097,0.606670618057251,-0.03152690455317497,0.3284711539745331,0.5240739583969116,-0.04779164493083954,0.2858618497848511,0.47366899251937866,-0.06165628135204315,0.2510465979576111,0.433565616607666,-0.07088419795036316,0.3761032223701477,0.6349692940711975,-0.01870933175086975,0.3101804852485657,0.5572660565376282,-0.03084567002952099,0.2686261236667633,0.5033062696456909,-0.0406576544046402,0.23455433547496796,0.45745086669921875,-0.04741546884179115,0.37501809000968933,0.6574928164482117,-0.008776195347309113,0.3129798471927643,0.5844277739524841,-0.02054750546813011,0.2746729254722595,0.5322858691215515,-0.029995257034897804,0.2433469146490097,0.48649537563323975,-0.03670940548181534,0.3854362964630127,0.6785809993743896,-0.0019413864938542247,0.3504936695098877,0.6264197826385498,-0.013065565377473831,0.3319455683231354,0.590661346912384,-0.018299097195267677,0.31769847869873047,0.5605539679527283,-0.02095087617635727,P
0.5769784450531006,0.7462612986564636,5.350398737391515e-07,0.5292727947235107,0.7457126975059509,-0.030359402298927307,0.4890235364437103,0.705284833908081,-0.04628131538629532,0.45609280467033386,0.6587255001068115,-0.061603862792253494,0.4142690896987915,0.6232224702835083,-0.0762186348438263,0.40695902705192566,0.6309216618537903,-0.007426170632243156,0.34317243099212646,0.5670800805091858,-0.03128169849514961,0.29482388496398926,0.5178393125534058,-0.05698990076780319,0.2535310387611389,0.4719640612602234,-0.07524517178535461,0.4049712121486664,0.6231570243835449,-0.0073854983784258366,0.3367574214935303,0.5651723742485046,-0.030059535056352615,0.2869103252887726,0.5140490531921387,-0.0554320365190506,0.2393387258052826,0.4629753828048706,-0.0739809200167656,0.4062049686908722,0.6210485696792603,-0.012700166553258896,0.339732825756073,0.5647819638252258,-0.03402562066912651,0.29238051176071167,0.5164498686790466,-0.051996927708387375,0.25044646859169006,0.4715043306350708,-0.06380749493837357,0.40821680426597595,0.6239107251167297,-0.02188042923808098,0.35423797369003296,0.5757761001586914,-0.036660317331552505,0.3167780041694641,0.5384060144424438,-0.04526086524128914,0.28216099739074707,0.5033454895019531,-0.05172621086239815,P
0.5727720260620117,0.7420669198036194,8.313941748383513e-07,0.5271204710006714,0.7794311046600342,-0.06968950480222702,0.4662129580974579,0.756939172744751,-0.09856890141963959,0.4126491844654083,0.7181041836738586,-0.11537820100784302,0.37430617213249207,0.6810178160667419,-0.13008812069892883,0.40300220251083374,0.6519386768341064,-0.063195139169693,0.32815393805503845,0.58772212266922,-0.09307540208101273,0.28042131662368774,0.536005973815918,-0.11832649260759354,0.24537424743175507,0.4867366552352905,-0.13448163866996765,0.40244248509407043,0.6275690793991089,-0.038605377078056335,0.3258262574672699,0.5621950626373291,-0.06719749420881271,0.2746524512767792,0.5053377747535706,-0.09246019273996353,0.23695409297943115,0.4508339762687683,-0.10944941639900208,0.4094233214855194,0.6156103014945984,-0.019227737560868263,0.3419921100139618,0.5525534749031067,-0.04211476072669029,0.29833120107650757,0.4995275139808655,-0.061504460871219635,0.26676368713378906,0.4482537508010864,-0.07458378374576569,0.4208807945251465,0.6201488375663757,-0.005945769138634205,0.37938427925109863,0.5667564272880554,-0.022609790787100792,0.35314053297042847,0.5258777141571045,-0.03493894636631012,0.33370116353034973,0.488217830657959,-0.04392708092927933,P
0.5907210111618042,0.725327730178833,9.928618283083779e-07,0.5450618267059326,0.7949334979057312,-0.09680133312940598,0.47497570514678955,0.7971866726875305,-0.13454268872737885,0.4088563919067383,0.7677786946296692,-0.1504107564687729,0.3601285517215729,0.7398725152015686,-0.1629204899072647,0.4132324159145355,0.6640183925628662,-0.1083630844950676,0.31754377484321594,0.6025902032852173,-0.13592006266117096,0.26004111766815186,0.5621278882026672,-0.15521234273910522,0.2166207730770111,0.5186604261398315,-0.16611209511756897,0.41863813996315,0.623271644115448,-0.06263557076454163,0.3290577828884125,0.5485568642616272,-0.08912398666143417,0.2697591781616211,0.4947322607040405,-0.10993260890245438,0.23104436695575714,0.4421740472316742,-0.12394928187131882,0.4285122752189636,0.6042317748069763,-0.020925868302583694,0.3566921055316925,0.5333400964736938,-0.039879944175481796,0.311760812997818,0.4815756678581238,-0.05962906777858734,0.2827319800853729,0.4308064579963684,-0.07282483577728271,0.44034990668296814,0.6035852432250977,0.013789979740977287,0.39875349402427673,0.5441657900810242,0.0008208692306652665,0.37552618980407715,0.5003533959388733,-0.01259475015103817,0.3591457009315491,0.46060657501220703,-0.02233460545539856,P
0.5938730835914612,0.7354510426521301,1.078043169400189e-06,0.5399576425552368,0.8103287220001221,-0.09269145131111145,0.4671185612678528,0.8205033540725708,-0.13111890852451324,0.3952701687812805,0.799044668674469,-0.14786319434642792,0.3453525900840759,0.7906575202941895,-0.16156062483787537,0.41011834144592285,0.6789329051971436,-0.1100248470902443,0.30923256278038025,0.6240430474281311,-0.1361316740512848,0.2506779432296753,0.5855482816696167,-0.15248152613639832,0.2061636745929718,0.5417140126228333,-0.16142801940441132,0.41684219241142273,0.6318525075912476,-0.06448659300804138,0.3235245645046234,0.5574063658714294,-0.09294211864471436,0.2639683485031128,0.5017867684364319,-0.11143939197063446,0.22766627371311188,0.44700151681900024,-0.12321289628744125,0.42976972460746765,0.609004020690918,-0.021864524111151695,0.3545982539653778,0.5398038625717163,-0.04304172098636627,0.3074188232421875,0.48575806617736816,-0.062084004282951355,0.27883949875831604,0.43179619312286377,-0.07369955629110336,0.4454334080219269,0.602678656578064,0.014625726267695427,0.4022981822490692,0.5403271913528442,0.001442304695956409,0.3784952759742737,0.49338364601135254,-0.011638021096587181,0.36243367195129395,0.4468621015548706,-0.02091250754892826,P
0.5909011363983154,0.7369750142097473,1.0941789696516935e-06,0.5327044725418091,0.8182827234268188,-0.09184353798627853,0.45869046449661255,0.8342997431755066,-0.1296050250530243,0.3855380415916443,0.8200368881225586,-0.14668075740337372,0.3358596861362457,0.8181875348091125,-0.16122625768184662,0.4017810821533203,0.6890600919723511,-0.10141407698392868,0.30133548378944397,0.6367117762565613,-0.12428416311740875,0.24438820779323578,0.6002114415168762,-0.14052358269691467,0.19992707669734955,0.5580496788024902,-0.15061095356941223,0.40877899527549744,0.6361919641494751,-0.05618956312537193,0.3167784512042999,0.5618262887001038,-0.07952930778265,0.2604483962059021,0.5066053867340088,-0.09827273339033127,0.22550129890441895,0.4519094228744507,-0.11213694512844086,0.42313358187675476,0.6097157597541809,-0.014635018073022366,0.3473021388053894,0.5410009622573853,-0.03312219679355621,0.30281177163124084,0.486502468585968,-0.054748378694057465,0.27697741985321045,0.4324803948402405,-0.06952610611915588,0.4401198923587799,0.601569414138794,0.020692355930805206,0.396286278963089,0.5369628667831421,0.0078042191453278065,0.374846875667572,0.4877302646636963,-0.00789490807801485,0.361845463514328,0.4375423491001129,-0.020057398825883865,P
0.5908030867576599,0.7331394553184509,1.0148572755497298e-06,0.5300586223602295,0.820236086845398,-0.08474203199148178,0.4539329409599304,0.8364640474319458,-0.12070327997207642,0.3790389597415924,0.8224433064460754,-0.13729868829250336,0.3337351679801941,0.8223377466201782,-0.1516398936510086,0.4022689163684845,0.6937602758407593,-0.09920220077037811,0.3022041320800781,0.6444868445396423,-0.12472522258758545,0.24473725259304047,0.6093981862068176,-0.14176909625530243,0.20007169246673584,0.5679972171783447,-0.15228158235549927,0.4086262285709381,0.6383295655250549,-0.05903813615441322,0.31540238857269287,0.5672933459281921,-0.08561467379331589,0.2579263150691986,0.5141764283180237,-0.10486499220132828,0.22066766023635864,0.4609561562538147,-0.11872590333223343,0.4221101403236389,0.6110507249832153,-0.02202531136572361,0.34496715664863586,0.5472886562347412,-0.04459475353360176,0.29926836490631104,0.4939998388290405,-0.0668971985578537,0.2725169062614441,0.4409947991371155,-0.08124155551195145,0.43887007236480713,0.6043819785118103,0.009565860964357853,0.3942304253578186,0.5426281690597534,-0.007080692332237959,0.3734501600265503,0.49384355545043945,-0.023861248046159744,0.36135217547416687,0.4456712007522583,-0.03614923357963562,P
0.5885193347930908,0.7317737936973572,1.0762076954051736e-06,0.5317837595939636,0.8169762492179871,-0.09554751962423325,0.45641589164733887,0.835631787776947,-0.13454394042491913,0.3805258274078369,0.8224015235900879,-0.1525171399116516,0.3305375277996063,0.819670557975769,-0.1679956614971161,0.3983345031738281,0.6912449598312378,-0.10050130635499954,0.29873719811439514,0.6436735391616821,-0.12394358217716217,0.24165849387645721,0.6096745729446411,-0.14157645404338837,0.19696669280529022,0.5697323679924011,-0.15324576199054718,0.40510421991348267,0.6361616253852844,-0.05469314008951187,0.3129251003265381,0.5679621696472168,-0.07718181610107422,0.2554989457130432,0.5166542530059814,-0.09689465165138245,0.21904949843883514,0.4651331901550293,-0.11218768358230591,0.41910865902900696,0.6092734336853027,-0.013464583083987236,0.3433240056037903,0.5456201434135437,-0.031993426382541656,0.2983161509037018,0.49436575174331665,-0.054305870085954666,0.2712101340293884,0.44289150834083557,-0.07010990381240845,0.4367426335811615,0.6026644110679626,0.021031701937317848,0.39290183782577515,0.5416032075881958,0.007248115260154009,0.37147724628448486,0.49525588750839233,-0.009216549806296825,0.3587811291217804,0.44812846183776855,-0.022289711982011795,P
0.5866055488586426,0.729659914970398,1.0529520295676775e-06,0.5298482179641724,0.8164650201797485,-0.09516251087188721,0.45265722274780273,0.8371886610984802,-0.13287438452243805,0.3749341368675232,0.8261286616325378,-0.14958278834819794,0.32718145847320557,0.8312016725540161,-0.1637866497039795,0.39588144421577454,0.6916350722312927,-0.10012803226709366,0.2987523674964905,0.644529402256012,-0.12467961013317108,0.24158090353012085,0.6102222204208374,-0.14257507026195526,0.19615845382213593,0.5697678327560425,-0.1545948088169098,0.4024212956428528,0.6356387734413147,-0.05556827038526535,0.3122328519821167,0.5660789608955383,-0.07989631593227386,0.2552385628223419,0.5139363408088684,-0.09966111928224564,0.2175513654947281,0.4608125686645508,-0.11479200422763824,0.4174354672431946,0.6071878671646118,-0.01584743522107601,0.3437771499156952,0.5420809984207153,-0.03725332021713257,0.29926300048828125,0.4914199709892273,-0.06031481549143791,0.27119410037994385,0.4400060176849365,-0.0760628953576088,0.43692541122436523,0.5975754261016846,0.017214464023709297,0.3935193419456482,0.5358511805534363,0.0006410341593436897,0.37221211194992065,0.4890371859073639,-0.016926534473896027,0.35836172103881836,0.4405335783958435,-0.030450768768787384,P
0.5819945335388184,0.7252439260482788,9.401633178640623e-07,0.5253498554229736,0.8138344883918762,-0.08009935170412064,0.449418842792511,0.8432358503341675,-0.11355151236057281,0.3738989233970642,0.8397219181060791,-0.13037079572677612,0.31894153356552124,0.854507327079773,-0.14507828652858734,0.3910374045372009,0.6918727159500122,-0.0857611820101738,0.29627275466918945,0.6469370722770691,-0.11337032914161682,0.23962487280368805,0.6139466166496277,-0.13379952311515808,0.19417285919189453,0.5750388503074646,-0.14719311892986298,0.3985575735569,0.6349407434463501,-0.05381590127944946,0.31009724736213684,0.5637091994285583,-0.07820364087820053,0.25466376543045044,0.5126012563705444,-0.09687412530183792,0.21568098664283752,0.45881301164627075,-0.11103499680757523,0.4148443937301636,0.6044357419013977,-0.02705765888094902,0.34227171540260315,0.5373575687408447,-0.051078278571367264,0.29767030477523804,0.4875713884830475,-0.07256147265434265,0.26716873049736023,0.43644100427627563,-0.08684380352497101,0.4370163381099701,0.5896419882774353,-0.006122078746557236,0.3943469226360321,0.5264230966567993,-0.02793050929903984,0.3741225600242615,0.4783371090888977,-0.044746797531843185,0.35909682512283325,0.4294084310531616,-0.056301556527614594,P
0.5857861638069153,0.7141422033309937,9.34736874569353e-07,0.5204816460609436,0.8129301071166992,-0.06810643523931503,0.44283875823020935,0.8563912510871887,-0.1006939634680748,0.36281871795654297,0.8824361562728882,-0.11838888376951218,0.30428895354270935,0.9187561869621277,-0.1349066197872162,0.39488309621810913,0.6952083110809326,-0.08734574168920517,0.2938084900379181,0.6574354767799377,-0.11469019204378128,0.23511970043182373,0.6284962892532349,-0.13251347839832306,0.1877560168504715,0.5928744077682495,-0.14410214126110077,0.40257716178894043,0.6294089555740356,-0.05813536047935486,0.30990439653396606,0.5626763105392456,-0.08656071871519089,0.2528524100780487,0.5145082473754883,-0.10594005882740021,0.21196973323822021,0.46301424503326416,-0.12045857310295105,0.4204568564891815,0.594139575958252,-0.031449902802705765,0.34525567293167114,0.5292273163795471,-0.05971783027052879,0.29817497730255127,0.4777016043663025,-0.08372979611158371,0.26505154371261597,0.4274987578392029,-0.0988214835524559,0.4399535059928894,0.5794882774353027,-0.008156925439834595,0.396371990442276,0.5105819702148438,-0.03392118960618973,0.3764874339103699,0.4601293206214905,-0.053303156048059464,0.35999631881713867,0.4086097478866577,-0.06613606959581375,P
0.5832231044769287,0.7033565044403076,9.165681262857106e-07,0.5160675048828125,0.8097642660140991,-0.05737313628196716,0.4349239468574524,0.8648568987846375,-0.08714257925748825,0.35375699400901794,0.9002053737640381,-0.10433124750852585,0.29964250326156616,0.9442154765129089,-0.12046686559915543,0.3890504240989685,0.7016409039497375,-0.08127805590629578,0.287605345249176,0.6712389588356018,-0.10616295784711838,0.22936010360717773,0.6459512114524841,-0.12089519947767258,0.1818205714225769,0.6147041320800781,-0.13075031340122223,0.3981355130672455,0.6289462447166443,-0.058614328503608704,0.305530846118927,0.5629494190216064,-0.08413226157426834,0.24777209758758545,0.5150940418243408,-0.09896542876958847,0.20613685250282288,0.4649350941181183,-0.11045895516872406,0.4180980622768402,0.5874199867248535,-0.03773556277155876,0.3426942825317383,0.5245432257652283,-0.06492755562067032,0.29463446140289307,0.47421932220458984,-0.08581361174583435,0.2589758336544037,0.42454153299331665,-0.0988750234246254,0.4398096203804016,0.5663375854492188,-0.019282354041934013,0.39698758721351624,0.49343034625053406,-0.045149680227041245,0.3768674433231354,0.44119492173194885,-0.06228681653738022,0.35858282446861267,0.3882831931114197,-0.07309535145759583,P
0.5837046504020691,0.6845040321350098,8.687621289027447e-07,0.5139800310134888,0.7941784262657166,-0.04905145615339279,0.42961540818214417,0.8568225502967834,-0.07634452730417252,0.34927111864089966,0.9008255004882812,-0.09324408322572708,0.2969346046447754,0.9496387839317322,-0.1095392256975174,0.38266411423683167,0.6984479427337646,-0.07167652249336243,0.2839428782463074,0.675095796585083,-0.09473928809165955,0.22689010202884674,0.6534219980239868,-0.10930010676383972,0.1800636500120163,0.6263227462768555,-0.11957471817731857,0.39426738023757935,0.6243201494216919,-0.055570852011442184,0.30120137333869934,0.560602605342865,-0.07757075130939484,0.24357716739177704,0.5133178234100342,-0.09156204760074615,0.20180466771125793,0.4641493558883667,-0.10322627425193787,0.4164581596851349,0.579490602016449,-0.0412263348698616,0.340678870677948,0.5181431770324707,-0.06608022749423981,0.29037532210350037,0.46925392746925354,-0.08608224242925644,0.25199684500694275,0.42126426100730896,-0.09952771663665771,0.4411236643791199,0.5524836778640747,-0.02886354923248291,0.3955404758453369,0.4793967008590698,-0.054194193333387375,0.3734673261642456,0.4258856773376465,-0.0701787918806076,0.35307660698890686,0.37366464734077454,-0.08045327663421631,P
0.5817662477493286,0.6612367033958435,7.964084147715766e-07,0.5111468434333801,0.7745451927185059,-0.041227538138628006,0.4283498227596283,0.8479385375976562,-0.0633820965886116,0.3535767197608948,0.9024962186813354,-0.07708077877759933,0.30323824286460876,0.9522325992584229,-0.0899467021226883,0.37652769684791565,0.6948044896125793,-0.058257900178432465,0.28073370456695557,0.6768850684165955,-0.07793544977903366,0.22459372878074646,0.6588654518127441,-0.09010325372219086,0.17827895283699036,0.6352741122245789,-0.09891227632761002,0.3865013122558594,0.618597686290741,-0.04605283960700035,0.2946005165576935,0.5623035430908203,-0.06480959057807922,0.2380579113960266,0.5195388793945312,-0.0774509385228157,0.19703184068202972,0.4745292067527771,-0.08836773037910461,0.4081398546695709,0.5691303014755249,-0.0357506200671196,0.33379000425338745,0.5132246613502502,-0.05832822620868683,0.2835248112678528,0.46852341294288635,-0.07754819095134735,0.24419452250003815,0.4242953062057495,-0.09062779694795609,0.4342963695526123,0.5374485850334167,-0.02706134505569935,0.3891301453113556,0.46502649784088135,-0.050861649215221405,0.36579465866088867,0.412035197019577,-0.06641299277544022,0.34471169114112854,0.3617866337299347,-0.07646429538726807,P
0.574057936668396,0.6348890066146851,6.8446155410129e-07,0.5101041197776794,0.7546902298927307,-0.03266537934541702,0.4277854263782501,0.834382176399231,-0.05166008323431015,0.3537665009498596,0.8925145864486694,-0.06433114409446716,0.3079949915409088,0.9517282247543335,-0.076658234000206,0.3755522072315216,0.6917959451675415,-0.05273068696260452,0.2812684178352356,0.6813084483146667,-0.07149611413478851,0.2246735841035843,0.6666904091835022,-0.08190243691205978,0.1789773851633072,0.6466817259788513,-0.08946213871240616,0.3836538791656494,0.6119804382324219,-0.047353796660900116,0.29057741165161133,0.5629477500915527,-0.06484860181808472,0.2320607602596283,0.5257447361946106,-0.07614254206418991,0.18868853151798248,0.48470544815063477,-0.0863591805100441,0.40297165513038635,0.5568690896034241,-0.04333848878741264,0.3268585205078125,0.5045372843742371,-0.06656229496002197,0.2731577157974243,0.4647092819213867,-0.08468086272478104,0.23175545036792755,0.4246375560760498,-0.09710615873336792,0.4286470115184784,0.5183635354042053,-0.04024950787425041,0.3813934326171875,0.447392076253891,-0.06424333155155182,0.3547208309173584,0.39512988924980164,-0.07829846441745758,0.33171841502189636,0.3475513458251953,-0.08737985044717789,P
0.567464292049408,0.6122881174087524,6.83923303768097e-07,0.5046911239624023,0.7323810458183289,-0.03190045431256294,0.42292270064353943,0.8151800036430359,-0.04952866956591606,0.35121357440948486,0.8764227628707886,-0.06155424565076828,0.30908268690109253,0.9391574859619141,-0.07334714382886887,0.37160414457321167,0.675065815448761,-0.04801184684038162,0.27863579988479614,0.6696134209632874,-0.0669391080737114,0.22182630002498627,0.6576683521270752,-0.07806886732578278,0.17607377469539642,0.6396182179450989,-0.0861697569489479,0.37901562452316284,0.5964125394821167,-0.04394736513495445,0.28750669956207275,0.5507431626319885,-0.061935994774103165,0.22851553559303284,0.5163757801055908,-0.07403712719678879,0.1839912235736847,0.47695547342300415,-0.08489346504211426,0.3972354829311371,0.541263222694397,-0.04170335829257965,0.3227494955062866,0.49125587940216064,-0.06541450321674347,0.2684934139251709,0.455970823764801,-0.08369658142328262,0.22581221163272858,0.4187344014644623,-0.09640694409608841,0.4232935309410095,0.5014010667800903,-0.04062019661068916,0.37768346071243286,0.4302555322647095,-0.06573333591222763,0.3503473103046417,0.3770305812358856,-0.08052137494087219,0.32623356580734253,0.32801344990730286,-0.09013086557388306,P
0.5594515800476074,0.5862085223197937,6.400126721928245e-07,0.4993744194507599,0.7075158357620239,-0.03035973198711872,0.42042115330696106,0.7945886850357056,-0.047179192304611206,0.3520357012748718,0.8585283160209656,-0.05927199497818947,0.31193333864212036,0.9211821556091309,-0.07152097672224045,0.3720760941505432,0.6552625298500061,-0.047253869473934174,0.27828285098075867,0.6530361771583557,-0.06766962260007858,0.21990616619586945,0.6431659460067749,-0.07991824299097061,0.17315302789211273,0.6266970038414001,-0.08868516236543655,0.3780668079853058,0.5750837326049805,-0.04549195617437363,0.2850545346736908,0.5344919562339783,-0.0640929564833641,0.22413499653339386,0.5032280087471008,-0.07668304443359375,0.17744067311286926,0.4663170874118805,-0.08798858523368835,0.39441782236099243,0.5169697999954224,-0.045719023793935776,0.3168307840824127,0.469465434551239,-0.07029435783624649,0.261679470539093,0.4372202754020691,-0.08859830349683762,0.21868570148944855,0.4031628966331482,-0.10133539140224457,0.41944772005081177,0.4740411043167114,-0.04712465777993202,0.371600866317749,0.40532949566841125,-0.07336241751909256,0.34213170409202576,0.3530714213848114,-0.08823350816965103,0.31682664155960083,0.30507752299308777,-0.09784723818302155,P
0.5530651211738586,0.5599778890609741,6.361033229040913e-07,0.4971098303794861,0.6810693144798279,-0.030548982322216034,0.42082679271698,0.7699774503707886,-0.047671813517808914,0.3541141152381897,0.8359714150428772,-0.06063399091362953,0.3145100176334381,0.8997286558151245,-0.07409253716468811,0.37221506237983704,0.6367257833480835,-0.046278517693281174,0.2779672145843506,0.6355744004249573,-0.06843375414609909,0.2193082571029663,0.6257683038711548,-0.0820988118648529,0.17211276292800903,0.6087103486061096,-0.09179335087537766,0.37684112787246704,0.5556052327156067,-0.04576921835541725,0.28186410665512085,0.5166056752204895,-0.06548475474119186,0.22001652419567108,0.4859570264816284,-0.0786740854382515,0.171922504901886,0.44937026500701904,-0.09040714055299759,0.3921091854572296,0.49571603536605835,-0.047715283930301666,0.31189993023872375,0.44908541440963745,-0.07421990483999252,0.2552846670150757,0.41788196563720703,-0.0927867516875267,0.21056532859802246,0.38427281379699707,-0.10557825118303299,0.41642796993255615,0.4504404067993164,-0.0509040541946888,0.36740419268608093,0.3822042644023895,-0.07872100919485092,0.33641213178634644,0.3294873833656311,-0.0937052071094513,0.3095282316207886,0.28084900975227356,-0.10345407575368881,P
0.5499009490013123,0.5374587774276733,6.481159289251082e-07,0.49407845735549927,0.6574043035507202,-0.02857210673391819,0.4192611873149872,0.7468088865280151,-0.04602443054318428,0.3541148602962494,0.8152139782905579,-0.05951184034347534,0.3156861960887909,0.8802996873855591,-0.07349177449941635,0.3692953586578369,0.6169647574424744,-0.04797479137778282,0.2745950222015381,0.6176984310150146,-0.07062385976314545,0.21567220985889435,0.608992874622345,-0.08391420543193817,0.1684267520904541,0.5926026105880737,-0.0931939110159874,0.3733907639980316,0.533741295337677,-0.04847351089119911,0.2777675986289978,0.4972797632217407,-0.0692676529288292,0.2144605815410614,0.4682774841785431,-0.08277198672294617,0.165685772895813,0.4327985644340515,-0.09458567202091217,0.3886607885360718,0.47217756509780884,-0.05082818493247032,0.306892454624176,0.4288119673728943,-0.07816293090581894,0.24886272847652435,0.4003828763961792,-0.0967065840959549,0.20345458388328552,0.3687061071395874,-0.10933040827512741,0.41295352578163147,0.42540666460990906,-0.0540379099547863,0.36296096444129944,0.358143150806427,-0.08259245753288269,0.3317984342575073,0.30628710985183716,-0.09743849188089371,0.3051143288612366,0.25877201557159424,-0.10685016959905624,P
0.548597514629364,0.5145859718322754,6.362515705404803e-07,0.4924321174621582,0.6381860375404358,-0.023858314380049706,0.4184679090976715,0.728817343711853,-0.039844196289777756,0.3551214039325714,0.7986804246902466,-0.0524856261909008,0.31776413321495056,0.864448606967926,-0.06598497182130814,0.364092618227005,0.5996852517127991,-0.04583321139216423,0.2701070010662079,0.6016964912414551,-0.06652925908565521,0.21223881840705872,0.5950490832328796,-0.07806131988763809,0.16562069952487946,0.5806844234466553,-0.08618457615375519,0.3684060573577881,0.5161730647087097,-0.04780309647321701,0.27109524607658386,0.47976207733154297,-0.0671611875295639,0.2079058438539505,0.4545266628265381,-0.08014824241399765,0.1588454395532608,0.4232006072998047,-0.09181014448404312,0.3840142786502838,0.45416057109832764,-0.05096128210425377,0.30246007442474365,0.41030246019363403,-0.07749338448047638,0.24431556463241577,0.3822234869003296,-0.0967688262462616,0.1983860582113266,0.35190272331237793,-0.1100735142827034,0.4081326425075531,0.4069748520851135,-0.054324306547641754,0.35650312900543213,0.33646565675735474,-0.08227870613336563,0.3249845802783966,0.283275306224823,-0.09733563661575317,0.2973634600639343,0.23577120900154114,-0.10707747936248779,P
0.5393588542938232,0.499838650226593,6.248594104363292e-07,0.4886881411075592,0.6245809197425842,-0.02484072744846344,0.41737404465675354,0.7165734171867371,-0.040432047098875046,0.35649794340133667,0.7871873378753662,-0.052702803164720535,0.320665180683136,0.8528035283088684,-0.06583311408758163,0.36030396819114685,0.5876595377922058,-0.045171819627285004,0.26950740814208984,0.591627836227417,-0.06455859541893005,0.21171803772449493,0.5845502614974976,-0.07553574442863464,0.16487573087215424,0.5701759457588196,-0.08377464860677719,0.3619924783706665,0.50179123878479,-0.047027409076690674,0.2664269804954529,0.46843162178993225,-0.06419358402490616,0.20385318994522095,0.44440245628356934,-0.07607704401016235,0.1549665778875351,0.4138791561126709,-0.08760187774896622,0.376666396856308,0.43788084387779236,-0.05031522735953331,0.29552268981933594,0.3959653675556183,-0.07579179853200912,0.23853382468223572,0.3705504536628723,-0.09424424171447754,0.19281724095344543,0.34229329228401184,-0.10761938989162445,0.40094491839408875,0.38959401845932007,-0.05406929925084114,0.35162353515625,0.3200337290763855,-0.08211728930473328,0.32094982266426086,0.2678017020225525,-0.09730629622936249,0.29348742961883545,0.22094178199768066,-0.10753966122865677,P
0.5405058264732361,0.48609694838523865,6.299985102486971e-07,0.4886281490325928,0.6111891865730286,-0.021645648404955864,0.4186493456363678,0.7055636048316956,-0.03570207208395004,0.3598558008670807,0.7780961394309998,-0.04671473056077957,0.32444536685943604,0.8426635265350342,-0.05830628052353859,0.3598877191543579,0.5785850882530212,-0.043547049164772034,0.2668544054031372,0.5802178978919983,-0.06086823716759682,0.20760756731033325,0.5733510255813599,-0.06939369440078735,0.16007594764232635,0.5599586367607117,-0.07583031058311462,0.36132916808128357,0.4933110773563385,-0.045581284910440445,0.2648904323577881,0.4611302614212036,-0.06172060966491699,0.20103247463703156,0.43758100271224976,-0.0723610520362854,0.15228797495365143,0.4079188108444214,-0.08305003494024277,0.3752020299434662,0.4288735091686249,-0.04851270467042923,0.2939680218696594,0.3876510560512543,-0.0727672129869461,0.2364935278892517,0.3617932200431824,-0.09057453274726868,0.19141855835914612,0.3337557911872864,-0.10346511006355286,0.3979683220386505,0.3796532154083252,-0.051605820655822754,0.3481677770614624,0.30845990777015686,-0.07892037183046341,0.31639641523361206,0.2554284632205963,-0.09444928914308548,0.28829312324523926,0.20823192596435547,-0.10482992231845856,P
0.533805251121521,0.481230765581131,6.367419587149925e-07,0.4877625107765198,0.6031419634819031,-0.02470802515745163,0.42233601212501526,0.6985820531845093,-0.04156992956995964,0.3650350272655487,0.7725714445114136,-0.055154938250780106,0.3286038339138031,0.8382911682128906,-0.06927637755870819,0.36526164412498474,0.5751745104789734,-0.050829045474529266,0.2715602517127991,0.5771532654762268,-0.07154044508934021,0.21028554439544678,0.5714023113250732,-0.08142714202404022,0.16046203672885895,0.5594227313995361,-0.08881711214780807,0.36446425318717957,0.49055272340774536,-0.05313779041171074,0.2674791216850281,0.4603271782398224,-0.07308328151702881,0.20188835263252258,0.4368780255317688,-0.08482559025287628,0.15134499967098236,0.4079471230506897,-0.09616870433092117,0.37631115317344666,0.4257397949695587,-0.056415196508169174,0.29498687386512756,0.3863072097301483,-0.08402407914400101,0.23565034568309784,0.36049434542655945,-0.10191119462251663,0.18830980360507965,0.33315494656562805,-0.1146385669708252,0.3976287841796875,0.3752455711364746,-0.06012054905295372,0.34671008586883545,0.30422109365463257,-0.09007298201322556,0.3136424422264099,0.2509450614452362,-0.10600396990776062,0.28374552726745605,0.20420733094215393,-0.11660610884428024,P
0.5348466038703918,0.47837308049201965,6.252946036511275e-07,0.49012884497642517,0.6005076766014099,-0.026587052270770073,0.42536115646362305,0.6962642669677734,-0.044315192848443985,0.3691359758377075,0.7703088521957397,-0.058660730719566345,0.3327115774154663,0.8366605043411255,-0.07367142289876938,0.3662854731082916,0.5731698870658875,-0.05196656286716461,0.2742048501968384,0.5762413144111633,-0.0737830400466919,0.21358449757099152,0.5712310075759888,-0.0848589539527893,0.16380612552165985,0.5602929592132568,-0.09325537085533142,0.3651807904243469,0.4893181324005127,-0.05432286486029625,0.26841282844543457,0.46185147762298584,-0.07456278800964355,0.20412802696228027,0.43877965211868286,-0.0862780511379242,0.1539028137922287,0.41105520725250244,-0.0977257788181305,0.3772784173488617,0.42456403374671936,-0.0581490583717823,0.29443973302841187,0.38641101121902466,-0.08672758936882019,0.23582834005355835,0.3612639904022217,-0.10473857074975967,0.18816356360912323,0.3353617191314697,-0.11765230447053909,0.39949268102645874,0.3738761246204376,-0.06265515089035034,0.3470173478126526,0.30297166109085083,-0.09365779161453247,0.3131464123725891,0.2499426007270813,-0.10997427999973297,0.2822427451610565,0.20382562279701233,-0.12100934982299805,P
0.5367394089698792,0.47633668780326843,6.180477498674009e-07,0.4933815002441406,0.5969914793968201,-0.02569633163511753,0.4294196665287018,0.6929923295974731,-0.0434577614068985,0.37302160263061523,0.7677644491195679,-0.05809289962053299,0.33684560656547546,0.8348694443702698,-0.07335257530212402,0.3696902394294739,0.5727078318595886,-0.05157477781176567,0.27602559328079224,0.577035665512085,-0.0727677270770073,0.21529234945774078,0.5727768540382385,-0.08296049386262894,0.1659625768661499,0.5629629492759705,-0.09065549075603485,0.36837053298950195,0.48953914642333984,-0.05442170426249504,0.2698216438293457,0.4640287160873413,-0.07384570688009262,0.20544026792049408,0.4414844512939453,-0.08468857407569885,0.15568096935749054,0.4145788252353668,-0.09540587663650513,0.37997347116470337,0.4242655634880066,-0.05863961577415466,0.29615336656570435,0.3874548673629761,-0.08632129430770874,0.23734095692634583,0.36252593994140625,-0.10358604788780212,0.1896606683731079,0.3372501730918884,-0.1160237118601799,0.40131425857543945,0.3721008598804474,-0.06347642093896866,0.3480690121650696,0.3022578954696655,-0.09348247945308685,0.3135862350463867,0.2505201995372772,-0.10904201865196228,0.2822461724281311,0.20555683970451355,-0.11955533176660538,P
0.5373063087463379,0.475953608751297,6.225300239748321e-07,0.4948032796382904,0.5972216129302979,-0.025690944865345955,0.43158987164497375,0.6927542090415955,-0.04335696995258331,0.37581518292427063,0.767397403717041,-0.058020204305648804,0.34070611000061035,0.8350032567977905,-0.07341685891151428,0.37114211916923523,0.5731261372566223,-0.051506541669368744,0.2779916524887085,0.5782971978187561,-0.07300891727209091,0.21736930310726166,0.574545681476593,-0.08342591673135757,0.16798356175422668,0.5651397109031677,-0.09131021797657013,0.3691195249557495,0.4901926517486572,-0.05466046929359436,0.2707913815975189,0.4653473496437073,-0.0745614543557167,0.20649699866771698,0.4427732825279236,-0.08569524437189102,0.1567288637161255,0.416073203086853,-0.09651940315961838,0.38040944933891296,0.42429131269454956,-0.05922555923461914,0.29676786065101624,0.38840582966804504,-0.087557852268219,0.2380727380514145,0.3646721839904785,-0.10522204637527466,0.19054625928401947,0.34048110246658325,-0.1178480014204979,0.4019670784473419,0.37131279706954956,-0.06439712643623352,0.34871888160705566,0.3011336922645569,-0.09483133256435394,0.314034640789032,0.24981549382209778,-0.1105879545211792,0.2825666069984436,0.20525062084197998,-0.12123208492994308,P
0.5423918962478638,0.47014009952545166,6.144937856333854e-07,0.49882665276527405,0.5927714705467224,-0.024196622893214226,0.43454793095588684,0.6911324262619019,-0.04188373312354088,0.38018471002578735,0.7677457332611084,-0.05645730346441269,0.34830719232559204,0.8364442586898804,-0.07196523249149323,0.3764663636684418,0.5722969174385071,-0.05550337955355644,0.28274208307266235,0.5802106857299805,-0.07815837115049362,0.22118113934993744,0.5771610140800476,-0.08868362009525299,0.17102260887622833,0.5685459971427917,-0.09654341638088226,0.37419942021369934,0.4892806112766266,-0.059242602437734604,0.2742631435394287,0.4667437672615051,-0.08039656281471252,0.20849671959877014,0.44504445791244507,-0.09131738543510437,0.15763747692108154,0.41929948329925537,-0.10200119763612747,0.3849988579750061,0.4225556552410126,-0.06387461721897125,0.29982414841651917,0.3891257047653198,-0.09315216541290283,0.23977535963058472,0.3662908673286438,-0.1108306348323822,0.1918870359659195,0.3431745767593384,-0.12336716800928116,0.40573492646217346,0.3685298264026642,-0.06883303076028824,0.3500594198703766,0.29957401752471924,-0.100039042532444,0.31451329588890076,0.24843615293502808,-0.11612170934677124,0.282746285200119,0.2041882872581482,-0.12701301276683807,P
0.5426297187805176,0.46379855275154114,6.078769843043119e-07,0.500982403755188,0.5848860144615173,-0.02270418591797352,0.43971115350723267,0.6846743822097778,-0.039606232196092606,0.38869526982307434,0.7653605341911316,-0.05356815084815025,0.35975757241249084,0.8359960913658142,-0.06857573240995407,0.37967514991760254,0.5694892406463623,-0.05435406044125557,0.28534942865371704,0.5805863738059998,-0.07604432851076126,0.2235889732837677,0.5798068046569824,-0.08586146682500839,0.17375418543815613,0.5730347633361816,-0.093202605843544,0.37612324953079224,0.4861397445201874,-0.058200281113386154,0.27573907375335693,0.46740806102752686,-0.07827574759721756,0.21003678441047668,0.4478742182254791,-0.08850695937871933,0.15951500833034515,0.42380407452583313,-0.09878470748662949,0.38583555817604065,0.4190005660057068,-0.06272444128990173,0.2999330163002014,0.3887134790420532,-0.09098551422357559,0.24002687633037567,0.3681439161300659,-0.10826461762189865,0.19255807995796204,0.3471730947494507,-0.12069754302501678,0.4056851267814636,0.3649219572544098,-0.0673936977982521,0.3500216007232666,0.29773664474487305,-0.09802588820457458,0.3142459988594055,0.2477865219116211,-0.11395867168903351,0.2825062572956085,0.20485028624534607,-0.12478424608707428,P
0.5493811964988708,0.45615053176879883,6.048409204595373e-07,0.5065543055534363,0.5749927163124084,-0.02282566763460636,0.4462284445762634,0.6767192482948303,-0.04056480526924133,0.398899644613266,0.7618685960769653,-0.05581584945321083,0.3740660846233368,0.8355892300605774,-0.07222111523151398,0.38637521862983704,0.5681619644165039,-0.05459154397249222,0.2924800217151642,0.583811342716217,-0.07825346291065216,0.23004360496997833,0.5850020051002502,-0.08969192206859589,0.1788727194070816,0.5800209641456604,-0.09817814826965332,0.38142862915992737,0.48669788241386414,-0.05954894423484802,0.2810770273208618,0.47193706035614014,-0.0816444680094719,0.21420705318450928,0.4528757929801941,-0.09300879389047623,0.1619623899459839,0.4291646480560303,-0.10385085642337799,0.38981515169143677,0.4188762307167053,-0.06545820087194443,0.303062379360199,0.3913000822067261,-0.0957721397280693,0.24225439131259918,0.37103864550590515,-0.1139724850654602,0.19370535016059875,0.35030171275138855,-0.1266878843307495,0.4082069993019104,0.3624967932701111,-0.07161635160446167,0.3507046103477478,0.2973780930042267,-0.10349726676940918,0.3143765330314636,0.24723470211029053,-0.11986558139324188,0.2821488380432129,0.20390886068344116,-0.13095791637897491,P
0.5531740188598633,0.44609707593917847,6.061271164981008e-07,0.5134913921356201,0.5666152834892273,-0.019229914993047714,0.45537787675857544,0.6705194115638733,-0.03478023409843445,0.40992215275764465,0.7583276629447937,-0.048142869025468826,0.38876476883888245,0.8332371711730957,-0.062973752617836,0.3883397877216339,0.5672643780708313,-0.051632724702358246,0.2933368682861328,0.5888646841049194,-0.07269717007875443,0.23260684311389923,0.595355212688446,-0.08164124935865402,0.18316945433616638,0.5946424603462219,-0.08838242292404175,0.3832321763038635,0.4866698980331421,-0.057253316044807434,0.2812472879886627,0.47511088848114014,-0.07782329618930817,0.21446934342384338,0.4601018726825714,-0.08839887380599976,0.1625497192144394,0.44064801931381226,-0.0984816923737526,0.39144062995910645,0.4188769459724426,-0.06334102898836136,0.304802805185318,0.39478278160095215,-0.09285343438386917,0.2434113472700119,0.37812501192092896,-0.11212389916181564,0.1938338279724121,0.3607579171657562,-0.12550681829452515,0.4093415439128876,0.36201006174087524,-0.06904450058937073,0.35103297233581543,0.2977932393550873,-0.10059496760368347,0.31388628482818604,0.2489382028579712,-0.11755520105361938,0.2801753878593445,0.2076505422592163,-0.12901945412158966,P
0.5555900931358337,0.4350876808166504,6.005501518302481e-07,0.5179604887962341,0.5589686036109924,-0.019122468307614326,0.46335890889167786,0.6648267507553101,-0.0354219526052475,0.4210929572582245,0.7543687224388123,-0.04947231337428093,0.4019929766654968,0.8304504156112671,-0.06517589837312698,0.39603209495544434,0.5634464025497437,-0.054430097341537476,0.3010222315788269,0.593264102935791,-0.07677143812179565,0.23974592983722687,0.6042340397834778,-0.08656792342662811,0.1898379623889923,0.6069533824920654,-0.0937701016664505,0.38788455724716187,0.4833601713180542,-0.06006666272878647,0.28467851877212524,0.47918060421943665,-0.0809248685836792,0.21709702908992767,0.4683224856853485,-0.09141041338443756,0.16489996016025543,0.4520241320133209,-0.10153026133775711,0.3937837779521942,0.41524606943130493,-0.06602924317121506,0.3046448528766632,0.3978167176246643,-0.09551551192998886,0.24288862943649292,0.3854563236236572,-0.11457392573356628,0.19374385476112366,0.3714899718761444,-0.12801949679851532,0.4102790355682373,0.3581854999065399,-0.07158216089010239,0.34962525963783264,0.2974638342857361,-0.10316650569438934,0.3117832541465759,0.2505422532558441,-0.12006869912147522,0.2782510221004486,0.210877925157547,-0.13159851729869843,P
0.5632134079933167,0.422816663980484,6.153782123874407e-07,0.5273246765136719,0.5497318506240845,-0.017155632376670837,0.4731164574623108,0.6572558283805847,-0.032145995646715164,0.43263787031173706,0.7476999759674072,-0.04496624320745468,0.41626664996147156,0.8234854936599731,-0.05945410579442978,0.39941948652267456,0.5651662349700928,-0.053608737885951996,0.302859365940094,0.6013049483299255,-0.07442546635866165,0.24230580031871796,0.6146142482757568,-0.08190702646970749,0.19336825609207153,0.6197067499160767,-0.08723321557044983,0.39096060395240784,0.48497918248176575,-0.05962337180972099,0.28592056035995483,0.4866405129432678,-0.0794249176979065,0.2182188779115677,0.4791901111602783,-0.08885479718446732,0.16573800146579742,0.46624279022216797,-0.09777761250734329,0.3961963355541229,0.4149758219718933,-0.06569675356149673,0.306942343711853,0.4034971594810486,-0.09478427469730377,0.24463391304016113,0.395505428314209,-0.1145399659872055,0.19420495629310608,0.38576647639274597,-0.1281832903623581,0.411213219165802,0.3552834987640381,-0.0709763616323471,0.3486553728580475,0.2976183295249939,-0.10239683091640472,0.3097679913043976,0.25251686573028564,-0.11963407695293427,0.2746737003326416,0.21452248096466064,-0.13108737766742706,P
0.5672452449798584,0.41034775972366333,6.089296107347764e-07,0.5318590402603149,0.538992166519165,-0.01562877930700779,0.4784943461418152,0.6486073136329651,-0.03031384013593197,0.43917161226272583,0.7408156394958496,-0.04269581660628319,0.4251271188259125,0.815494179725647,-0.05665483698248863,0.4061923325061798,0.5590998530387878,-0.05451833829283714,0.3093859851360321,0.6014254093170166,-0.0760531798005104,0.24798732995986938,0.6185390949249268,-0.08393101394176483,0.19866420328617096,0.6264838576316833,-0.08951372653245926,0.39466607570648193,0.4789746403694153,-0.06107357516884804,0.2889091968536377,0.4861367344856262,-0.0813889354467392,0.220289945602417,0.48327407240867615,-0.09093189984560013,0.16708698868751526,0.47358307242393494,-0.09992513060569763,0.39759141206741333,0.4082901179790497,-0.06728984415531158,0.3073660135269165,0.4019165337085724,-0.09643130004405975,0.24424166977405548,0.39735177159309387,-0.11589924246072769,0.19368195533752441,0.3896036744117737,-0.12952087819576263,0.41105198860168457,0.3478159010410309,-0.07252681255340576,0.34841352701187134,0.2942086160182953,-0.10481249541044235,0.3092818856239319,0.2511642873287201,-0.12225810438394547,0.2743554413318634,0.21388572454452515,-0.1336580067873001,P
0.5670386552810669,0.3999912738800049,6.211333243300032e-07,0.5333378314971924,0.5274759531021118,-0.016822881996631622,0.4821743965148926,0.6382113099098206,-0.031746283173561096,0.4441341757774353,0.7314889430999756,-0.044257570058107376,0.43003299832344055,0.8081603646278381,-0.05826699361205101,0.41198816895484924,0.5491263270378113,-0.05491373687982559,0.3137148320674896,0.5908057689666748,-0.07742366939783096,0.2512667775154114,0.6111962199211121,-0.08612433075904846,0.20052385330200195,0.6227067708969116,-0.09230843931436539,0.39962151646614075,0.4693571627140045,-0.0610242635011673,0.29380565881729126,0.4800525903701782,-0.08220982551574707,0.2242632359266281,0.48098787665367126,-0.0923812985420227,0.16987743973731995,0.47476813197135925,-0.10194163769483566,0.40113264322280884,0.3989233374595642,-0.06691964715719223,0.31022706627845764,0.39525067806243896,-0.09695259481668472,0.24710221588611603,0.3931097388267517,-0.11611531674861908,0.19659863412380219,0.38769081234931946,-0.12939174473285675,0.4136384427547455,0.3387060761451721,-0.07199106365442276,0.3497886061668396,0.28645485639572144,-0.10488849878311157,0.3102208077907562,0.24470257759094238,-0.121964231133461,0.2750530242919922,0.2090499997138977,-0.13300615549087524,P
0.562353253364563,0.39355358481407166,6.265275942496373e-07,0.5313739776611328,0.5175971388816833,-0.019339289516210556,0.4807458519935608,0.6287899017333984,-0.03420707583427429,0.4446057975292206,0.7229152917861938,-0.047023821622133255,0.4325401186943054,0.8004149198532104,-0.061495114117860794,0.41328322887420654,0.5387901663780212,-0.05144471302628517,0.3159281015396118,0.5810540914535522,-0.07401175051927567,0.2540586590766907,0.6022098660469055,-0.08387362211942673,0.20298655331134796,0.6136455535888672,-0.09112566709518433,0.4000629186630249,0.46100613474845886,-0.05760788917541504,0.296233206987381,0.4724591076374054,-0.07818733155727386,0.22764812409877777,0.4736485183238983,-0.08885849267244339,0.1726941615343094,0.4666631817817688,-0.09898702800273895,0.4011232852935791,0.3919958472251892,-0.06442348659038544,0.31075960397720337,0.38707709312438965,-0.09424924850463867,0.24894873797893524,0.3843321204185486,-0.11328482627868652,0.1980937123298645,0.37833744287490845,-0.12681125104427338,0.41354742646217346,0.331856369972229,-0.07098452001810074,0.3511318564414978,0.27856016159057617,-0.10392310470342636,0.31152060627937317,0.23630192875862122,-0.12089835107326508,0.27585601806640625,0.19980230927467346,-0.13221706449985504,P
0.5616338849067688,0.38473108410835266,6.082750019231753e-07,0.5287114977836609,0.511260449886322,-0.01789804734289646,0.4774245023727417,0.6221538782119751,-0.03097495436668396,0.44190752506256104,0.7158533930778503,-0.04210209473967552,0.42924028635025024,0.7922772169113159,-0.05486457422375679,0.4098024368286133,0.5300092697143555,-0.04776198789477348,0.3146522641181946,0.571660041809082,-0.06929204612970352,0.25351405143737793,0.5916492938995361,-0.07911936938762665,0.20269714295864105,0.601437509059906,-0.08661755919456482,0.3964511752128601,0.45153599977493286,-0.0542963482439518,0.2947213351726532,0.46249082684516907,-0.07385064661502838,0.22698062658309937,0.4638058841228485,-0.08471465855836868,0.17260928452014923,0.4567060172557831,-0.09517663717269897,0.39831116795539856,0.3825269639492035,-0.06155596673488617,0.3096891939640045,0.3770923614501953,-0.09109508246183395,0.24849146604537964,0.37461432814598083,-0.11089926213026047,0.19806374609470367,0.36839669942855835,-0.12505580484867096,0.4121733009815216,0.322843998670578,-0.06842697411775589,0.352083683013916,0.26835376024246216,-0.1019638255238533,0.31268513202667236,0.22682058811187744,-0.12005075067281723,0.2769603133201599,0.1904757022857666,-0.1321580559015274,P
0.5622053742408752,0.37805792689323425,6.117824113971437e-07,0.5290780663490295,0.5044860243797302,-0.01884804107248783,0.476169228553772,0.6148406267166138,-0.032078009098768234,0.43917161226272583,0.7073533535003662,-0.042969945818185806,0.4258134067058563,0.7829289436340332,-0.05555995926260948,0.4104991853237152,0.5208765268325806,-0.05106716603040695,0.3155286908149719,0.5600014925003052,-0.07330600917339325,0.25318384170532227,0.5784890651702881,-0.0831981673836708,0.20127131044864655,0.5867841839790344,-0.09065841883420944,0.39642783999443054,0.4409805238246918,-0.05682284012436867,0.2945723533630371,0.44949671626091003,-0.0772014707326889,0.22603696584701538,0.4495886564254761,-0.0882205218076706,0.17105597257614136,0.44113755226135254,-0.09885957837104797,0.3976325988769531,0.37167617678642273,-0.0631556436419487,0.3102736175060272,0.36544421315193176,-0.09325814992189407,0.24895314872264862,0.3628297746181488,-0.11339644342660904,0.19881093502044678,0.3561035394668579,-0.12773281335830688,0.41080525517463684,0.31233203411102295,-0.06916749477386475,0.3505013585090637,0.2577953338623047,-0.10325693339109421,0.3121384382247925,0.2148464024066925,-0.1218772754073143,0.27788984775543213,0.1773795485496521,-0.13434477150440216,P
0.5620665550231934,0.3766980469226837,6.270129233598709e-07,0.5282893180847168,0.5022023916244507,-0.01788974553346634,0.4752698540687561,0.6110175251960754,-0.03183969482779503,0.43597176671028137,0.7033682465553284,-0.043343205004930496,0.4201711416244507,0.7794885635375977,-0.05640995875000954,0.4117875397205353,0.5159198641777039,-0.053041692823171616,0.3134549558162689,0.5510096549987793,-0.07506320625543594,0.2505536377429962,0.5675165057182312,-0.0841686949133873,0.19883589446544647,0.5741084218025208,-0.09074815362691879,0.3991812765598297,0.4347887933254242,-0.05847109109163284,0.2957614064216614,0.4412522614002228,-0.07826348394155502,0.2267455756664276,0.43882787227630615,-0.08809766918420792,0.17224688827991486,0.4279092252254486,-0.09779585897922516,0.40088632702827454,0.3651481568813324,-0.064012810587883,0.3117043375968933,0.3567180037498474,-0.09293223172426224,0.24955013394355774,0.3504396975040436,-0.11159149557352066,0.19941987097263336,0.34046924114227295,-0.12487262487411499,0.4137692451477051,0.3069077134132385,-0.0690293237566948,0.3529592454433441,0.25102946162223816,-0.10166238248348236,0.3144228160381317,0.20678085088729858,-0.11894486844539642,0.2802583873271942,0.16801247000694275,-0.1302993893623352,P
0.5665590763092041,0.37875446677207947,6.355512027766963e-07,0.5304317474365234,0.5048919916152954,-0.01687229610979557,0.4775010049343109,0.6122563481330872,-0.031532254070043564,0.4369116425514221,0.7029957175254822,-0.04392654448747635,0.419260710477829,0.7781768441200256,-0.05789043754339218,0.4118754267692566,0.5147575736045837,-0.0533166266977787,0.312430739402771,0.547469973564148,-0.07520538568496704,0.24914409220218658,0.5621426105499268,-0.0838640108704567,0.19782955944538116,0.5674686431884766,-0.09000659734010696,0.40041524171829224,0.4330252707004547,-0.0590604767203331,0.2966402471065521,0.4366576671600342,-0.0794234350323677,0.22815567255020142,0.4326380789279938,-0.0896158218383789,0.174751415848732,0.42088115215301514,-0.0995120257139206,0.40268605947494507,0.36377036571502686,-0.06459715962409973,0.31284764409065247,0.3521062135696411,-0.09363344311714172,0.2508506178855896,0.34405696392059326,-0.11201503872871399,0.2015901505947113,0.33285748958587646,-0.12504684925079346,0.41671329736709595,0.3069990277290344,-0.06946510076522827,0.35538238286972046,0.2482951432466507,-0.10155533999204636,0.31727588176727295,0.20310506224632263,-0.11816861480474472,0.2837297320365906,0.16406866908073425,-0.12896718084812164,P
0.5696093440055847,0.38348138332366943,6.314239158200508e-07,0.5326367616653442,0.510680079460144,-0.016272133216261864,0.47822991013526917,0.6191868782043457,-0.030216597020626068,0.4355227053165436,0.7096441984176636,-0.04171999543905258,0.41785138845443726,0.7852227091789246,-0.05469657480716705,0.41239696741104126,0.518799901008606,-0.05265503749251366,0.3119240701198578,0.5484857559204102,-0.0733378678560257,0.2490290105342865,0.5617942810058594,-0.0804852545261383,0.1992315649986267,0.5663082599639893,-0.08551575243473053,0.4028005301952362,0.43595173954963684,-0.05801623314619064,0.2976507842540741,0.43713003396987915,-0.07836397737264633,0.2290899157524109,0.43177488446235657,-0.08801773935556412,0.17649388313293457,0.4200168550014496,-0.09731517732143402,0.40594348311424255,0.36629384756088257,-0.06310409307479858,0.3156698942184448,0.3531027138233185,-0.09276273846626282,0.252824068069458,0.3438555896282196,-0.11182711273431778,0.20298323035240173,0.33236318826675415,-0.1250297576189041,0.4201250970363617,0.30940479040145874,-0.06719415634870529,0.3582480847835541,0.2492363452911377,-0.09984903782606125,0.3208354115486145,0.20308524370193481,-0.11713728308677673,0.2880706191062927,0.16415750980377197,-0.12837421894073486,P
0.5723286867141724,0.39314377307891846,6.315545419965929e-07,0.5351271629333496,0.5168801546096802,-0.018519582226872444,0.47937753796577454,0.6237542629241943,-0.03304365277290344,0.43654197454452515,0.7147449254989624,-0.044882308691740036,0.42247921228408813,0.79094398021698,-0.0582132525742054,0.4141181409358978,0.5262705683708191,-0.05367304012179375,0.3155273199081421,0.5556546449661255,-0.07445105165243149,0.2529425024986267,0.5674083232879639,-0.08162768930196762,0.20343348383903503,0.5699917078018188,-0.08678308129310608,0.40437740087509155,0.4440076947212219,-0.058466020971536636,0.2991783022880554,0.44328996539115906,-0.07924115657806396,0.23042389750480652,0.43549248576164246,-0.08867621421813965,0.1779169887304306,0.4211638271808624,-0.09764352440834045,0.4083440899848938,0.3742451071739197,-0.06329730153083801,0.3177722096443176,0.3596189022064209,-0.09383866935968399,0.25528383255004883,0.3483613133430481,-0.1128983348608017,0.2058015763759613,0.33467432856559753,-0.12585213780403137,0.4231652617454529,0.31652557849884033,-0.06737840175628662,0.36165621876716614,0.2573283314704895,-0.10104495286941528,0.324665904045105,0.21013426780700684,-0.11885818839073181,0.2925868332386017,0.17025741934776306,-0.13041315972805023,P
0.5765081644058228,0.39908838272094727,6.0446654970292e-07,0.5389851331710815,0.5250486135482788,-0.0153629956766963,0.48427850008010864,0.6328224539756775,-0.028145529329776764,0.444281667470932,0.7229775190353394,-0.039052464067935944,0.4320834279060364,0.7980287671089172,-0.05196073278784752,0.4153333604335785,0.5377156138420105,-0.049103111028671265,0.317318856716156,0.5726858377456665,-0.06803521513938904,0.2558259069919586,0.5860865712165833,-0.07485747337341309,0.20659692585468292,0.5908586382865906,-0.07990029454231262,0.4049290120601654,0.458027184009552,-0.05502718687057495,0.2998891770839691,0.4614452123641968,-0.07176505029201508,0.23275049030780792,0.45415231585502625,-0.07966827601194382,0.18229596316814423,0.44049960374832153,-0.087928906083107,0.40852269530296326,0.3885039985179901,-0.06096099689602852,0.3187645673751831,0.3766230046749115,-0.08661331981420517,0.2574406862258911,0.36699044704437256,-0.1049419716000557,0.2098928540945053,0.3547859191894531,-0.11835592240095139,0.42337027192115784,0.33018895983695984,-0.06623907387256622,0.36273279786109924,0.27159184217453003,-0.09607923775911331,0.3254072368144989,0.22603312134742737,-0.11299501359462738,0.29410800337791443,0.18611761927604675,-0.12438731640577316,P
0.5763462781906128,0.409123957157135,6.382553010553238e-07,0.5416378378868103,0.5344123244285583,-0.018847979605197906,0.48866525292396545,0.6421536207199097,-0.03309674933552742,0.44979333877563477,0.7317853569984436,-0.04504505917429924,0.43898704648017883,0.8069360256195068,-0.058814000338315964,0.4202164113521576,0.5467529296875,-0.05163856968283653,0.3232571482658386,0.5810277462005615,-0.07215491682291031,0.26178380846977234,0.5963903665542603,-0.08015613257884979,0.21251274645328522,0.603076696395874,-0.08625209331512451,0.40931716561317444,0.46604588627815247,-0.05710143595933914,0.3059411346912384,0.4714309871196747,-0.07699400186538696,0.23719660937786102,0.46557480096817017,-0.08698618412017822,0.18425995111465454,0.4530079960823059,-0.09650365263223648,0.4126549959182739,0.3970673680305481,-0.06296385079622269,0.3236636519432068,0.38700082898139954,-0.09294535964727402,0.26210078597068787,0.3782484829425812,-0.1129477396607399,0.21326060593128204,0.366894006729126,-0.12682819366455078,0.4275207221508026,0.33920714259147644,-0.06831129640340805,0.36676812171936035,0.28088241815567017,-0.10222234576940536,0.32943642139434814,0.23529696464538574,-0.12071256339550018,0.2978159487247467,0.19590136408805847,-0.13285790383815765,P
0.5812872648239136,0.4131000339984894,6.220217869667977e-07,0.5450940132141113,0.5389783382415771,-0.015594582073390484,0.4917224049568176,0.6479820013046265,-0.028376849368214607,0.454150915145874,0.7382546663284302,-0.03901474177837372,0.4436511993408203,0.81251060962677,-0.05162981525063515,0.42216411232948303,0.5554139018058777,-0.05110500752925873,0.32425248622894287,0.5896008610725403,-0.07130786776542664,0.26275867223739624,0.6061235070228577,-0.07876183837652206,0.21373532712459564,0.6138775944709778,-0.08427754044532776,0.4118914306163788,0.47549179196357727,-0.0570879802107811,0.30742311477661133,0.480673611164093,-0.07633133977651596,0.2388831526041031,0.47571271657943726,-0.08549096435308456,0.1866694539785385,0.464179664850235,-0.09438326209783554,0.4154972732067108,0.4058442711830139,-0.06302346289157867,0.3260687589645386,0.39573362469673157,-0.09192544221878052,0.2639703154563904,0.38759177923202515,-0.11166723072528839,0.21504737436771393,0.37719786167144775,-0.1254558563232422,0.43006330728530884,0.3472599983215332,-0.06802661716938019,0.3681780695915222,0.29008716344833374,-0.10121189057826996,0.3306681513786316,0.24486956000328064,-0.11969232559204102,0.298749715089798,0.20610707998275757,-0.13181620836257935,P
0.582286536693573,0.4162988066673279,6.32011051493464e-07,0.5470606684684753,0.5416384935379028,-0.015111195854842663,0.49362537264823914,0.6502695679664612,-0.02850547432899475,0.45470231771469116,0.7425665259361267,-0.039553239941596985,0.4429636597633362,0.8181313276290894,-0.0523003451526165,0.42538583278656006,0.558139443397522,-0.05158147215843201,0.325737327337265,0.5938836336135864,-0.07118303328752518,0.2635839879512787,0.6095218062400818,-0.07780805230140686,0.2144879847764969,0.6159878969192505,-0.08255559951066971,0.4150228798389435,0.47685158252716064,-0.05738057196140289,0.3101450502872467,0.48319190740585327,-0.07573641836643219,0.2418064922094345,0.47955960035324097,-0.08408814668655396,0.18983501195907593,0.4691234529018402,-0.09241044521331787,0.41842883825302124,0.4067767262458801,-0.0627940371632576,0.32776594161987305,0.3987801671028137,-0.090421661734581,0.2656959295272827,0.39190584421157837,-0.10857684165239334,0.21699592471122742,0.3827136158943176,-0.12134496867656708,0.43257081508636475,0.348543643951416,-0.06715293973684311,0.37045010924339294,0.2937294840812683,-0.09844071418046951,0.332520991563797,0.25040122866630554,-0.1148986965417862,0.2998827397823334,0.21328884363174438,-0.1255611628293991,P
0.5797656178474426,0.42082053422927856,6.186960490595084e-07,0.5433635711669922,0.544790506362915,-0.017269283533096313,0.4897094666957855,0.6533878445625305,-0.030812017619609833,0.4502645432949066,0.7447545528411865,-0.04222209006547928,0.4329465627670288,0.8198593854904175,-0.05522072687745094,0.4266337454319,0.553892195224762,-0.049255385994911194,0.32931965589523315,0.5852539539337158,-0.07024374604225159,0.26658594608306885,0.5993571877479553,-0.07924308627843857,0.2158045470714569,0.6038326621055603,-0.08580424636602402,0.4152299165725708,0.47247692942619324,-0.054973311722278595,0.31361305713653564,0.475625604391098,-0.07363364845514297,0.2452656626701355,0.47166356444358826,-0.08344031125307083,0.1919611543416977,0.46047332882881165,-0.09329523146152496,0.41823136806488037,0.40355685353279114,-0.06104322522878647,0.33144575357437134,0.39239180088043213,-0.08893168717622757,0.270266056060791,0.3846825361251831,-0.10735364258289337,0.22147391736507416,0.37404170632362366,-0.12065909057855606,0.4328385591506958,0.34624671936035156,-0.06665633618831635,0.3737993538379669,0.28883808851242065,-0.0986362025141716,0.3358534276485443,0.24460554122924805,-0.11558373272418976,0.3026982843875885,0.20537129044532776,-0.126776784658432,P
0.5760287046432495,0.4265342652797699,6.109922310315596e-07,0.5380059480667114,0.5499248504638672,-0.01938861422240734,0.478423535823822,0.6538886427879333,-0.03242413327097893,0.4348190426826477,0.7410573363304138,-0.0436842143535614,0.41360726952552795,0.8160353899002075,-0.0565607063472271,0.41425517201423645,0.545073390007019,-0.04088675603270531,0.32092079520225525,0.5671079754829407,-0.06025734543800354,0.2619655728340149,0.574232280254364,-0.07105667144060135,0.21423502266407013,0.5725484490394592,-0.0794055163860321,0.40619680285453796,0.4624028503894806,-0.046202946454286575,0.308285653591156,0.4526374936103821,-0.06274368613958359,0.2448091059923172,0.4409657120704651,-0.07315978407859802,0.19530510902404785,0.42179328203201294,-0.0836988016963005,0.4136315882205963,0.39504048228263855,-0.05287586897611618,0.32754984498023987,0.3720059394836426,-0.07885202020406723,0.27041250467300415,0.35910671949386597,-0.09609109908342361,0.22468721866607666,0.3427019417285919,-0.10889915376901627,0.43300536274909973,0.34033137559890747,-0.059657517820596695,0.37821537256240845,0.27883023023605347,-0.0895487517118454,0.3427564203739166,0.2331434190273285,-0.10459773242473602,0.3111601769924164,0.19181326031684875,-0.11465811729431152,P
0.569567859172821,0.4271082878112793,6.293400929280324e-07,0.5313978791236877,0.5513074398040771,-0.021261652931571007,0.4693411588668823,0.651780366897583,-0.0367049016058445,0.42231324315071106,0.7343798279762268,-0.049421779811382294,0.39860695600509644,0.806083083152771,-0.06385209411382675,0.4078577160835266,0.5296041369438171,-0.04908985272049904,0.31430160999298096,0.5412858724594116,-0.0684567242860794,0.25437015295028687,0.5396910309791565,-0.07896159589290619,0.20707455277442932,0.5304597020149231,-0.08690343797206879,0.4035453200340271,0.4466763734817505,-0.052892282605171204,0.306465208530426,0.42575711011886597,-0.06849244236946106,0.24319934844970703,0.40622127056121826,-0.07774467766284943,0.19561615586280823,0.3785579800605774,-0.08790706098079681,0.41399210691452026,0.381744384765625,-0.057441774755716324,0.3314531743526459,0.34985384345054626,-0.08111095428466797,0.2741447687149048,0.3297838568687439,-0.09722307324409485,0.2293865829706192,0.30528223514556885,-0.11007659137248993,0.43571650981903076,0.3310060203075409,-0.06221961975097656,0.38504505157470703,0.26674991846084595,-0.08966559916734695,0.3533685803413391,0.21672162413597107,-0.10306527465581894,0.32581111788749695,0.17052587866783142,-0.11246296018362045,P
0.5772990584373474,0.4190986454486847,6.588008432117931e-07,0.5330281853675842,0.5431308746337891,-0.02451769821345806,0.46549665927886963,0.6454479098320007,-0.0416303314268589,0.4146190881729126,0.7286965847015381,-0.055273476988077164,0.3881516754627228,0.7991421818733215,-0.0703168585896492,0.40704256296157837,0.5142671465873718,-0.054015059024095535,0.31124386191368103,0.5099684000015259,-0.07615980505943298,0.2491012066602707,0.49847814440727234,-0.08883502334356308,0.2016448825597763,0.48142433166503906,-0.09792278707027435,0.4058513641357422,0.4306347966194153,-0.055923622101545334,0.3077969551086426,0.39585641026496887,-0.07347612828016281,0.24473780393600464,0.3676875829696655,-0.08342037349939346,0.19824978709220886,0.3333004117012024,-0.09409847855567932,0.4177398085594177,0.3678460717201233,-0.05870230495929718,0.3340449035167694,0.3256155252456665,-0.08212736248970032,0.2781062722206116,0.2958703637123108,-0.09712791442871094,0.23527497053146362,0.26370295882225037,-0.10936857759952545,0.4405689239501953,0.3214226961135864,-0.06215979903936386,0.39174437522888184,0.25562945008277893,-0.08904357254505157,0.3629636764526367,0.2029019296169281,-0.10212106257677078,0.33830663561820984,0.1545506715774536,-0.11131943017244339,P
0.5778337121009827,0.42237740755081177,7.514381650253199e-07,0.5306170582771301,0.5498918294906616,-0.0313117653131485,0.4611513614654541,0.6472827196121216,-0.05023878812789917,0.4067573547363281,0.730978786945343,-0.0639781728386879,0.37773025035858154,0.8020827770233154,-0.07880626618862152,0.39859965443611145,0.4990628659725189,-0.054840877652168274,0.30078741908073425,0.48081958293914795,-0.07465061545372009,0.24086835980415344,0.4605902433395386,-0.08682228624820709,0.1964116245508194,0.43652477860450745,-0.09539294242858887,0.40230754017829895,0.4165736436843872,-0.04995362088084221,0.30584603548049927,0.36946189403533936,-0.06460404396057129,0.24531444907188416,0.33435896039009094,-0.07287062704563141,0.2026437669992447,0.29317307472229004,-0.08260320127010345,0.41810762882232666,0.3603326678276062,-0.04641787335276604,0.33448806405067444,0.31227168440818787,-0.06478822976350784,0.28101271390914917,0.2775961756706238,-0.07716593891382217,0.24036671221256256,0.2399546205997467,-0.08813641220331192,0.4435587227344513,0.3242296278476715,-0.044344816356897354,0.39681899547576904,0.2592443823814392,-0.0667489618062973,0.37017375230789185,0.20661363005638123,-0.07839275896549225,0.347351998090744,0.15681323409080505,-0.08688350766897202,P
0.5888261795043945,0.42745545506477356,8.065952670222032e-07,0.5338429808616638,0.548317551612854,-0.052054524421691895,0.46096569299697876,0.6457221508026123,-0.07988382130861282,0.3980139195919037,0.7337613701820374,-0.0986848697066307,0.3617219924926758,0.8022717237472534,-0.11694827675819397,0.4072437286376953,0.48260000348091125,-0.07189580798149109,0.30629441142082214,0.45551782846450806,-0.10362248122692108,0.2442907840013504,0.4272639751434326,-0.12562112510204315,0.19695740938186646,0.3940677344799042,-0.13960178196430206,0.4093821048736572,0.41101160645484924,-0.054398417472839355,0.3146032392978668,0.366458535194397,-0.07901928573846817,0.25287991762161255,0.3268166780471802,-0.09240438789129257,0.20995666086673737,0.2778777480125427,-0.10476353764533997,0.42208611965179443,0.366092324256897,-0.04001716151833534,0.3386390805244446,0.3235921561717987,-0.06371939182281494,0.28645002841949463,0.28315746784210205,-0.07553493231534958,0.24926194548606873,0.23490697145462036,-0.08430030941963196,0.44343647360801697,0.34124428033828735,-0.02930879220366478,0.39713120460510254,0.28897625207901,-0.05346290022134781,0.3746267855167389,0.23998713493347168,-0.06521475315093994,0.35738831758499146,0.18769881129264832,-0.07291107624769211,P
0.602228045463562,0.44621992111206055,9.229560191670316e-07,0.5364758372306824,0.5532478094100952,-0.05809289216995239,0.45751652121543884,0.6392186284065247,-0.08507610857486725,0.3928645849227905,0.7224478125572205,-0.10230401903390884,0.3530938923358917,0.7905443906784058,-0.11854464560747147,0.39645108580589294,0.46999281644821167,-0.051806408911943436,0.3005238175392151,0.42537596821784973,-0.07452858239412308,0.247443288564682,0.3881765902042389,-0.09475553035736084,0.20616526901721954,0.3466933071613312,-0.10797218233346939,0.4026975929737091,0.4139822721481323,-0.027273304760456085,0.3168686628341675,0.3644036054611206,-0.039901699870824814,0.26087164878845215,0.3194350600242615,-0.052061039954423904,0.22384005784988403,0.2654872238636017,-0.06351752579212189,0.4196944534778595,0.381233274936676,-0.007548750378191471,0.3448449969291687,0.3351207673549652,-0.016735130921006203,0.29899513721466064,0.29368770122528076,-0.02726130187511444,0.26715409755706787,0.2493431568145752,-0.036477431654930115,0.44547805190086365,0.36842459440231323,0.006969202775508165,0.4064682424068451,0.3215246796607971,-0.002670379588380456,0.38291624188423157,0.2849418520927429,-0.01038461085408926,0.3648011088371277,0.24420994520187378,-0.016459817066788673,P
0.5998014211654663,0.46829020977020264,9.048685001289414e-07,0.5360690355300903,0.5688337087631226,-0.06755237281322479,0.4552963972091675,0.6303278803825378,-0.09327191114425659,0.38649189472198486,0.6932483911514282,-0.10473355650901794,0.342759370803833,0.7479857802391052,-0.11328043043613434,0.4009794592857361,0.4516771137714386,-0.05938435345888138,0.3096013069152832,0.39668789505958557,-0.0759231373667717,0.2581164538860321,0.3606218099594116,-0.09079687297344208,0.21779288351535797,0.3222484588623047,-0.09934716671705246,0.40558770298957825,0.4094160199165344,-0.02203795500099659,0.3256400525569916,0.35597389936447144,-0.02941988594830036,0.2716253101825714,0.3143448829650879,-0.03720206767320633,0.23592455685138702,0.26798561215400696,-0.04441405460238457,0.417664110660553,0.39320725202560425,0.011083424091339111,0.35470038652420044,0.3507682681083679,0.010619516484439373,0.31271782517433167,0.3139067590236664,0.004723015241324902,0.28372716903686523,0.2787364721298218,-0.0008029588498175144,0.43253734707832336,0.4034106135368347,0.0381755493581295,0.3951970040798187,0.36776313185691833,0.03850184753537178,0.3727596700191498,0.34033632278442383,0.03526958450675011,0.3564755618572235,0.3106640577316284,0.032407037913799286,P
0.5993945002555847,0.48714959621429443,8.288099593301013e-07,0.5388981103897095,0.5691783428192139,-0.0713617205619812,0.4590834975242615,0.5997024774551392,-0.09708898514509201,0.38859960436820984,0.6335669159889221,-0.10706803947687149,0.33619165420532227,0.6661717891693115,-0.11364168673753738,0.41154035925865173,0.4439437687397003,-0.06010262668132782,0.32366740703582764,0.38418829441070557,-0.07374877482652664,0.274635910987854,0.3396843373775482,-0.08699357509613037,0.23686343431472778,0.29945090413093567,-0.0932641476392746,0.41604626178741455,0.41867971420288086,-0.01851234957575798,0.33778637647628784,0.3679841160774231,-0.020928407087922096,0.28735747933387756,0.3342072665691376,-0.02516240067780018,0.25073134899139404,0.30169880390167236,-0.02881787344813347,0.42392441630363464,0.4148443341255188,0.018607310950756073,0.3574988842010498,0.3864051103591919,0.020776843652129173,0.3109849691390991,0.36003512144088745,0.01900862529873848,0.2774347960948944,0.3343733549118042,0.018083686009049416,0.43099066615104675,0.42462867498397827,0.04976274445652962,0.37077760696411133,0.4003574550151825,0.053631626069545746,0.3324412703514099,0.37714916467666626,0.05586662515997887,0.30443301796913147,0.352056622505188,0.05803697183728218,P
0.6028240919113159,0.5087645053863525,7.825101988601091e-07,0.5373767614364624,0.551642119884491,-0.06871924549341202,0.4563256800174713,0.5522903203964233,-0.08363036811351776,0.391185462474823,0.5657719373703003,-0.08263174444437027,0.3342188000679016,0.5699808597564697,-0.0769963189959526,0.4158269762992859,0.4329926073551178,-0.02923937514424324,0.3297630548477173,0.3869565725326538,-0.02252936363220215,0.28547120094299316,0.34720736742019653,-0.025328943505883217,0.2516050338745117,0.31223559379577637,-0.02652054838836193,0.41800355911254883,0.43152499198913574,0.019191250205039978,0.33943742513656616,0.3903152048587799,0.03834224492311478,0.2964717745780945,0.35831332206726074,0.03958883509039879,0.2642937898635864,0.32747840881347656,0.03745262324810028,0.42429178953170776,0.44175010919570923,0.062310270965099335,0.3610323369503021,0.41345807909965515,0.0852416381239891,0.31931474804878235,0.3870813846588135,0.08371486514806747,0.2884453535079956,0.36251991987228394,0.07890208810567856,0.43134763836860657,0.45925626158714294,0.0989895835518837,0.3778856098651886,0.4351609945297241,0.12460028380155563,0.34496617317199707,0.41942352056503296,0.13136307895183563,0.3215847313404083,0.40456628799438477,0.13233646750450134,P
0.6037077307701111,0.5090761184692383,7.169159630393551e-07,0.5657257437705994,0.5561632513999939,-0.07826637476682663,0.5062820315361023,0.5638139843940735,-0.0953468307852745,0.4533596634864807,0.5656931400299072,-0.0990803986787796,0.4029328525066376,0.5709202289581299,-0.09734679013490677,0.41560807824134827,0.5184882283210754,0.007451946847140789,0.36496731638908386,0.5133679509162903,0.0197457168251276,0.3261845111846924,0.5006108283996582,0.019307956099510193,0.3016982674598694,0.48820626735687256,0.01949233002960682,0.406958669424057,0.48647379875183105,0.05010424181818962,0.34809160232543945,0.4654863178730011,0.0801229253411293,0.31594425439834595,0.44016408920288086,0.09089075028896332,0.28371500968933105,0.41437089443206787,0.09743425250053406,0.40477389097213745,0.45465317368507385,0.08032526820898056,0.3440280556678772,0.4272505044937134,0.10126671195030212,0.314018189907074,0.4037129282951355,0.11011229455471039,0.2865144908428192,0.38073045015335083,0.1156192421913147,0.4081481397151947,0.4183582663536072,0.10097426921129227,0.34748759865760803,0.38477587699890137,0.11514043062925339,0.3131214380264282,0.359504759311676,0.1215781569480896,0.28238993883132935,0.33418604731559753,0.12637898325920105,P
0.6087914705276489,0.5612114667892456,9.694650771052693e-07,0.5380019545555115,0.4785940945148468,-0.04473894461989403,0.4662596583366394,0.42163074016571045,-0.05002845823764801,0.39860105514526367,0.3720893859863281,-0.053084272891283035,0.3469606041908264,0.3192727565765381,-0.0537521056830883,0.4107509255409241,0.4235440790653229,0.044292647391557693,0.34903204441070557,0.38944512605667114,0.06190161406993866,0.3082280158996582,0.3720824122428894,0.06458065658807755,0.2799753248691559,0.35854753851890564,0.06494256108999252,0.414802610874176,0.4874328374862671,0.06540773063898087,0.35670456290245056,0.4708481729030609,0.10006383061408997,0.3229735493659973,0.4626976251602173,0.10874630510807037,0.29460620880126953,0.4455036520957947,0.11220666021108627,0.43187782168388367,0.5461766719818115,0.07609942555427551,0.38090822100639343,0.5450263619422913,0.10339637845754623,0.35493403673171997,0.5405395030975342,0.10962922871112823,0.3338280916213989,0.5264982581138611,0.11001021414995193,0.4612034857273102,0.607955813407898,0.07901886850595474,0.4287864565849304,0.6283116936683655,0.09474430978298187,0.41191938519477844,0.6356683373451233,0.1011623665690422,0.3998674154281616,0.6359513401985168,0.10548195242881775,P
0.613116979598999,0.5702944993972778,7.560466883660411e-07,0.551753044128418,0.4645690321922302,-0.026399660855531693,0.47503185272216797,0.3980017602443695,-0.02461843378841877,0.413685142993927,0.3355228304862976,-0.024086982011795044,0.3833746612071991,0.2635039985179901,-0.021947750821709633,0.42014601826667786,0.43151843547821045,0.047644324600696564,0.3538266718387604,0.3866557776927948,0.0624421201646328,0.31560057401657104,0.36795875430107117,0.06260199844837189,0.2836635410785675,0.3531824052333832,0.05957888811826706,0.4151906371116638,0.5005741715431213,0.05567081645131111,0.3518276810646057,0.4881649613380432,0.08068280667066574,0.31482672691345215,0.4875500798225403,0.08082471042871475,0.2876240909099579,0.4822944402694702,0.07804090529680252,0.4271950125694275,0.5665230751037598,0.05594652518630028,0.3727613687515259,0.5685165524482727,0.07700507342815399,0.34324413537979126,0.5641969442367554,0.07793501764535904,0.318744421005249,0.5542096495628357,0.07369966804981232,0.45518866181373596,0.6304328441619873,0.05040717497467995,0.42434826493263245,0.6612058877944946,0.06277912855148315,0.40361854434013367,0.6808417439460754,0.06774076819419861,0.3871581554412842,0.6936245560646057,0.07008342444896698,P
0.6105601787567139,0.5652673840522766,6.843072810625017e-07,0.5590089559555054,0.4493788480758667,-0.024297017604112625,0.48642703890800476,0.37086406350135803,-0.025765735656023026,0.43083322048187256,0.296261191368103,-0.02939726784825325,0.4029180109500885,0.21951231360435486,-0.03258843347430229,0.42613670229911804,0.4328017830848694,0.030238963663578033,0.3608669340610504,0.3943052589893341,0.03510186821222305,0.3200768232345581,0.37892210483551025,0.030995545908808708,0.2867864966392517,0.369592547416687,0.025694474577903748,0.4187657833099365,0.5062049627304077,0.033391322940588,0.35225892066955566,0.49915656447410583,0.046475231647491455,0.3122740387916565,0.5020018219947815,0.042865488678216934,0.279726505279541,0.5057474374771118,0.03808993101119995,0.42864924669265747,0.577107846736908,0.029987866058945656,0.37263616919517517,0.5874401330947876,0.040229059755802155,0.338308721780777,0.5904144048690796,0.03855246677994728,0.30901962518692017,0.5905876159667969,0.03353726491332054,0.4540531635284424,0.6441941261291504,0.021609775722026825,0.42485713958740234,0.6817284226417542,0.02631387673318386,0.4009362757205963,0.707581639289856,0.02907726727426052,0.3800497353076935,0.7282407283782959,0.030341140925884247,P
0.5981091260910034,0.5660263895988464,7.460747610821272e-07,0.5581794381141663,0.44479185342788696,-0.020808283239603043,0.49234628677368164,0.35721200704574585,-0.023055270314216614,0.43920624256134033,0.2747100293636322,-0.028020350262522697,0.4145853817462921,0.19345751404762268,-0.03376062586903572,0.42919233441352844,0.4409968852996826,0.031811974942684174,0.3643229007720947,0.40397799015045166,0.03918774798512459,0.32262688875198364,0.3894707262516022,0.03551748767495155,0.28971338272094727,0.3826466202735901,0.02991054207086563,0.42276403307914734,0.5156499147415161,0.03262653201818466,0.35575157403945923,0.5119333267211914,0.04689352959394455,0.3119574189186096,0.5162321925163269,0.04004507139325142,0.2745724320411682,0.5221548080444336,0.03160012140870094,0.4315800070762634,0.5871964693069458,0.027831194922327995,0.3726872205734253,0.6005012392997742,0.03943214192986488,0.33642593026161194,0.6053177714347839,0.03408827260136604,0.30687570571899414,0.6072909832000732,0.025232957676053047,0.4546070992946625,0.6561835408210754,0.018715322017669678,0.4222446382045746,0.7028993368148804,0.024829167872667313,0.39509233832359314,0.7317160964012146,0.025649098679423332,0.3724375367164612,0.7518092393875122,0.02435268647968769,P
0.5919165015220642,0.5668665170669556,6.517192332466948e-07,0.5536744594573975,0.44833776354789734,-0.02065338008105755,0.49212950468063354,0.3567984700202942,-0.023353654891252518,0.4422275125980377,0.27041947841644287,-0.029548799619078636,0.41974177956581116,0.19041109085083008,-0.03717072680592537,0.4260662794113159,0.45041728019714355,0.03158112242817879,0.3623711168766022,0.41871798038482666,0.038293175399303436,0.32305416464805603,0.4067448377609253,0.033028021454811096,0.29105517268180847,0.40311574935913086,0.025788644328713417,0.421153724193573,0.5283017158508301,0.03078199364244938,0.353717565536499,0.5279119610786438,0.043479617685079575,0.31030213832855225,0.5344173908233643,0.03536036238074303,0.2729882001876831,0.542357861995697,0.025234151631593704,0.43050050735473633,0.6001980304718018,0.02432350628077984,0.3725448250770569,0.6153848767280579,0.0334339514374733,0.333792507648468,0.6227321624755859,0.027032390236854553,0.30050182342529297,0.6252129077911377,0.01702657714486122,0.4539375603199005,0.6714447140693665,0.013458102010190487,0.4197596311569214,0.7220971584320068,0.016978144645690918,0.39159366488456726,0.7549513578414917,0.017398538067936897,0.3679755926132202,0.7774854898452759,0.015245870687067509,P
0.5956467986106873,0.5757095217704773,5.209752202972595e-07,0.5585485100746155,0.45505085587501526,-0.02763712778687477,0.4987741708755493,0.35691243410110474,-0.036226604133844376,0.44992512464523315,0.26771628856658936,-0.04717650264501572,0.4250528812408447,0.1841599941253662,-0.05959051847457886,0.42525702714920044,0.45845866203308105,0.011020000092685223,0.36237388849258423,0.4311370849609375,0.00735490070655942,0.3220215141773224,0.4217544198036194,-0.003925979603081942,0.28763240575790405,0.4197509288787842,-0.015081387013196945,0.4196932911872864,0.5386645197868347,0.009557858109474182,0.34983736276626587,0.5417711734771729,0.010985568165779114,0.30584949254989624,0.5503095984458923,-0.0006089216913096607,0.2669631838798523,0.5617727041244507,-0.012679114006459713,0.4295305013656616,0.6110883355140686,0.0023158476687967777,0.3677762746810913,0.628444254398346,-0.00037118582986295223,0.3281532824039459,0.6400101184844971,-0.008917835541069508,0.2915869355201721,0.6460626721382141,-0.018753863871097565,0.45470234751701355,0.6807059049606323,-0.009521967731416225,0.416009783744812,0.7333911657333374,-0.015856938436627388,0.3854134678840637,0.7682376503944397,-0.018309570848941803,0.35736650228500366,0.79429030418396,-0.021544575691223145,P
0.6013327836990356,0.5870502591133118,5.796770778943028e-07,0.5618408918380737,0.46094372868537903,-0.027071423828601837,0.5026532411575317,0.3588494658470154,-0.03434216231107712,0.45446792244911194,0.26496192812919617,-0.04471904784440994,0.4337588846683502,0.18031370639801025,-0.0561995692551136,0.424689382314682,0.46195992827415466,0.022693391889333725,0.3602764904499054,0.43574461340904236,0.022328253835439682,0.3194078207015991,0.42690151929855347,0.0112882936373353,0.28438854217529297,0.4249265193939209,0.00011771372373914346,0.4189207851886749,0.5431182384490967,0.02238822542130947,0.348104327917099,0.5468991994857788,0.02731134183704853,0.3024136424064636,0.5558723211288452,0.015707189217209816,0.26262569427490234,0.5669510960578918,0.0036169018130749464,0.42716559767723083,0.6162095665931702,0.015634898096323013,0.3642464280128479,0.6348199248313904,0.017318442463874817,0.32366907596588135,0.644707977771759,0.009292161092162132,0.28599613904953003,0.649147629737854,-0.00041270090150646865,0.4506213963031769,0.6870880722999573,0.0037975783925503492,0.4124150574207306,0.736559271812439,0.0019393587717786431,0.3808317482471466,0.7710139751434326,0.0006858462002128363,0.3519880771636963,0.7970718145370483,-0.0019506241660565138,P
0.6010838747024536,0.6113871335983276,5.900699306948809e-07,0.5676846504211426,0.47816210985183716,-0.02845061756670475,0.5125530362129211,0.3654634952545166,-0.0373709611594677,0.4706600308418274,0.26344579458236694,-0.04879253730177879,0.45360782742500305,0.17829951643943787,-0.061076946556568146,0.4320000410079956,0.45824572443962097,0.010975643061101437,0.3674464225769043,0.4202750325202942,0.005070365499705076,0.3240928649902344,0.403057336807251,-0.007146109826862812,0.28733643889427185,0.3918553590774536,-0.01795388199388981,0.42048096656799316,0.5359076261520386,0.010950768366456032,0.3458671569824219,0.527928352355957,0.012777102179825306,0.2992953658103943,0.5312692523002625,0.004377136938273907,0.26087623834609985,0.5362995862960815,-0.004743528086692095,0.4234796464443207,0.6114832758903503,0.004559013526886702,0.358359158039093,0.6214675307273865,0.004133142065256834,0.3174198269844055,0.6257030963897705,3.542776175891049e-05,0.28198495507240295,0.6234889030456543,-0.006066547706723213,0.441527783870697,0.6873539090156555,-0.007192458491772413,0.40196365118026733,0.7303457260131836,-0.009778200648725033,0.36947351694107056,0.7580063939094543,-0.00897885486483574,0.3403001129627228,0.778266191482544,-0.009514275938272476,P
0.6101717948913574,0.6355194449424744,6.260536906665948e-07,0.5808771848678589,0.5032460689544678,-0.03225390240550041,0.5314923524856567,0.3807436227798462,-0.04358048737049103,0.4965327978134155,0.27357321977615356,-0.0560261532664299,0.48557335138320923,0.18634098768234253,-0.06916389614343643,0.4425993859767914,0.44978445768356323,-0.0014432264724746346,0.376162588596344,0.38921868801116943,-0.012891905382275581,0.3338124752044678,0.3607867658138275,-0.029052842408418655,0.2958388328552246,0.33629676699638367,-0.042790476232767105,0.42453712224960327,0.522983729839325,-0.0010644126450642943,0.34798893332481384,0.49426260590553284,-0.005917438771575689,0.29868197441101074,0.4859928488731384,-0.02017514407634735,0.2582044005393982,0.4782997965812683,-0.03386912867426872,0.4231560528278351,0.5996937155723572,-0.0065760831348598,0.356870174407959,0.5863670110702515,-0.012390279211103916,0.31478434801101685,0.5776523351669312,-0.021905293688178062,0.2790428400039673,0.5629485249519348,-0.032047245651483536,0.43761399388313293,0.679635763168335,-0.017213616520166397,0.39373162388801575,0.7094508409500122,-0.023849982768297195,0.36115726828575134,0.727232813835144,-0.026105517521500587,0.3311004042625427,0.7370113134384155,-0.02907525934278965,P
0.6181378960609436,0.6714949011802673,7.49427670143632e-07,0.5954829454421997,0.5398467183113098,-0.03500611335039139,0.5542235374450684,0.41232213377952576,-0.04454706609249115,0.5238683223724365,0.3004511594772339,-0.053462106734514236,0.5195960998535156,0.21261689066886902,-0.06199342757463455,0.4564293920993805,0.43840843439102173,0.004512211307883263,0.3900184631347656,0.35830584168434143,-0.00568867614492774,0.3484702706336975,0.31824833154678345,-0.021137231960892677,0.31172090768814087,0.28046339750289917,-0.03378744795918465,0.4318557381629944,0.504112958908081,0.008702161721885204,0.35703045129776,0.4541272222995758,0.005553259048610926,0.30725613236427307,0.43016985058784485,-0.009217219427227974,0.2675958275794983,0.40690508484840393,-0.022129051387310028,0.4250635504722595,0.5775764584541321,0.006387829314917326,0.35711047053337097,0.5462797284126282,0.0012481652665883303,0.31397631764411926,0.5247194766998291,-0.010952903889119625,0.27977049350738525,0.49874216318130493,-0.021977711468935013,0.4332242012023926,0.6582181453704834,-0.0010456148302182555,0.38843369483947754,0.6749817132949829,-0.007935973815619946,0.3568265438079834,0.6803666353225708,-0.011903277598321438,0.3282567858695984,0.6748555302619934,-0.01504878792911768,P
0.605966329574585,0.6889989376068115,7.497240517295722e-07,0.6027219295501709,0.5659363269805908,-0.037907879799604416,0.573246955871582,0.4452160596847534,-0.05256851762533188,0.5535601377487183,0.3403462767601013,-0.0651032105088234,0.5577939748764038,0.2561529576778412,-0.07778562605381012,0.4720357060432434,0.43046724796295166,-0.02268643118441105,0.411102294921875,0.33334875106811523,-0.04408523440361023,0.36875998973846436,0.2792373299598694,-0.06400488317012787,0.3329842686653137,0.23291367292404175,-0.0789276584982872,0.44005128741264343,0.4893684685230255,-0.02128664404153824,0.3689382076263428,0.4188629388809204,-0.035843368619680405,0.31787872314453125,0.38013267517089844,-0.05345088988542557,0.2761886715888977,0.3470492959022522,-0.06700129061937332,0.42814141511917114,0.559993326663971,-0.024988621473312378,0.3629392683506012,0.5079144239425659,-0.04045649990439415,0.3200797438621521,0.47511568665504456,-0.05487234145402908,0.2851266860961914,0.44007253646850586,-0.06621679663658142,0.4326552152633667,0.6405032873153687,-0.03322511911392212,0.38571083545684814,0.6464561223983765,-0.05047539621591568,0.3524293303489685,0.6430408358573914,-0.057786475867033005,0.32221734523773193,0.6291694045066833,-0.062034912407398224,P
0.6087238192558289,0.698036253452301,6.874695372971473e-07,0.6163501143455505,0.5908190608024597,-0.042387545108795166,0.592682957649231,0.4833748936653137,-0.05990779772400856,0.5736794471740723,0.38674452900886536,-0.0740242674946785,0.5764148235321045,0.30592870712280273,-0.08802495151758194,0.48321375250816345,0.4386081099510193,-0.03409317880868912,0.4270362854003906,0.33364343643188477,-0.05973174050450325,0.3870028853416443,0.2701506018638611,-0.08201508224010468,0.35284414887428284,0.21609294414520264,-0.09847213327884674,0.44778546690940857,0.49091842770576477,-0.0313614197075367,0.3792344331741333,0.4085198640823364,-0.05023907124996185,0.3302195966243744,0.36059215664863586,-0.06871388852596283,0.2913776934146881,0.32124197483062744,-0.0824829563498497,0.4340658485889435,0.5563490390777588,-0.033727556467056274,0.369262158870697,0.49506258964538574,-0.05236510559916496,0.3269418478012085,0.454814612865448,-0.06744415313005447,0.2923630177974701,0.4143942892551422,-0.07912980020046234,0.4375796914100647,0.6333514451980591,-0.040927477180957794,0.38695037364959717,0.6264784932136536,-0.06118641421198845,0.3525843620300293,0.6148600578308105,-0.07019547373056412,0.32227930426597595,0.5945181250572205,-0.07554464787244797,P
0.6044890880584717,0.7178393006324768,7.4387611448401e-07,0.6235243082046509,0.6207587122917175,-0.04539644345641136,0.6098591685295105,0.5176534652709961,-0.0657009556889534,0.5934633016586304,0.4276524782180786,-0.0821371078491211,0.6006357073783875,0.3506055176258087,-0.09815260767936707,0.4959036111831665,0.44448980689048767,-0.03973698988556862,0.4444981515407562,0.3324218988418579,-0.06868835538625717,0.40716999769210815,0.2637820541858673,-0.09237422049045563,0.37388741970062256,0.204700767993927,-0.1096259206533432,0.4559144079685211,0.4881996810436249,-0.036489035934209824,0.39114317297935486,0.39485615491867065,-0.058297619223594666,0.34288761019706726,0.33973807096481323,-0.07736237347126007,0.30192631483078003,0.2934454083442688,-0.09084814786911011,0.43796223402023315,0.5486809611320496,-0.038299668580293655,0.37527304887771606,0.48195332288742065,-0.05951632186770439,0.3333607017993927,0.4401704668998718,-0.07390014082193375,0.2993541955947876,0.3973785936832428,-0.08403445780277252,0.4368312954902649,0.6260102987289429,-0.045089151710271835,0.3839031457901001,0.6155362129211426,-0.06668581813573837,0.35141119360923767,0.5999739766120911,-0.07475145161151886,0.32420599460601807,0.5743576884269714,-0.07865690439939499,P
0.6095240116119385,0.7322486042976379,7.388911171801738e-07,0.6351155042648315,0.6418071985244751,-0.048606324940919876,0.6240338683128357,0.5407615303993225,-0.07153784483671188,0.6093577146530151,0.4501214623451233,-0.09010624140501022,0.6167701482772827,0.37342631816864014,-0.10831017792224884,0.5118795037269592,0.44987887144088745,-0.04917934536933899,0.46407297253608704,0.3302144408226013,-0.08132002502679825,0.4293001890182495,0.2560094892978668,-0.10633017867803574,0.39860498905181885,0.19229823350906372,-0.12450528889894485,0.46983519196510315,0.48954644799232483,-0.04605485126376152,0.4075629413127899,0.3886854648590088,-0.07231947779655457,0.3602898120880127,0.3248307406902313,-0.09426901489496231,0.3197792172431946,0.27043479681015015,-0.10979052633047104,0.44971489906311035,0.548550009727478,-0.04778246954083443,0.3863828182220459,0.47510576248168945,-0.07336480170488358,0.3437201976776123,0.4285087585449219,-0.09094957262277603,0.3093608021736145,0.3824794292449951,-0.10307858884334564,0.44642356038093567,0.625823974609375,-0.05441546067595482,0.3913668394088745,0.6077021956443787,-0.08038554340600967,0.35617494583129883,0.5866668224334717,-0.09193412959575653,0.32633209228515625,0.5569850206375122,-0.09822463989257812,P
0.615189790725708,0.7428635358810425,7.571571245534869e-07,0.6437948942184448,0.6593167781829834,-0.05070153623819351,0.6392550468444824,0.5638536214828491,-0.07551725953817368,0.6266515254974365,0.47632163763046265,-0.09585617482662201,0.6338514089584351,0.40112727880477905,-0.1156189814209938,0.5250341296195984,0.45261332392692566,-0.050808895379304886,0.4828440845012665,0.3288465738296509,-0.08379212766885757,0.45123589038848877,0.2516416907310486,-0.10966169089078903,0.4228896498680115,0.18516480922698975,-0.12833726406097412,0.4817841649055481,0.4873487949371338,-0.04651830345392227,0.42322394251823425,0.3804551362991333,-0.07323416322469711,0.37859871983528137,0.3112219274044037,-0.09579703956842422,0.34028828144073486,0.2526964247226715,-0.11177664995193481,0.45981818437576294,0.5434833765029907,-0.047237712889909744,0.3967110812664032,0.46799007058143616,-0.07266411930322647,0.3544190526008606,0.4181840419769287,-0.09064045548439026,0.32090961933135986,0.3694867491722107,-0.10308118909597397,0.4534970223903656,0.6189024448394775,-0.0530875064432621,0.39893949031829834,0.5938834547996521,-0.07799191027879715,0.3648087680339813,0.5689136981964111,-0.08956208825111389,0.33627259731292725,0.5367956757545471,-0.09611629694700241,P
0.6274632811546326,0.7456796765327454,7.387474738607125e-07,0.6560798287391663,0.6655583381652832,-0.043868571519851685,0.6536698937416077,0.5745445489883423,-0.06755468994379044,0.6464345455169678,0.4920646548271179,-0.08839302510023117,0.6579419374465942,0.41960781812667847,-0.1089286133646965,0.5423797369003296,0.45318442583084106,-0.04764917865395546,0.5034480690956116,0.32769984006881714,-0.08221371471881866,0.4751618802547455,0.24812659621238708,-0.10864333808422089,0.4489656984806061,0.17921677231788635,-0.12740954756736755,0.4983329772949219,0.4853455722332001,-0.048124682158231735,0.4419599175453186,0.37187498807907104,-0.07637444883584976,0.4001198410987854,0.29900678992271423,-0.09913840889930725,0.36320334672927856,0.2363767921924591,-0.11492834240198135,0.4744759798049927,0.5411520004272461,-0.053125154227018356,0.41160428524017334,0.46086496114730835,-0.08032397925853729,0.3708665370941162,0.40686342120170593,-0.09796290844678879,0.33830976486206055,0.35382890701293945,-0.10960091650485992,0.4665015935897827,0.6169729232788086,-0.06260082125663757,0.4111021161079407,0.5849246978759766,-0.08825477957725525,0.37811189889907837,0.5559906363487244,-0.09876301884651184,0.3504706025123596,0.5197854042053223,-0.10425931960344315,P
0.6378512978553772,0.7575057744979858,7.046775181152043e-07,0.6737200021743774,0.6799248456954956,-0.041290875524282455,0.6768938302993774,0.5877636671066284,-0.06422781199216843,0.6729303598403931,0.5038853883743286,-0.08467592298984528,0.6885533332824707,0.43346333503723145,-0.10513243824243546,0.5659250617027283,0.45488423109054565,-0.04804365336894989,0.5313330888748169,0.3249952793121338,-0.08349628001451492,0.5035788416862488,0.24366551637649536,-0.11020364612340927,0.4779067635536194,0.17376917600631714,-0.12928135693073273,0.5197337865829468,0.4841597080230713,-0.050575874745845795,0.46427589654922485,0.36353498697280884,-0.08051078766584396,0.4235875606536865,0.2871538996696472,-0.10415374487638474,0.38856685161590576,0.22086912393569946,-0.12038031965494156,0.49322015047073364,0.5389961004257202,-0.05719379335641861,0.43016812205314636,0.44916287064552307,-0.0870843157172203,0.3908706307411194,0.38962048292160034,-0.10621372610330582,0.3603981137275696,0.33272188901901245,-0.11834753304719925,0.482505202293396,0.615272045135498,-0.06778469681739807,0.42588189244270325,0.577896237373352,-0.09595885872840881,0.39263051748275757,0.5462659597396851,-0.10770954936742783,0.3653700351715088,0.5080759525299072,-0.11370038986206055,P
0.6564396023750305,0.7633366584777832,7.18256330856093e-07,0.6926736831665039,0.6932262182235718,-0.04832547903060913,0.7020063400268555,0.607537567615509,-0.07575777918100357,0.7035138607025146,0.525794506072998,-0.0997735783457756,0.721368134021759,0.4575905501842499,-0.12366526573896408,0.5907742381095886,0.4581555128097534,-0.05400911718606949,0.5593152046203613,0.32573866844177246,-0.09099709987640381,0.5337052941322327,0.24196398258209229,-0.11943294107913971,0.5101392865180969,0.16969341039657593,-0.1398829221725464,0.5428279042243958,0.48486948013305664,-0.053598012775182724,0.4891086518764496,0.36230894923210144,-0.08505326509475708,0.44955557584762573,0.2831266522407532,-0.1106429249048233,0.4160478711128235,0.21454596519470215,-0.12849681079387665,0.5145472288131714,0.5375151634216309,-0.05776006728410721,0.4529876708984375,0.4449470639228821,-0.08813297003507614,0.41385385394096375,0.3820118308067322,-0.10844387114048004,0.3840545415878296,0.3213343024253845,-0.12175118923187256,0.5018007755279541,0.6119963526725769,-0.06656882166862488,0.44509759545326233,0.5714394450187683,-0.09508903324604034,0.41109177470207214,0.5369896292686462,-0.10781995952129364,0.3837614357471466,0.4959840476512909,-0.11478372663259506,P
0.6788817048072815,0.7705026865005493,7.475800316569803e-07,0.7137889862060547,0.7072977423667908,-0.05271764099597931,0.7284206748008728,0.6306387186050415,-0.08593295514583588,0.7376984357833862,0.5559180974960327,-0.11521729081869125,0.7571443319320679,0.4886985123157501,-0.1447080820798874,0.6170383095741272,0.4682675302028656,-0.06541426479816437,0.5908195972442627,0.33342111110687256,-0.10676807165145874,0.5679159164428711,0.24821686744689941,-0.13851232826709747,0.5466895699501038,0.17345300316810608,-0.16116641461849213,0.567980945110321,0.4914278984069824,-0.06466317921876907,0.5175371766090393,0.36413341760635376,-0.10000278800725937,0.4791747033596039,0.2820953130722046,-0.12897619605064392,0.4465107321739197,0.21009600162506104,-0.14969132840633392,0.5384843945503235,0.5423155426979065,-0.06823556870222092,0.47822487354278564,0.44420069456100464,-0.10066310316324234,0.43872925639152527,0.378207266330719,-0.1233871579170227,0.40909045934677124,0.31496351957321167,-0.13893085718154907,0.5248023867607117,0.6166562438011169,-0.07662888616323471,0.4673794209957123,0.5709773302078247,-0.10617483407258987,0.43186306953430176,0.5325131416320801,-0.1203329786658287,0.40351471304893494,0.48824554681777954,-0.12889370322227478,P
0.691335141658783,0.7921440601348877,7.349044608417898e-07,0.7336210012435913,0.7326384782791138,-0.05409843102097511,0.7548989057540894,0.6556417942047119,-0.08824389427900314,0.767628014087677,0.5796988010406494,-0.11835749447345734,0.7901991605758667,0.5143897533416748,-0.1490395963191986,0.6460096836090088,0.48677441477775574,-0.07066076248884201,0.6227668523788452,0.34765857458114624,-0.11354291439056396,0.6012991070747375,0.2589181363582611,-0.1460508406162262,0.5810906291007996,0.18094709515571594,-0.16923154890537262,0.5963628888130188,0.5066589117050171,-0.06962733715772629,0.5482698678970337,0.37657496333122253,-0.10700259357690811,0.5097086429595947,0.2930004596710205,-0.1374126374721527,0.4755253791809082,0.21923643350601196,-0.15926897525787354,0.5649181008338928,0.5554206967353821,-0.07258187234401703,0.5069834589958191,0.4547632336616516,-0.10640279948711395,0.46621638536453247,0.3877790868282318,-0.12981060147285461,0.43427783250808716,0.3240162134170532,-0.1457509696483612,0.5478196740150452,0.6283849477767944,-0.08042407035827637,0.49013710021972656,0.5797774195671082,-0.11062111705541611,0.4530794620513916,0.5405744314193726,-0.12513834238052368,0.42306917905807495,0.4958956241607666,-0.1339746117591858,P
0.7120463848114014,0.8112398386001587,7.640197168257146e-07,0.7560239434242249,0.7566119432449341,-0.0579371452331543,0.7800552248954773,0.6798651218414307,-0.0932447612285614,0.7974995970726013,0.6037967205047607,-0.12405289709568024,0.8247129917144775,0.5420229434967041,-0.15524859726428986,0.6752642393112183,0.5049052238464355,-0.07253807783126831,0.6525405645370483,0.3665491044521332,-0.1148722767829895,0.631974458694458,0.27741923928260803,-0.1469816416501999,0.6129391193389893,0.19823595881462097,-0.17048360407352448,0.6221439242362976,0.5228397250175476,-0.06998635828495026,0.5742125511169434,0.3950446844100952,-0.10753904283046722,0.5360592007637024,0.31017589569091797,-0.13831470906734467,0.5035393834114075,0.23367589712142944,-0.1605590134859085,0.5879237651824951,0.5703132152557373,-0.07178860902786255,0.5312634706497192,0.4671544134616852,-0.10660767555236816,0.490871787071228,0.4033869802951813,-0.13069908320903778,0.4594210982322693,0.3421025276184082,-0.14710603654384613,0.5684080123901367,0.6425207853317261,-0.07884025573730469,0.5119577646255493,0.5922139883041382,-0.11171417683362961,0.47467488050460815,0.5540566444396973,-0.12792542576789856,0.4442267417907715,0.5096258521080017,-0.1376546025276184,P
0.7338266372680664,0.8343877792358398,7.525785576945054e-07,0.78184974193573,0.77946937084198,-0.056795634329319,0.8077107667922974,0.7057278156280518,-0.09260838478803635,0.8255352973937988,0.6332110166549683,-0.12415079027414322,0.8551715612411499,0.5752354264259338,-0.15642981231212616,0.7013236284255981,0.5292580127716064,-0.07394296675920486,0.6812353134155273,0.3912324607372284,-0.11710285395383835,0.6625422239303589,0.3015090525150299,-0.14954103529453278,0.644509494304657,0.22195282578468323,-0.17313753068447113,0.6482362151145935,0.5461638569831848,-0.07244838774204254,0.6012110710144043,0.4161631762981415,-0.11096188426017761,0.5635471940040588,0.330961138010025,-0.14114917814731598,0.5313090682029724,0.25564324855804443,-0.1627458930015564,0.6134399771690369,0.593015730381012,-0.07515722513198853,0.5577670335769653,0.4860955476760864,-0.1105692982673645,0.5178948044776917,0.42155778408050537,-0.13362626731395721,0.486447274684906,0.3611900806427002,-0.14900757372379303,0.5927993059158325,0.6644961833953857,-0.08297638595104218,0.535843014717102,0.6087457537651062,-0.11628890037536621,0.4981364607810974,0.5675135850906372,-0.1318693459033966,0.46767544746398926,0.5215476751327515,-0.14085687696933746,P
0.7499545812606812,0.8663250207901001,7.541968329860538e-07,0.8024595975875854,0.8118422031402588,-0.06155375763773918,0.8313924074172974,0.7358721494674683,-0.09976289421319962,0.8507233262062073,0.6623250246047974,-0.1327154040336609,0.8829004764556885,0.6025803685188293,-0.16676165163516998,0.7275851368904114,0.558527946472168,-0.08147221058607101,0.707660436630249,0.42136701941490173,-0.1275307685136795,0.6885430216789246,0.33001193404197693,-0.16214342415332794,0.669467568397522,0.24766656756401062,-0.1876494437456131,0.67359858751297,0.5728619694709778,-0.07882454246282578,0.6261923909187317,0.44261983036994934,-0.12063335627317429,0.5877403020858765,0.35690414905548096,-0.15324810147285461,0.5542382001876831,0.27991804480552673,-0.17691679298877716,0.6377134919166565,0.6194936633110046,-0.08055140823125839,0.5826089978218079,0.5117849707603455,-0.11917345970869064,0.5419771075248718,0.4458482265472412,-0.1443510502576828,0.5097960233688354,0.3847244083881378,-0.1613258570432663,0.6156309843063354,0.691098690032959,-0.08760811388492584,0.5580635070800781,0.6332002282142639,-0.12357921153306961,0.5206156373023987,0.5900888442993164,-0.1409509927034378,0.4908471703529358,0.5416734218597412,-0.1515260636806488,P
0.774327278137207,0.89441978931427,7.18221997431101e-07,0.8287119269371033,0.8356853127479553,-0.060706790536642075,0.8561690449714661,0.7523839473724365,-0.09543292224407196,0.87198805809021,0.6730948686599731,-0.12510934472084045,0.9015604853630066,0.6096124649047852,-0.15547320246696472,0.7500611543655396,0.5774674415588379,-0.07326703518629074,0.7269279956817627,0.4400727152824402,-0.11578776687383652,0.7075350284576416,0.3486197292804718,-0.14891280233860016,0.6884328722953796,0.26818010210990906,-0.17329128086566925,0.6945802569389343,0.5954028367996216,-0.07008104026317596,0.645842969417572,0.4665910601615906,-0.10862346738576889,0.6062370538711548,0.37978848814964294,-0.1408684104681015,0.5725143551826477,0.3055554926395416,-0.16412456333637238,0.6578249335289001,0.6425905227661133,-0.07163481414318085,0.6020030975341797,0.5354798436164856,-0.10758296400308609,0.562109112739563,0.46730750799179077,-0.13298243284225464,0.5311819911003113,0.40566790103912354,-0.15022476017475128,0.635032594203949,0.7139551639556885,-0.07869162410497665,0.5777866840362549,0.655539870262146,-0.11302179098129272,0.5411250591278076,0.6123380661010742,-0.1302800327539444,0.5120630860328674,0.5654810667037964,-0.14059337973594666,P
0.7863644957542419,0.9208934307098389,7.142314757402346e-07,0.8439105749130249,0.8615236282348633,-0.06141050532460213,0.8742469549179077,0.7726185917854309,-0.09486488997936249,0.8922942280769348,0.6896278262138367,-0.12293864786624908,0.9235923886299133,0.6228357553482056,-0.1509920060634613,0.7686878442764282,0.5941441059112549,-0.06837905943393707,0.747378408908844,0.4563528895378113,-0.10876262933015823,0.728303849697113,0.36523178219795227,-0.14043807983398438,0.7091829180717468,0.2863650619983673,-0.16390688717365265,0.7125937938690186,0.6104418039321899,-0.0638698935508728,0.6654306650161743,0.48164308071136475,-0.1004764661192894,0.6266762018203735,0.3959883749485016,-0.13118356466293335,0.5932078957557678,0.32315120100975037,-0.15306316316127777,0.6754363775253296,0.6562926769256592,-0.06451870501041412,0.6211147308349609,0.547797679901123,-0.09924454241991043,0.5831260085105896,0.4788118600845337,-0.12352262437343597,0.553399920463562,0.416157603263855,-0.13965365290641785,0.6523458957672119,0.7267584204673767,-0.07082509994506836,0.5982035994529724,0.6670386791229248,-0.10379306972026825,0.5631988048553467,0.6229106783866882,-0.12030979245901108,0.535427987575531,0.5758436918258667,-0.12991058826446533,P
0.8011961579322815,0.9338383674621582,6.911637342454924e-07,0.8614252209663391,0.8747686147689819,-0.06390521675348282,0.8932211995124817,0.7870543003082275,-0.0969347208738327,0.9107754230499268,0.6999508738517761,-0.12390454858541489,0.9405215978622437,0.6303373575210571,-0.15063536167144775,0.7872779965400696,0.6073063015937805,-0.06844884902238846,0.7663522958755493,0.4706404209136963,-0.10756506025791168,0.7472318410873413,0.37920495867729187,-0.13826104998588562,0.7277753949165344,0.2993510663509369,-0.16126251220703125,0.7319005131721497,0.6219959855079651,-0.061972133815288544,0.6844319105148315,0.49290454387664795,-0.09678645431995392,0.645928144454956,0.40797483921051025,-0.12639811635017395,0.6121864914894104,0.33508914709091187,-0.1480841338634491,0.6950061321258545,0.6670390963554382,-0.06092080846428871,0.6403436660766602,0.5619611144065857,-0.09410665929317474,0.6027235388755798,0.4929152727127075,-0.11745575815439224,0.5727032423019409,0.42861711978912354,-0.13354335725307465,0.6707965135574341,0.7360677719116211,-0.06589183956384659,0.616433322429657,0.6764655113220215,-0.09776388853788376,0.5829273462295532,0.6326896548271179,-0.11401630192995071,0.5561210513114929,0.5856492519378662,-0.12392696738243103,P
0.8230077624320984,0.9368677139282227,7.110281785571715e-07,0.8827232718467712,0.8785725235939026,-0.06383994966745377,0.9142469763755798,0.7936978340148926,-0.09701898694038391,0.9314577579498291,0.7087478041648865,-0.12421555072069168,0.9611004590988159,0.6395460367202759,-0.15124019980430603,0.8041723370552063,0.6151266098022461,-0.06806603819131851,0.7838340401649475,0.47735995054244995,-0.10634979605674744,0.7653567790985107,0.3858267664909363,-0.1364249289035797,0.7463052868843079,0.3055059313774109,-0.15901586413383484,0.7492295503616333,0.630084216594696,-0.061227139085531235,0.702083170413971,0.5013017654418945,-0.09510722756385803,0.6645679473876953,0.4168362319469452,-0.12441588938236237,0.6316424608230591,0.34432563185691833,-0.14632031321525574,0.7118534445762634,0.674363911151886,-0.05978623032569885,0.657949686050415,0.5692837238311768,-0.09219984710216522,0.6205266118049622,0.5004812479019165,-0.11551317572593689,0.5903722643852234,0.4377428889274597,-0.13187183439731598,0.6868396401405334,0.7418056726455688,-0.06431736052036285,0.6327309608459473,0.6799171566963196,-0.09531695395708084,0.5999499559402466,0.6340219378471375,-0.11149447411298752,0.5734676718711853,0.5865092277526855,-0.12165981531143188,P
0.8383901119232178,0.9511051177978516,7.245954520840314e-07,0.8989259004592896,0.8944063782691956,-0.06517583131790161,0.9297582507133484,0.8058077096939087,-0.09768301248550415,0.9462710618972778,0.7172365188598633,-0.12358128279447556,0.9745273590087891,0.6460266709327698,-0.14898483455181122,0.8194994926452637,0.6267207860946655,-0.06751192361116409,0.8008733987808228,0.4890166223049164,-0.10484480857849121,0.7826261520385742,0.3964880406856537,-0.13478998839855194,0.7634382247924805,0.315580815076828,-0.15746378898620605,0.7641396522521973,0.6392487287521362,-0.059252072125673294,0.71584552526474,0.5083379149436951,-0.09193931519985199,0.6764377355575562,0.42328327894210815,-0.12071126699447632,0.6417825222015381,0.35171595215797424,-0.14230619370937347,0.7262234687805176,0.6815876960754395,-0.056537970900535583,0.6711755394935608,0.5747694373130798,-0.08808477967977524,0.6338272094726562,0.5043206214904785,-0.11125775426626205,0.6032705307006836,0.44161921739578247,-0.1274411529302597,0.7000070810317993,0.7480778694152832,-0.059939637780189514,0.6449541449546814,0.6833115816116333,-0.08984950184822083,0.6116706728935242,0.6369397044181824,-0.10564975440502167,0.5845363140106201,0.5904319882392883,-0.11562735587358475,P
0.8498550057411194,0.9599335193634033,8.047120445553446e-07,0.9083326458930969,0.9058207273483276,-0.07420012354850769,0.93790602684021,0.8233906626701355,-0.11049339920282364,0.9526969194412231,0.7368117570877075,-0.13867785036563873,0.9834182262420654,0.6653493642807007,-0.16543824970722198,0.8264341950416565,0.6309579610824585,-0.06936882436275482,0.8068016171455383,0.4932137727737427,-0.10550472885370255,0.7877375483512878,0.40142250061035156,-0.1357303410768509,0.768474280834198,0.31999102234840393,-0.1589573174715042,0.7709113955497742,0.644573450088501,-0.05578906834125519,0.7233486771583557,0.5162938833236694,-0.08723985403776169,0.6838403940200806,0.4318051040172577,-0.11719630658626556,0.6502059698104858,0.3603084981441498,-0.14013655483722687,0.732538104057312,0.6873694062232971,-0.04864373803138733,0.6781057715415955,0.5839731097221375,-0.0788048729300499,0.6404895782470703,0.512725293636322,-0.10361199080944061,0.6110112071037292,0.4494219720363617,-0.12141589820384979,0.7063290476799011,0.7523047924041748,-0.048553816974163055,0.6531775593757629,0.6878049969673157,-0.0768517479300499,0.6201399564743042,0.6411962509155273,-0.09351231157779694,0.594377875328064,0.5951942801475525,-0.10465322434902191,P
0.8451495170593262,0.9637883901596069,8.486417755193543e-07,0.9043867588043213,0.909557580947876,-0.07811061292886734,0.9389461278915405,0.8304910659790039,-0.11724672466516495,0.9545726180076599,0.74530428647995,-0.14743942022323608,0.982264518737793,0.6673818230628967,-0.1758890599012375,0.8265056014060974,0.6392099261283875,-0.07366125285625458,0.8083505034446716,0.5019758939743042,-0.11171558499336243,0.7890350818634033,0.40927278995513916,-0.14327110350131989,0.7696046233177185,0.32628148794174194,-0.16727690398693085,0.7708114981651306,0.6497687101364136,-0.05879313498735428,0.7233451008796692,0.5215776562690735,-0.09088239818811417,0.6841717958450317,0.43758517503738403,-0.12138095498085022,0.6504610776901245,0.3657890260219574,-0.14499609172344208,0.7324253916740417,0.6911040544509888,-0.05061142519116402,0.6786893606185913,0.589626669883728,-0.08088192343711853,0.6421013474464417,0.5193209648132324,-0.10509224236011505,0.6133756637573242,0.45472484827041626,-0.12298247218132019,0.7055861353874207,0.7552874088287354,-0.04990546032786369,0.653241753578186,0.6929765939712524,-0.07795567810535431,0.6218167543411255,0.6475076079368591,-0.09404053539037704,0.5977935791015625,0.6006736159324646,-0.10511010140180588,P
0.844942033290863,0.9688470363616943,7.242651349770313e-07,0.9067255258560181,0.9047571420669556,-0.059416379779577255,0.9383042454719543,0.8180137872695923,-0.09001653641462326,0.9492040872573853,0.732944130897522,-0.11547765135765076,0.9741155505180359,0.6613948345184326,-0.13994869589805603,0.8194342851638794,0.640912652015686,-0.057883914560079575,0.798824667930603,0.5053603649139404,-0.09356922656297684,0.7794504165649414,0.41648098826408386,-0.12227406352758408,0.7595644593238831,0.3359268009662628,-0.14405561983585358,0.7647317051887512,0.6553767323493958,-0.05231379717588425,0.7150079607963562,0.5269483327865601,-0.08334168791770935,0.6775714755058289,0.443053662776947,-0.11018900573253632,0.6453599333763123,0.3714018762111664,-0.13015133142471313,0.7289599180221558,0.6992902159690857,-0.052286796271800995,0.6707056164741516,0.5991944074630737,-0.08262596279382706,0.6344609260559082,0.527776837348938,-0.1035073772072792,0.6053032875061035,0.4622669219970703,-0.11781153082847595,0.7067609429359436,0.7667427062988281,-0.05812690407037735,0.6505250930786133,0.7035017013549805,-0.08732173591852188,0.6179857850074768,0.6583650708198547,-0.10114586353302002,0.5918705463409424,0.6124951839447021,-0.10909605026245117,P
0.8358956575393677,0.966277003288269,7.742546586086974e-07,0.8949590921401978,0.9034875631332397,-0.06453963369131088,0.9242962598800659,0.816001296043396,-0.09740365296602249,0.9331238269805908,0.7301022410392761,-0.12394466251134872,0.9588033556938171,0.658789873123169,-0.14953294396400452,0.8077621459960938,0.6402332782745361,-0.0637415274977684,0.7849138379096985,0.5041578412055969,-0.10045784711837769,0.7639757394790649,0.41567689180374146,-0.12968116998672485,0.7431803345680237,0.3361164927482605,-0.15152838826179504,0.7536728382110596,0.6557109951972961,-0.05538481846451759,0.7026179432868958,0.5268980860710144,-0.08706999570131302,0.662854015827179,0.44476285576820374,-0.11419934779405594,0.6294165253639221,0.3743513524532318,-0.1341366469860077,0.7184367179870605,0.7002850770950317,-0.052820902317762375,0.6607798337936401,0.5996062159538269,-0.08296485245227814,0.6230635643005371,0.5301376581192017,-0.1038217544555664,0.5934906005859375,0.4656445384025574,-0.11822143942117691,0.6961843967437744,0.768012523651123,-0.05656221881508827,0.6412978768348694,0.7062956094741821,-0.0847877487540245,0.6091155409812927,0.6619448661804199,-0.09843282401561737,0.5838193893432617,0.6150948405265808,-0.10655920207500458,P
0.8251053094863892,0.957054853439331,7.325731417040515e-07,0.8821046352386475,0.8896188735961914,-0.05722706764936447,0.9039067029953003,0.79852294921875,-0.08449125289916992,0.906632661819458,0.7104345560073853,-0.10633813589811325,0.930463433265686,0.6421689987182617,-0.12711790204048157,0.7871337532997131,0.6289161443710327,-0.05200720205903053,0.7609326243400574,0.4930545687675476,-0.08274784684181213,0.7381020188331604,0.4096975326538086,-0.10774670541286469,0.7160215377807617,0.3362325429916382,-0.1263984739780426,0.7319448590278625,0.6483371257781982,-0.04408744350075722,0.6793234944343567,0.5226898193359375,-0.07008141279220581,0.6386673450469971,0.4450724124908447,-0.09293854236602783,0.6050403714179993,0.3807601034641266,-0.1093461737036705,0.6966073513031006,0.6942744851112366,-0.04153827577829361,0.6390374302864075,0.5940542221069336,-0.06647203862667084,0.6007724404335022,0.5295569896697998,-0.08394735306501389,0.5705074667930603,0.4728372097015381,-0.09578411281108856,0.6750798225402832,0.7635077238082886,-0.04471658170223236,0.6205917596817017,0.7071747779846191,-0.06869592517614365,0.5889272093772888,0.6667561531066895,-0.0794198289513588,0.5639382600784302,0.6252861022949219,-0.08490056544542313,P
0.8080440163612366,0.9429450035095215,6.652756496805523e-07,0.8588359951972961,0.8635730743408203,-0.04797441139817238,0.8731744289398193,0.7662798762321472,-0.0706535130739212,0.8730048537254333,0.676507830619812,-0.08974354714155197,0.891573965549469,0.606810986995697,-0.1082858070731163,0.7572977542877197,0.617316722869873,-0.04605992138385773,0.7265043258666992,0.4839268922805786,-0.07590768486261368,0.7001835703849792,0.40242379903793335,-0.09932909905910492,0.6743906140327454,0.33079883456230164,-0.11694587767124176,0.704345703125,0.6429212093353271,-0.04263746365904808,0.6478011012077332,0.5224254131317139,-0.06913423538208008,0.6061474084854126,0.44872039556503296,-0.09072625637054443,0.5703966021537781,0.38666146993637085,-0.10609687864780426,0.6721749305725098,0.6930109858512878,-0.043881263583898544,0.6119392514228821,0.6006933450698853,-0.06942027807235718,0.5720383524894714,0.541254997253418,-0.08565447479486465,0.539465069770813,0.48750531673431396,-0.09656434506177902,0.6546089053153992,0.7648515105247498,-0.05007151886820793,0.5983564257621765,0.7153908014297485,-0.07466455549001694,0.5647569298744202,0.6786355972290039,-0.08509938418865204,0.5374118089675903,0.6390301585197449,-0.09031732380390167,P
0.7852675914764404,0.9248143434524536,6.426438403650536e-07,0.8255385160446167,0.8416959047317505,-0.040350642055273056,0.8340451717376709,0.7419666051864624,-0.059985049068927765,0.8313615322113037,0.6539387702941895,-0.07747148722410202,0.8482518196105957,0.5856479406356812,-0.09450240433216095,0.7245061993598938,0.6049352288246155,-0.037961456924676895,0.6921029090881348,0.47581082582473755,-0.066731758415699,0.6646633148193359,0.39728090167045593,-0.08950208872556686,0.6388941407203674,0.3290773034095764,-0.10646803677082062,0.6741847395896912,0.6319440007209778,-0.0382719561457634,0.6166918873786926,0.5163565874099731,-0.06356153637170792,0.5738486051559448,0.4464857578277588,-0.08405743539333344,0.5371112823486328,0.38708141446113586,-0.09836337715387344,0.6441760659217834,0.682528555393219,-0.04285894334316254,0.5825191140174866,0.594300389289856,-0.06696458905935287,0.5414153933525085,0.5377345085144043,-0.08150980621576309,0.5081037878990173,0.4850529432296753,-0.09138573706150055,0.6285130381584167,0.7559743523597717,-0.051868852227926254,0.57234787940979,0.7137289643287659,-0.07489222288131714,0.5395624041557312,0.6793556809425354,-0.0835595354437828,0.51314777135849,0.6408401727676392,-0.08754026144742966,P
0.7570220232009888,0.9096160531044006,6.347434577946842e-07,0.7911499738693237,0.821319580078125,-0.04129812866449356,0.7963719367980957,0.7175887227058411,-0.06165396049618721,0.7909712195396423,0.626118540763855,-0.07966596633195877,0.8042457699775696,0.5545828938484192,-0.09728259593248367,0.6864449977874756,0.5957406759262085,-0.03982608765363693,0.6494113206863403,0.4674697518348694,-0.06879372149705887,0.6185286641120911,0.39120954275131226,-0.09156312793493271,0.5902467370033264,0.3252240717411041,-0.1084069088101387,0.6380807757377625,0.6268709301948547,-0.039822518825531006,0.5774136185646057,0.5160109996795654,-0.06457727402448654,0.5332533717155457,0.4493353068828583,-0.08510133624076843,0.4966140687465668,0.3936859667301178,-0.09983258694410324,0.6109099984169006,0.6797997951507568,-0.044100064784288406,0.5474631786346436,0.5980427861213684,-0.06759651750326157,0.5064566731452942,0.5445466041564941,-0.08240879327058792,0.4746708273887634,0.49510103464126587,-0.09294626116752625,0.5983315706253052,0.7541136741638184,-0.052886880934238434,0.5412823557853699,0.717231035232544,-0.07618467509746552,0.5073033571243286,0.6853147149085999,-0.08562364429235458,0.480009526014328,0.6499736905097961,-0.09032205492258072,P
0.7278119325637817,0.8850741386413574,6.79107643009047e-07,0.759733259677887,0.7916345596313477,-0.040218792855739594,0.7597324848175049,0.685631513595581,-0.0590456947684288,0.7471246719360352,0.5959075093269348,-0.0757143571972847,0.7565826773643494,0.519872784614563,-0.09182939678430557,0.6472917199134827,0.5804457664489746,-0.03541155904531479,0.6067765951156616,0.4575774669647217,-0.06463049352169037,0.5752773284912109,0.38334164023399353,-0.08724275976419449,0.5481988787651062,0.3191573917865753,-0.10357349365949631,0.6014838218688965,0.6149687170982361,-0.03545630723237991,0.5389577746391296,0.5071777105331421,-0.06136084720492363,0.4940972924232483,0.440983384847641,-0.08264464139938354,0.4575212001800537,0.38448622822761536,-0.09713923186063766,0.5775623917579651,0.6691557765007019,-0.040106311440467834,0.5116966962814331,0.5908915996551514,-0.06571920961141586,0.4696376919746399,0.5371876358985901,-0.08182737976312637,0.4376232624053955,0.48528164625167847,-0.09229311347007751,0.5684512257575989,0.7424360513687134,-0.04899309203028679,0.5117007493972778,0.7081946134567261,-0.07382573187351227,0.47830212116241455,0.6777591705322266,-0.08393703401088715,0.451996386051178,0.6431751251220703,-0.08862622827291489,P
0.6984063386917114,0.8599430322647095,6.792764111196448e-07,0.7252780199050903,0.7628517150878906,-0.036957092583179474,0.7203590869903564,0.6564561128616333,-0.05589805915951729,0.7085096836090088,0.5654327273368835,-0.07308187335729599,0.7166842818260193,0.4861913323402405,-0.08994964510202408,0.6116487383842468,0.5616806745529175,-0.03538189083337784,0.5678478479385376,0.44154685735702515,-0.06612107157707214,0.5352789759635925,0.3685762882232666,-0.08957478404045105,0.5083325505256653,0.30552414059638977,-0.1063305214047432,0.5684484839439392,0.5970702767372131,-0.03766939043998718,0.5044883489608765,0.49257779121398926,-0.0638505071401596,0.4598546326160431,0.4298210144042969,-0.0846119150519371,0.4248768389225006,0.37618741393089294,-0.09877155721187592,0.5470373630523682,0.6527831554412842,-0.044323377311229706,0.4789608120918274,0.5730903744697571,-0.0707908496260643,0.43751513957977295,0.5227792859077454,-0.08577384054660797,0.40731483697891235,0.4731979966163635,-0.09547141939401627,0.540756344795227,0.7269781827926636,-0.05477427318692207,0.48136311769485474,0.6977515816688538,-0.08144818991422653,0.4481399655342102,0.6694489121437073,-0.09146873652935028,0.422778844833374,0.6350455284118652,-0.09579918533563614,P
0.6657151579856873,0.8399900794029236,6.635632985307893e-07,0.6936682462692261,0.7369049191474915,-0.03780271112918854,0.6856163144111633,0.6251358985900879,-0.05469474196434021,0.6673653721809387,0.5301733016967773,-0.06905599683523178,0.6706255674362183,0.4494311809539795,-0.08272983878850937,0.5765693187713623,0.5410201549530029,-0.03354416415095329,0.5287895202636719,0.4226745665073395,-0.06100292503833771,0.4931609630584717,0.3540274500846863,-0.08200350403785706,0.4629862606525421,0.2958871126174927,-0.09710770100355148,0.533053457736969,0.5803694128990173,-0.03375673294067383,0.46789515018463135,0.478907972574234,-0.05701432749629021,0.42224687337875366,0.41923463344573975,-0.07641081511974335,0.38628095388412476,0.36924266815185547,-0.08949164301156998,0.5116897821426392,0.6378542184829712,-0.038335058838129044,0.4447714686393738,0.5622566938400269,-0.06252533942461014,0.4031173586845398,0.5147044658660889,-0.0776442214846611,0.3723563253879547,0.4679839015007019,-0.08741556107997894,0.5057623982429504,0.7121961116790771,-0.046732690185308456,0.44893619418144226,0.6859076619148254,-0.0719810202717781,0.4159124493598938,0.6606355905532837,-0.08216724544763565,0.39043158292770386,0.6302699446678162,-0.08647871762514114,P
0.6387746334075928,0.813898503780365,6.758585300303821e-07,0.6605437994003296,0.7065176367759705,-0.03907882794737816,0.6507706046104431,0.595362663269043,-0.05726415663957596,0.6285389065742493,0.5002355575561523,-0.07272925227880478,0.6284497380256653,0.4170560836791992,-0.08757548034191132,0.5425032377243042,0.5217404961585999,-0.03408947214484215,0.4931160509586334,0.40576788783073425,-0.06186438351869583,0.4569970667362213,0.33869120478630066,-0.08340257406234741,0.4261516332626343,0.28037261962890625,-0.09892317652702332,0.501451313495636,0.5622184872627258,-0.033689748495817184,0.43838733434677124,0.4645805358886719,-0.056535039097070694,0.3937342166900635,0.4078178405761719,-0.0760209709405899,0.3582932949066162,0.3587373197078705,-0.08966412395238876,0.481261670589447,0.6210839748382568,-0.03785613179206848,0.41688963770866394,0.5495387315750122,-0.061400383710861206,0.3756040334701538,0.5039646029472351,-0.0758928656578064,0.3447938561439514,0.45715850591659546,-0.08584291487932205,0.47510531544685364,0.6964396834373474,-0.046005770564079285,0.4203938841819763,0.6728360652923584,-0.07010077685117722,0.38868188858032227,0.6486368179321289,-0.07939266413450241,0.36403653025627136,0.6186720728874207,-0.08358881622552872,P
0.6103951930999756,0.7921227812767029,6.953263778086693e-07,0.628900408744812,0.6831099987030029,-0.04229747876524925,0.6164032816886902,0.5723926424980164,-0.06139257922768593,0.5912054777145386,0.47862735390663147,-0.07712096720933914,0.588891327381134,0.39287155866622925,-0.09201771020889282,0.5105493664741516,0.5034088492393494,-0.03430815041065216,0.459166020154953,0.39143866300582886,-0.06233866885304451,0.4222699999809265,0.3262641131877899,-0.08423306047916412,0.39100590348243713,0.2693585753440857,-0.09993921965360641,0.4709414839744568,0.5454508066177368,-0.03194299712777138,0.4077831208705902,0.45099806785583496,-0.05488104745745659,0.3631231486797333,0.39660006761550903,-0.07454905658960342,0.32752662897109985,0.34981533885002136,-0.08826882392168045,0.45207518339157104,0.6057535409927368,-0.0346500501036644,0.3883265554904938,0.5391467809677124,-0.05860462039709091,0.34672677516937256,0.4969567358493805,-0.07337627559900284,0.3153477907180786,0.4523356556892395,-0.08344800770282745,0.44698894023895264,0.681885838508606,-0.04161597788333893,0.3948040306568146,0.6621233224868774,-0.06572185456752777,0.36401474475860596,0.6404932141304016,-0.07515225559473038,0.3395717740058899,0.6120958924293518,-0.07961808145046234,P
0.5863388180732727,0.7778226137161255,6.85052441440348e-07,0.6029573678970337,0.6701175570487976,-0.04494708776473999,0.5885463356971741,0.5582971572875977,-0.06435254216194153,0.5617634654045105,0.46235841512680054,-0.07972347736358643,0.555208683013916,0.37499576807022095,-0.0942055955529213,0.4836898744106293,0.4926980435848236,-0.03632858023047447,0.43195050954818726,0.3822541832923889,-0.06380648910999298,0.39455100893974304,0.3174739181995392,-0.08541837334632874,0.36273884773254395,0.2608310282230377,-0.10121741145849228,0.4452163279056549,0.5349428057670593,-0.0326865091919899,0.3830992877483368,0.44301557540893555,-0.05573747307062149,0.3372051417827606,0.3884732127189636,-0.07581872493028641,0.300060510635376,0.3417452871799469,-0.09027563035488129,0.42762020230293274,0.595323383808136,-0.03432881459593773,0.3661738634109497,0.5296775102615356,-0.05824892595410347,0.3238205313682556,0.48903021216392517,-0.07392223924398422,0.29093682765960693,0.4464055597782135,-0.08520940691232681,0.4236799478530884,0.6710681915283203,-0.04044361039996147,0.3732726573944092,0.6538715362548828,-0.06492935866117477,0.34327828884124756,0.633049726486206,-0.07540065795183182,0.31895408034324646,0.6045642495155334,-0.08108153939247131,P
0.5644797086715698,0.7683886885643005,6.845924076515075e-07,0.579177975654602,0.6600795388221741,-0.04664228484034538,0.5641516447067261,0.5501423478126526,-0.06645165383815765,0.5353728532791138,0.45676228404045105,-0.08189354091882706,0.5272825360298157,0.3695330023765564,-0.0966460257768631,0.45994165539741516,0.48748600482940674,-0.036573734134435654,0.40826278924942017,0.3774875998497009,-0.06334250420331955,0.3707490861415863,0.3130771219730377,-0.08492666482925415,0.33913081884384155,0.256266325712204,-0.10093467682600021,0.42272788286209106,0.5299184918403625,-0.03171200677752495,0.3617481589317322,0.43965691328048706,-0.05427182465791702,0.31586918234825134,0.38594627380371094,-0.07496114075183868,0.27888715267181396,0.34003791213035583,-0.09025350958108902,0.4060608744621277,0.5895389318466187,-0.03223226219415665,0.3453752398490906,0.5244429707527161,-0.056081950664520264,0.3031519651412964,0.4841598868370056,-0.0725785493850708,0.2709340453147888,0.44189342856407166,-0.08475345373153687,0.4022282063961029,0.6642599105834961,-0.037287358194589615,0.3524131178855896,0.6480258703231812,-0.062138937413692474,0.3245677947998047,0.6273636817932129,-0.07316096872091293,0.30312320590019226,0.5987077355384827,-0.0794801265001297,P
0.5468806624412537,0.7617095112800598,6.850853537798685e-07,0.5594241619110107,0.6531970500946045,-0.04845783859491348,0.5437303781509399,0.5425965785980225,-0.06738187372684479,0.5124574899673462,0.44780758023262024,-0.08148384094238281,0.5022718906402588,0.35945069789886475,-0.09457416832447052,0.43716490268707275,0.48546266555786133,-0.032683808356523514,0.38483965396881104,0.37939807772636414,-0.05719367042183876,0.34730157256126404,0.3180445432662964,-0.0778568834066391,0.3149152100086212,0.26254042983055115,-0.09340599924325943,0.4017646610736847,0.5299574732780457,-0.02561594545841217,0.3411811292171478,0.44279059767723083,-0.04533231630921364,0.2953007221221924,0.39078834652900696,-0.06486677378416061,0.25791630148887634,0.34653282165527344,-0.07953735440969467,0.38687506318092346,0.5908144116401672,-0.024404538795351982,0.326894074678421,0.530867874622345,-0.04566046595573425,0.283779501914978,0.4920615553855896,-0.06155022606253624,0.25027650594711304,0.4513210356235504,-0.0735149011015892,0.38529276847839355,0.6647698879241943,-0.028113964945077896,0.3375213146209717,0.6523879170417786,-0.05110001564025879,0.3082597851753235,0.6342452764511108,-0.061807550489902496,0.2850654721260071,0.6079965829849243,-0.06803100556135178,P
0.5362838506698608,0.7591426372528076,6.950785405024362e-07,0.5480800867080688,0.6533992290496826,-0.052717987447977066,0.5312853455543518,0.5426103472709656,-0.0704212412238121,0.49743881821632385,0.4484042227268219,-0.08190277963876724,0.4836454391479492,0.36058932542800903,-0.09197112917900085,0.424063116312027,0.48889780044555664,-0.02985474467277527,0.3703542947769165,0.3818979561328888,-0.05092492699623108,0.33095505833625793,0.3201777935028076,-0.07040511816740036,0.2972289025783539,0.26473337411880493,-0.08530575037002563,0.3891197144985199,0.5343303084373474,-0.01796445995569229,0.3290441036224365,0.4495663642883301,-0.03380264714360237,0.2824810743331909,0.39712250232696533,-0.052707940340042114,0.2445923089981079,0.3523034453392029,-0.06758313626050949,0.3742266297340393,0.594292938709259,-0.012460735626518726,0.3162277340888977,0.5348077416419983,-0.02990514226257801,0.27507737278938293,0.4967573285102844,-0.0459851436316967,0.2429930418729782,0.4572727084159851,-0.058664705604314804,0.3713667094707489,0.6658854484558105,-0.012354427017271519,0.3256183862686157,0.6524012088775635,-0.03198937326669693,0.29762232303619385,0.6338607668876648,-0.04271063953638077,0.27600884437561035,0.6069200038909912,-0.04959602653980255,P
0.5293533802032471,0.7563201785087585,7.021067176538054e-07,0.5392612218856812,0.6513452529907227,-0.05398990958929062,0.5210638046264648,0.5421605110168457,-0.07166946679353714,0.48622238636016846,0.45106735825538635,-0.08312104642391205,0.47153449058532715,0.3642690181732178,-0.09308944642543793,0.41390955448150635,0.4877665042877197,-0.0268752109259367,0.35949429869651794,0.38459885120391846,-0.04696672037243843,0.3199383020401001,0.3243086040019989,-0.06701594591140747,0.28548571467399597,0.2707265317440033,-0.08253034204244614,0.3810293674468994,0.5337687730789185,-0.01439595129340887,0.321083664894104,0.45062708854675293,-0.02921256050467491,0.2736319899559021,0.39931076765060425,-0.049345340579748154,0.23376043140888214,0.3559216260910034,-0.06533320993185043,0.3673449158668518,0.5947499871253967,-0.008651155978441238,0.3093465268611908,0.5359575152397156,-0.025325896218419075,0.2675638198852539,0.49850571155548096,-0.0428621880710125,0.23408763110637665,0.4600714445114136,-0.0567314438521862,0.3649859130382538,0.6671915650367737,-0.008483605459332466,0.32029664516448975,0.6530230045318604,-0.027405375614762306,0.2917723059654236,0.6351610422134399,-0.0386611670255661,0.26899227499961853,0.6092515587806702,-0.046237438917160034,P
0.5237569808959961,0.7526463270187378,6.670159109489759e-07,0.5343515872955322,0.6525294780731201,-0.05267033353447914,0.5145992636680603,0.5441413521766663,-0.07178555428981781,0.47839510440826416,0.4558459222316742,-0.08503787964582443,0.4625553488731384,0.3697028160095215,-0.09723422676324844,0.408576101064682,0.4868603050708771,-0.03451962769031525,0.3537403643131256,0.3846033215522766,-0.05868053063750267,0.3135039210319519,0.3241324722766876,-0.0799270048737526,0.27882564067840576,0.2709352374076843,-0.09575801342725754,0.3751946985721588,0.5318176746368408,-0.02431703358888626,0.31490272283554077,0.44735774397850037,-0.04279394447803497,0.26742804050445557,0.3969839811325073,-0.062013860791921616,0.22852861881256104,0.35512620210647583,-0.076675646007061,0.3618323802947998,0.5917505621910095,-0.0203985758125782,0.3031099736690521,0.5324869155883789,-0.039870791137218475,0.2625395655632019,0.4965830147266388,-0.054990001022815704,0.2303275316953659,0.45914575457572937,-0.06661539524793625,0.3602396845817566,0.6643480658531189,-0.021950142458081245,0.3142436742782593,0.6489485502243042,-0.04314891993999481,0.28846126794815063,0.6320850253105164,-0.05300278961658478,0.26852673292160034,0.6068621873855591,-0.05893005430698395,P
0.5204502940177917,0.7480570673942566,6.732194037795125e-07,0.5300970673561096,0.6482738256454468,-0.05470972880721092,0.5103594064712524,0.540608823299408,-0.07383719086647034,0.47458717226982117,0.4529028534889221,-0.0864391177892685,0.46057063341140747,0.36717915534973145,-0.09772627800703049,0.4060826897621155,0.48088338971138,-0.03249363601207733,0.3507884442806244,0.37850895524024963,-0.054758504033088684,0.3105788230895996,0.3179936408996582,-0.07535365223884583,0.27599194645881653,0.2655918300151825,-0.09087896347045898,0.37429144978523254,0.5263292193412781,-0.020247606560587883,0.3128071129322052,0.4427376389503479,-0.037161052227020264,0.264624685049057,0.39291268587112427,-0.05617053061723709,0.22510376572608948,0.3523162603378296,-0.07061286270618439,0.3621002435684204,0.5858956575393677,-0.014573990367352962,0.30389368534088135,0.5277186632156372,-0.0326816625893116,0.2616240978240967,0.4912794828414917,-0.04862191155552864,0.22668388485908508,0.45278191566467285,-0.06092783808708191,0.36163344979286194,0.6575453877449036,-0.014574514701962471,0.3177070617675781,0.6425623297691345,-0.03467835113406181,0.2922736704349518,0.6256648302078247,-0.044837355613708496,0.27117279171943665,0.600716233253479,-0.05120823532342911,P
0.5216785073280334,0.7421319484710693,6.767643867533479e-07,0.5306816697120667,0.6436783671379089,-0.05617475137114525,0.5108665227890015,0.5375573635101318,-0.07501757889986038,0.47504931688308716,0.4501359462738037,-0.08716192096471786,0.4607119858264923,0.36317700147628784,-0.09799104183912277,0.4056154191493988,0.4772276282310486,-0.030962493270635605,0.350741982460022,0.37505608797073364,-0.0518532358109951,0.3112103343009949,0.31500428915023804,-0.07187351584434509,0.277204304933548,0.2624671459197998,-0.08707788586616516,0.3744559586048126,0.5237086415290833,-0.017438191920518875,0.313315749168396,0.4395478069782257,-0.03258167579770088,0.26533544063568115,0.3885849118232727,-0.05152229964733124,0.226064532995224,0.34697118401527405,-0.06638921797275543,0.3623673617839813,0.5838687419891357,-0.01080260705202818,0.3041869103908539,0.5252365469932556,-0.027643240988254547,0.26204878091812134,0.4886471629142761,-0.04418356344103813,0.2277522087097168,0.44976675510406494,-0.057128842920064926,0.3614073097705841,0.6557177901268005,-0.010027608834207058,0.3159025311470032,0.6389589309692383,-0.029461201280355453,0.28935348987579346,0.6220245361328125,-0.04020756110548973,0.26784420013427734,0.596549391746521,-0.047236502170562744,P
0.5273370742797852,0.7381854057312012,7.249494160532777e-07,0.5347937941551208,0.6451967358589172,-0.06235009431838989,0.5136874318122864,0.5399482250213623,-0.08297242224216461,0.47813719511032104,0.4533573389053345,-0.09572786092758179,0.4619137644767761,0.36733874678611755,-0.10697463899850845,0.4096437990665436,0.47588247060775757,-0.03374749422073364,0.35449954867362976,0.37210068106651306,-0.05496695265173912,0.31538882851600647,0.31072568893432617,-0.07675939798355103,0.28137803077697754,0.25668811798095703,-0.09334556013345718,0.37839144468307495,0.5221112370491028,-0.017022114247083664,0.31668058037757874,0.4372754693031311,-0.030942382290959358,0.26734259724617004,0.38630199432373047,-0.05055439472198486,0.2274772822856903,0.3457513451576233,-0.0661650151014328,0.3656601011753082,0.5821842551231384,-0.007849340327084064,0.30741289258003235,0.52257239818573,-0.02286168932914734,0.2647738754749298,0.4846876859664917,-0.039927031844854355,0.22938644886016846,0.44492122530937195,-0.05366596207022667,0.36399590969085693,0.6545217037200928,-0.005347406025975943,0.31947457790374756,0.6368322968482971,-0.023444710299372673,0.2921563982963562,0.619670033454895,-0.03440212830901146,0.26942771673202515,0.5936410427093506,-0.04198287054896355,P
0.5327299237251282,0.7384488582611084,6.596039838768775e-07,0.5415024757385254,0.6429184079170227,-0.0540439747273922,0.5215597152709961,0.5384677052497864,-0.07395990937948227,0.4855599105358124,0.4536324739456177,-0.08801078796386719,0.4713183045387268,0.37092792987823486,-0.10103578865528107,0.4173344373703003,0.47457778453826904,-0.03487744182348251,0.3626305162906647,0.3704766631126404,-0.059196244925260544,0.32483384013175964,0.3085837960243225,-0.08190254122018814,0.29165536165237427,0.2541343867778778,-0.09912747889757156,0.3856131434440613,0.521476149559021,-0.024398647248744965,0.3241247236728668,0.4362480938434601,-0.04370534420013428,0.2765141427516937,0.383794367313385,-0.06574203073978424,0.23660489916801453,0.3395928740501404,-0.08268015831708908,0.3732369542121887,0.5819878578186035,-0.020239736884832382,0.3135131895542145,0.5236245393753052,-0.04070388898253441,0.27106973528862,0.4843849241733551,-0.05954083427786827,0.2361152470111847,0.44289642572402954,-0.07380884885787964,0.3736014664173126,0.6551573872566223,-0.02163756638765335,0.32636892795562744,0.6386517882347107,-0.04383590444922447,0.29759883880615234,0.6193351149559021,-0.05613861232995987,0.2732464075088501,0.5916125774383545,-0.06424175947904587,P
0.5405588746070862,0.7438509464263916,6.17792863977229e-07,0.5514428615570068,0.6483263373374939,-0.0497501865029335,0.5332374572753906,0.544583261013031,-0.06884462386369705,0.5014285445213318,0.4595581889152527,-0.0829644650220871,0.4891081750392914,0.37975725531578064,-0.09626857936382294,0.43005236983299255,0.4740678071975708,-0.03527601435780525,0.37727582454681396,0.36985325813293457,-0.06049390882253647,0.33998265862464905,0.30863189697265625,-0.08258210122585297,0.30687618255615234,0.2546651363372803,-0.09934228658676147,0.39612022042274475,0.5189257860183716,-0.028198374435305595,0.33429020643234253,0.43245214223861694,-0.0490960069000721,0.28770002722740173,0.3804933428764343,-0.07083415985107422,0.24867628514766693,0.3364127278327942,-0.08703587204217911,0.38233646750450134,0.5785402059555054,-0.02683262526988983,0.3207055926322937,0.5190092325210571,-0.04937102645635605,0.2781337797641754,0.4805128574371338,-0.06763695925474167,0.24379953742027283,0.4393162429332733,-0.08094662427902222,0.3825336694717407,0.6517289280891418,-0.030491385608911514,0.33308103680610657,0.6355838775634766,-0.0547567680478096,0.3047790229320526,0.6158672571182251,-0.06682940572500229,0.28170108795166016,0.5868169069290161,-0.07417938858270645,P
0.5552213191986084,0.7535281777381897,6.081322680984158e-07,0.5692955851554871,0.6588473916053772,-0.049267757683992386,0.552575945854187,0.5585194826126099,-0.07000919431447983,0.5208284854888916,0.47777432203292847,-0.08601989597082138,0.5100120306015015,0.398039311170578,-0.1012515127658844,0.44749903678894043,0.4835742115974426,-0.0401051864027977,0.39609289169311523,0.37453317642211914,-0.06821978092193604,0.35898205637931824,0.3103671073913574,-0.09098995476961136,0.32607361674308777,0.2547747492790222,-0.1077733188867569,0.41190627217292786,0.5250344276428223,-0.034657299518585205,0.35041993856430054,0.43237367272377014,-0.058660268783569336,0.3034508228302002,0.3791382908821106,-0.08075066655874252,0.264726459980011,0.33461421728134155,-0.09632494300603867,0.396706759929657,0.5821622610092163,-0.03453363478183746,0.3357345163822174,0.5157572627067566,-0.05944835767149925,0.29230502247810364,0.47455453872680664,-0.0775105357170105,0.25801122188568115,0.4316021800041199,-0.08997069299221039,0.3962944447994232,0.6548656225204468,-0.03919285535812378,0.3465515673160553,0.6353912353515625,-0.06494907289743423,0.3172081708908081,0.6133674383163452,-0.07661964744329453,0.29389888048171997,0.5827110409736633,-0.08301884680986404,P
0.5708027482032776,0.7607515454292297,6.146412374619104e-07,0.5864304304122925,0.6685208082199097,-0.05090360715985298,0.5707393884658813,0.5706576704978943,-0.07229043543338776,0.5406702756881714,0.49205636978149414,-0.08870678395032883,0.5294699668884277,0.41361334919929504,-0.10402742028236389,0.46383410692214966,0.48819267749786377,-0.04052869603037834,0.41359418630599976,0.3799414038658142,-0.06886684149503708,0.376802533864975,0.315545916557312,-0.0919405147433281,0.34413427114486694,0.25950977206230164,-0.10898804664611816,0.42676880955696106,0.5286678671836853,-0.034468382596969604,0.36517658829689026,0.4357250928878784,-0.0584358312189579,0.31855443120002747,0.38157349824905396,-0.08066924661397934,0.2802491784095764,0.33624839782714844,-0.09633641690015793,0.410617858171463,0.5857502222061157,-0.033935897052288055,0.3493137061595917,0.5159621834754944,-0.05873822793364525,0.30667659640312195,0.4736577570438385,-0.076871857047081,0.2731474041938782,0.43082594871520996,-0.08927050232887268,0.40968284010887146,0.6581275463104248,-0.038392871618270874,0.3600505292415619,0.6354004740715027,-0.06373726576566696,0.33092087507247925,0.6124899387359619,-0.07547855377197266,0.30754590034484863,0.5819128751754761,-0.08193496614694595,P
0.5833555459976196,0.7665460109710693,6.133849410616676e-07,0.5998218655586243,0.67730712890625,-0.05138080194592476,0.5849887132644653,0.5815927982330322,-0.07369675487279892,0.5562014579772949,0.5035925507545471,-0.09111449867486954,0.5464559197425842,0.42479777336120605,-0.10732055455446243,0.4779072403907776,0.494560182094574,-0.04130958020687103,0.4286686182022095,0.38681885600090027,-0.07018039375543594,0.3921948969364166,0.32285067439079285,-0.09359464794397354,0.35980433225631714,0.2670122981071472,-0.1110316663980484,0.4406845271587372,0.5335102677345276,-0.035411570221185684,0.3801926076412201,0.4400485157966614,-0.0604226291179657,0.3333359360694885,0.3863483667373657,-0.08343876153230667,0.2942586839199066,0.3408783972263336,-0.09972798824310303,0.4241665303707123,0.5897564888000488,-0.03504979982972145,0.36358630657196045,0.5193219780921936,-0.06062246486544609,0.32070493698120117,0.47644078731536865,-0.07926633208990097,0.2867429256439209,0.4333118796348572,-0.09202177822589874,0.4226914644241333,0.6617279052734375,-0.03967359662055969,0.3736225962638855,0.6364377737045288,-0.06493792682886124,0.34360986948013306,0.6116403341293335,-0.07695206254720688,0.3191799521446228,0.5799210071563721,-0.08385185897350311,P
0.594036340713501,0.7726355195045471,6.122031095401326e-07,0.6114342212677002,0.6879178285598755,-0.05620882287621498,0.5977144241333008,0.5951277017593384,-0.08152148872613907,0.5700594782829285,0.5209419131278992,-0.10123637318611145,0.5587074160575867,0.4427180290222168,-0.12001937627792358,0.4908999502658844,0.505301833152771,-0.04872753471136093,0.4420122802257538,0.3969725966453552,-0.07977613806724548,0.40573611855506897,0.3323097229003906,-0.10538173466920853,0.37276673316955566,0.2756580412387848,-0.12469102442264557,0.45376914739608765,0.5413286685943604,-0.04111729562282562,0.3942823112010956,0.44676902890205383,-0.06874222308397293,0.3466566205024719,0.3925754725933075,-0.0951261892914772,0.30545496940612793,0.34593504667282104,-0.11443863064050674,0.43659842014312744,0.5946282744407654,-0.03911640867590904,0.3764728307723999,0.5243188142776489,-0.0664064958691597,0.3333083987236023,0.480228990316391,-0.08843391388654709,0.2992308735847473,0.4371281862258911,-0.10402127355337143,0.43354639410972595,0.6635770797729492,-0.04236709326505661,0.38396623730659485,0.635916531085968,-0.06859008967876434,0.35339030623435974,0.6106593012809753,-0.08313709497451782,0.32890570163726807,0.5805703401565552,-0.09254784137010574,P
0.6007328033447266,0.7777345180511475,6.264050398385734e-07,0.6180208921432495,0.6926875114440918,-0.059178322553634644,0.6036896705627441,0.598400354385376,-0.08536678552627563,0.5740112662315369,0.5262967348098755,-0.10525024682283401,0.5629563331604004,0.4476636052131653,-0.12427344173192978,0.4968513250350952,0.514070987701416,-0.051912762224674225,0.44781842827796936,0.40679824352264404,-0.08359391987323761,0.41080668568611145,0.340914249420166,-0.10993808507919312,0.37747976183891296,0.2839967608451843,-0.129620760679245,0.46134957671165466,0.5493820905685425,-0.042104821652173996,0.4030185341835022,0.4559430181980133,-0.06953740864992142,0.3543313145637512,0.4016868472099304,-0.09559880942106247,0.3116413950920105,0.3559999167919159,-0.11486320197582245,0.444959431886673,0.6012821197509766,-0.03813549503684044,0.38636916875839233,0.531222939491272,-0.06449349224567413,0.3428689241409302,0.48843246698379517,-0.08617264777421951,0.30724453926086426,0.447976291179657,-0.10181411355733871,0.44131332635879517,0.6691390872001648,-0.03976540267467499,0.39270439743995667,0.6416267156600952,-0.06494249403476715,0.36115196347236633,0.6165598630905151,-0.07970346510410309,0.33470964431762695,0.5872500538825989,-0.08961223810911179,P
0.6019260883331299,0.7808842658996582,6.612881975343043e-07,0.6196193695068359,0.6969571113586426,-0.06337685883045197,0.6076321601867676,0.6001456379890442,-0.09133467823266983,0.5760997533798218,0.5279879570007324,-0.11204509437084198,0.5623889565467834,0.44874197244644165,-0.13165266811847687,0.49932265281677246,0.5170868635177612,-0.05477713793516159,0.44942036271095276,0.4102177619934082,-0.08706323802471161,0.4119880795478821,0.3442804515361786,-0.1141030415892601,0.3787725865840912,0.28700101375579834,-0.13407978415489197,0.46368852257728577,0.5526255369186401,-0.042324259877204895,0.4046327471733093,0.4610159397125244,-0.06949828565120697,0.35518330335617065,0.40657109022140503,-0.09538869559764862,0.31220000982284546,0.3608115613460541,-0.11467936635017395,0.44760236144065857,0.6040310263633728,-0.03612276911735535,0.3895929455757141,0.5375377535820007,-0.06189539283514023,0.346460223197937,0.4961293935775757,-0.08316312730312347,0.31127455830574036,0.45744749903678894,-0.09864598512649536,0.4436548352241516,0.6714818477630615,-0.035962335765361786,0.3950654864311218,0.6461634635925293,-0.06066731736063957,0.3642350137233734,0.622688889503479,-0.0754128023982048,0.33840546011924744,0.5956845879554749,-0.0853469967842102,P
0.598450243473053,0.7806015014648438,6.551897513418226e-07,0.6153326034545898,0.6966785192489624,-0.061328716576099396,0.6043212413787842,0.6003085970878601,-0.08791548758745193,0.5725680589675903,0.5259358882904053,-0.10750230401754379,0.5582800507545471,0.44647425413131714,-0.12565894424915314,0.497128427028656,0.5163356065750122,-0.050601787865161896,0.4479276239871979,0.4097275733947754,-0.08087823539972305,0.4106385111808777,0.3452361226081848,-0.10589403659105301,0.37754133343696594,0.2892034947872162,-0.12426644563674927,0.46188393235206604,0.55137038230896,-0.03818702697753906,0.40369296073913574,0.4607408046722412,-0.06340236961841583,0.3551195561885834,0.4065256118774414,-0.08700400590896606,0.31326866149902344,0.3613055646419525,-0.1044434979557991,0.4462427794933319,0.60294109582901,-0.03200007975101471,0.3892291486263275,0.5389242172241211,-0.05616416782140732,0.3472931385040283,0.4990612268447876,-0.07495507597923279,0.3135824203491211,0.4616820812225342,-0.08851507306098938,0.44273287057876587,0.670211911201477,-0.03180624544620514,0.39558127522468567,0.646879255771637,-0.055345505475997925,0.365536093711853,0.624168336391449,-0.06856850534677505,0.3405194878578186,0.598236083984375,-0.07704810053110123,P
0.597075879573822,0.7730294466018677,6.696743639622582e-07,0.612610399723053,0.6872937083244324,-0.0631721019744873,0.6011898517608643,0.5917768478393555,-0.09040918946266174,0.5671948790550232,0.5201713442802429,-0.11045024544000626,0.5517276525497437,0.44014912843704224,-0.12923111021518707,0.49434950947761536,0.5101882219314575,-0.049671296030282974,0.444530725479126,0.4065069258213043,-0.07922852039337158,0.406852662563324,0.3435342311859131,-0.10464486479759216,0.374120831489563,0.28845474123954773,-0.1237500011920929,0.45989301800727844,0.5478265881538391,-0.036901019513607025,0.40095362067222595,0.45823654532432556,-0.06192832067608833,0.3522632420063019,0.4056437015533447,-0.0872093141078949,0.3108469843864441,0.36108431220054626,-0.10637234896421432,0.4446946382522583,0.6014450788497925,-0.03069009631872177,0.38735431432724,0.5369797348976135,-0.05542736500501633,0.3449898660182953,0.49823328852653503,-0.07689551264047623,0.31183236837387085,0.46115684509277344,-0.09278371185064316,0.44100433588027954,0.6702653765678406,-0.03050902672111988,0.39413321018218994,0.6472806334495544,-0.055197011679410934,0.3648575246334076,0.6250733137130737,-0.07042312622070312,0.3411121368408203,0.5983532667160034,-0.08085514605045319,P
0.5910953283309937,0.7682684063911438,7.104065957719286e-07,0.6059295535087585,0.6801980137825012,-0.06401513516902924,0.5935540795326233,0.5827797055244446,-0.08918244391679764,0.5603207945823669,0.5062682032585144,-0.10646828263998032,0.5445936918258667,0.42388272285461426,-0.12221528589725494,0.4880889654159546,0.5065639615058899,-0.04487404599785805,0.43937891721725464,0.40213772654533386,-0.07116194069385529,0.40257033705711365,0.3381686210632324,-0.09493441879749298,0.3705408573150635,0.28291115164756775,-0.11274895817041397,0.4541533291339874,0.544799268245697,-0.02946663461625576,0.39656147360801697,0.4551945924758911,-0.05015040934085846,0.3483625054359436,0.40246811509132385,-0.07272882759571075,0.3080095946788788,0.3598899841308594,-0.08994995802640915,0.439332515001297,0.5990180969238281,-0.02105230838060379,0.3832494616508484,0.5355820059776306,-0.04210120067000389,0.34079092741012573,0.49668702483177185,-0.06223873049020767,0.3075709939002991,0.45993131399154663,-0.07737831026315689,0.4354998767375946,0.6674652695655823,-0.018924696370959282,0.3907914161682129,0.6469573974609375,-0.04116152599453926,0.36171969771385193,0.6261035799980164,-0.055585090070962906,0.33815938234329224,0.5999422073364258,-0.06546427309513092,P
0.5831218957901001,0.7717841267585754,6.507012244583166e-07,0.5991480946540833,0.6785393357276917,-0.05621601641178131,0.5828786492347717,0.5759028196334839,-0.07762490212917328,0.5463776588439941,0.4948517978191376,-0.09219177812337875,0.5337867736816406,0.4105191230773926,-0.1053321436047554,0.4816179573535919,0.5068476796150208,-0.040946897119283676,0.43139588832855225,0.4022648334503174,-0.06676370650529861,0.39341849088668823,0.33928313851356506,-0.08824475854635239,0.361154705286026,0.28503620624542236,-0.10402672737836838,0.4462348520755768,0.5458552837371826,-0.02892044559121132,0.38877415657043457,0.4578120708465576,-0.0491873100399971,0.3424118757247925,0.4057686924934387,-0.06822151690721512,0.30395907163619995,0.3630791902542114,-0.08221055567264557,0.43122953176498413,0.6006524562835693,-0.023176569491624832,0.3755573034286499,0.5358495712280273,-0.043785080313682556,0.33482635021209717,0.497871458530426,-0.059363145381212234,0.30191707611083984,0.4607718288898468,-0.07087602466344833,0.42786264419555664,0.6693187355995178,-0.023059794679284096,0.38337987661361694,0.6494491100311279,-0.044797513633966446,0.35606664419174194,0.6294103264808655,-0.05586616322398186,0.3335058093070984,0.6037641763687134,-0.06257936358451843,P
0.5740358233451843,0.7698788046836853,6.35340995813749e-07,0.5888041257858276,0.6726104617118835,-0.05123617500066757,0.5718368887901306,0.5679996609687805,-0.07082022726535797,0.5345854759216309,0.4848480224609375,-0.08469526469707489,0.5199506282806396,0.4014222323894501,-0.09738559275865555,0.4695862829685211,0.5060117244720459,-0.03672599792480469,0.4190673828125,0.4040584862232208,-0.06198335811495781,0.3818505108356476,0.34297382831573486,-0.08263504505157471,0.35051649808883667,0.2893465459346771,-0.09786884486675262,0.4350671172142029,0.5471868515014648,-0.02769147790968418,0.377053439617157,0.46166834235191345,-0.048152364790439606,0.3326123356819153,0.4098301827907562,-0.06674931943416595,0.29640233516693115,0.36623048782348633,-0.08037342131137848,0.42116397619247437,0.6040229797363281,-0.024697940796613693,0.3638520836830139,0.5418900847434998,-0.04632885381579399,0.3235567808151245,0.5055793523788452,-0.06133779510855675,0.2914268970489502,0.4675414264202118,-0.07229655236005783,0.4188581109046936,0.6740602850914001,-0.026821546256542206,0.3723355531692505,0.6565452218055725,-0.04988965392112732,0.34522104263305664,0.6376503705978394,-0.060736317187547684,0.32364219427108765,0.6115925312042236,-0.06702666729688644,P
0.5658531188964844,0.7711310386657715,6.612632432734245e-07,0.5780751705169678,0.6714067459106445,-0.051605161279439926,0.5597809553146362,0.5649358630180359,-0.06975399702787399,0.5220819115638733,0.4785033166408539,-0.08189243823289871,0.5051631331443787,0.3940344452857971,-0.09271467477083206,0.45769891142845154,0.5078909397125244,-0.03182174637913704,0.4068438410758972,0.40638267993927,-0.05436711013317108,0.36935004591941833,0.34622636437416077,-0.07421592622995377,0.3371635973453522,0.2929806411266327,-0.08907456696033478,0.42444366216659546,0.5507928729057312,-0.02116316556930542,0.3667577803134918,0.4673534333705902,-0.03849194198846817,0.32269030809402466,0.41557568311691284,-0.05658276751637459,0.2868584394454956,0.37214168906211853,-0.0703057125210762,0.41113805770874023,0.608610212802887,-0.016804486513137817,0.3542482554912567,0.5487552285194397,-0.03570587560534477,0.3140617907047272,0.5121841430664062,-0.05055969953536987,0.2821497619152069,0.47378602623939514,-0.0618608184158802,0.40848463773727417,0.6789090633392334,-0.017698492854833603,0.3629331886768341,0.6627939939498901,-0.03867095708847046,0.3359307646751404,0.644052267074585,-0.04901957884430885,0.31492698192596436,0.6173307299613953,-0.05526155233383179,P
0.5537779331207275,0.7711686491966248,6.733208124387602e-07,0.564475417137146,0.6677265167236328,-0.04993763938546181,0.5458277463912964,0.562168538570404,-0.06766776740550995,0.5073196887969971,0.4753054976463318,-0.0800081267952919,0.48832833766937256,0.3905615210533142,-0.09098807722330093,0.44365012645721436,0.508782148361206,-0.026854639872908592,0.39324015378952026,0.40813499689102173,-0.048279017210006714,0.3565325140953064,0.3492097854614258,-0.06781782954931259,0.32474029064178467,0.2975919842720032,-0.08248370885848999,0.41148120164871216,0.5525433421134949,-0.01705896109342575,0.35458528995513916,0.4707275927066803,-0.033586807548999786,0.31105881929397583,0.4202119708061218,-0.05176262930035591,0.27534621953964233,0.37790268659591675,-0.06556981056928635,0.39868873357772827,0.6108433604240417,-0.013678785413503647,0.3424847722053528,0.55247563123703,-0.032048508524894714,0.30303603410720825,0.5163094997406006,-0.04649921506643295,0.2718285918235779,0.47797319293022156,-0.0574871189892292,0.3964814841747284,0.6814993619918823,-0.015470396727323532,0.3511652946472168,0.6671273112297058,-0.03591896966099739,0.32488852739334106,0.648624837398529,-0.04556650668382645,0.3048495650291443,0.62229323387146,-0.051210008561611176,P
0.5462933778762817,0.7684218883514404,7.0056563572507e-07,0.5542206168174744,0.6643142700195312,-0.049599722027778625,0.5342555642127991,0.5594767928123474,-0.06596855819225311,0.4949207901954651,0.4729574918746948,-0.07706986367702484,0.4740802049636841,0.3881937861442566,-0.08675754815340042,0.43413209915161133,0.5091736316680908,-0.020334411412477493,0.38268008828163147,0.4082009196281433,-0.03844180330634117,0.3453844487667084,0.3497408330440521,-0.05666319653391838,0.3132909834384918,0.2991649806499481,-0.07057057321071625,0.4029931426048279,0.5542129874229431,-0.009249800816178322,0.34502696990966797,0.4729997515678406,-0.022118665277957916,0.30052801966667175,0.4225849509239197,-0.03957920894026756,0.2650977075099945,0.3820502758026123,-0.053232137113809586,0.39039310812950134,0.6128920316696167,-0.004889160394668579,0.3325766324996948,0.5559544563293457,-0.01969693787395954,0.2933720350265503,0.5201085805892944,-0.034111302345991135,0.26324906945228577,0.48343372344970703,-0.045569270849227905,0.38846439123153687,0.6828901767730713,-0.005870824214071035,0.34393012523651123,0.6689463257789612,-0.02361639402806759,0.31718355417251587,0.6517374515533447,-0.03319445624947548,0.2969241142272949,0.6266934275627136,-0.039199259132146835,P
0.5396626591682434,0.7687463760375977,7.341437822105945e-07,0.5459961891174316,0.6656681895256042,-0.053210243582725525,0.5253013372421265,0.5588440895080566,-0.0702759250998497,0.4856892228126526,0.4723116457462311,-0.08121605217456818,0.46371546387672424,0.3871525228023529,-0.09051377326250076,0.42573457956314087,0.5090101957321167,-0.020886175334453583,0.3731861412525177,0.40873482823371887,-0.037695664912462234,0.3357729911804199,0.350314199924469,-0.055846672505140305,0.303182452917099,0.29957014322280884,-0.06985895335674286,0.39524537324905396,0.5549596548080444,-0.0075161149725317955,0.33754029870033264,0.4751472771167755,-0.01828543283045292,0.2923681139945984,0.4246203899383545,-0.03528410568833351,0.2567216157913208,0.38436198234558105,-0.04883527010679245,0.38293978571891785,0.6141959428787231,-0.0011897343210875988,0.32655733823776245,0.557713508605957,-0.013578703626990318,0.2873559594154358,0.5221382975578308,-0.026690209284424782,0.2562960982322693,0.4850771427154541,-0.03759929537773132,0.381242036819458,0.6841864585876465,-0.000762870826292783,0.3379397988319397,0.6691704392433167,-0.016451507806777954,0.311684787273407,0.6523017883300781,-0.024569176137447357,0.2912510633468628,0.6271784901618958,-0.02970309369266033,P
0.5359095335006714,0.7673308849334717,7.840524745006405e-07,0.5405404567718506,0.6644532084465027,-0.05661075934767723,0.5185661911964417,0.5581343173980713,-0.0731206089258194,0.47873106598854065,0.4713042080402374,-0.08267347514629364,0.45677483081817627,0.38451361656188965,-0.09048305451869965,0.4193841516971588,0.5088144540786743,-0.016375556588172913,0.36618730425834656,0.4084681272506714,-0.029493140056729317,0.3282533288002014,0.350433349609375,-0.04679013043642044,0.29523617029190063,0.2999631464481354,-0.06068525090813637,0.3897292912006378,0.5550678372383118,9.676757326815277e-05,0.33017486333847046,0.475432425737381,-0.006658039055764675,0.28378158807754517,0.42444849014282227,-0.024097029119729996,0.2483340948820114,0.384357750415802,-0.03861183673143387,0.37718626856803894,0.6145843267440796,0.008966129273176193,0.3195939362049103,0.5579895973205566,-9.039587166626006e-05,0.2800901532173157,0.5223529934883118,-0.014713377691805363,0.24933868646621704,0.4845963716506958,-0.027301358059048653,0.3745899796485901,0.6842978000640869,0.011521232314407825,0.3312448263168335,0.669123649597168,-0.0020423666574060917,0.30540794134140015,0.6524541974067688,-0.011061783879995346,0.2857741117477417,0.6261779069900513,-0.017407679930329323,P
0.5313660502433777,0.7690870761871338,7.994535167199501e-07,0.5354943871498108,0.6666322350502014,-0.0585651658475399,0.513496458530426,0.5586837530136108,-0.0749405175447464,0.4735044836997986,0.4723097085952759,-0.08399470150470734,0.4504677355289459,0.3854070007801056,-0.09128619730472565,0.41355669498443604,0.507362961769104,-0.013415470719337463,0.3612369894981384,0.4058089554309845,-0.024772895500063896,0.32392528653144836,0.3480335474014282,-0.042171984910964966,0.2904701828956604,0.2975507974624634,-0.05643003061413765,0.38500815629959106,0.5528751611709595,0.004817246459424496,0.3264659345149994,0.4721441864967346,0.0004998139920644462,0.27944496273994446,0.42318999767303467,-0.016694067046046257,0.24335700273513794,0.3856579065322876,-0.031245194375514984,0.37270766496658325,0.611997127532959,0.015123844146728516,0.3166888356208801,0.5571190118789673,0.009396213106811047,0.27643442153930664,0.5214702486991882,-0.004451178014278412,0.2441323846578598,0.4834076166152954,-0.01705525442957878,0.37046822905540466,0.6826416254043579,0.01865227520465851,0.32847172021865845,0.6673201322555542,0.008372158743441105,0.3026037812232971,0.651336133480072,0.0008353730081580579,0.2820347845554352,0.6270995140075684,-0.004950219299644232,P
0.5310715436935425,0.7717843055725098,6.685781954729464e-07,0.5340848565101624,0.6696787476539612,-0.05130218714475632,0.5098826289176941,0.5606116652488708,-0.06650692969560623,0.4693319499492645,0.4715260863304138,-0.075966976583004,0.4471655786037445,0.38649484515190125,-0.08377733081579208,0.4114416837692261,0.5092083215713501,-0.02005610056221485,0.35917213559150696,0.40743905305862427,-0.0389024019241333,0.3215411305427551,0.3489633798599243,-0.057948607951402664,0.28879475593566895,0.2978222966194153,-0.07243260741233826,0.38184720277786255,0.5540539622306824,-0.008134778589010239,0.3237491846084595,0.47131675481796265,-0.022101599723100662,0.2778702974319458,0.4223088026046753,-0.040333133190870285,0.2406466007232666,0.38174474239349365,-0.05419909209012985,0.37083306908607483,0.6130563616752625,-0.003245915286242962,0.31422674655914307,0.5578449368476868,-0.01925816386938095,0.27436429262161255,0.5227221846580505,-0.034030236303806305,0.24181808531284332,0.483692467212677,-0.045352913439273834,0.3703398108482361,0.6845348477363586,-0.004009522497653961,0.3271206021308899,0.6693682074546814,-0.022779621183872223,0.3005126118659973,0.6525907516479492,-0.032387323677539825,0.27847081422805786,0.6265061497688293,-0.03817211464047432,P
0.5286800265312195,0.7717141509056091,7.050151111798186e-07,0.5317907333374023,0.6708382964134216,-0.054415374994277954,0.5084881782531738,0.5618988275527954,-0.07112529873847961,0.4674570858478546,0.47442927956581116,-0.08164180815219879,0.4441053867340088,0.38933995366096497,-0.0905647873878479,0.4096136689186096,0.5091087222099304,-0.02141091786324978,0.3566504716873169,0.4064858555793762,-0.03963416814804077,0.3180903196334839,0.3482934534549713,-0.0588386170566082,0.2846953868865967,0.29778414964675903,-0.07353479415178299,0.38011839985847473,0.5542470812797546,-0.007801802363246679,0.32105910778045654,0.47163110971450806,-0.02071279101073742,0.2740030884742737,0.42330095171928406,-0.03943955898284912,0.23644717037677765,0.38394853472709656,-0.05398641526699066,0.36844414472579956,0.6132239699363708,-0.0014406295958906412,0.3113093674182892,0.5584971904754639,-0.015814322978258133,0.27029892802238464,0.5243025422096252,-0.030917122960090637,0.23754051327705383,0.48707571625709534,-0.042985595762729645,0.3667677640914917,0.6848808526992798,-0.001083527342416346,0.32388782501220703,0.6698876619338989,-0.018122125416994095,0.2974213659763336,0.6536217331886292,-0.02747706137597561,0.27608203887939453,0.6286156177520752,-0.03354962542653084,P
0.5267947912216187,0.7706431150436401,7.468179887837323e-07,0.5297402143478394,0.6707426905632019,-0.05921391770243645,0.5061784982681274,0.5621970891952515,-0.07684598863124847,0.46503499150276184,0.47676312923431396,-0.0874827653169632,0.4400567412376404,0.39104172587394714,-0.09655730426311493,0.40865278244018555,0.5078699588775635,-0.019396943971514702,0.3545364439487457,0.40501293540000916,-0.03442459926009178,0.3159236013889313,0.34738242626190186,-0.053755421191453934,0.2817917466163635,0.2965163290500641,-0.06948690116405487,0.38028308749198914,0.554060697555542,-0.0029224364552646875,0.3208993971347809,0.47172117233276367,-0.012559812515974045,0.2725164294242859,0.423366516828537,-0.033191025257110596,0.23441070318222046,0.3844621777534485,-0.050373803824186325,0.36831149458885193,0.6136668920516968,0.005765147041529417,0.31166374683380127,0.5571146607398987,-0.0054471250623464584,0.2702218294143677,0.5226742029190063,-0.023063762113451958,0.2367948442697525,0.48529648780822754,-0.038163378834724426,0.36573392152786255,0.6848916411399841,0.007890112698078156,0.32211583852767944,0.6680106520652771,-0.007010332774370909,0.2958771288394928,0.6515184044837952,-0.017753155902028084,0.2749477028846741,0.6260807514190674,-0.026031693443655968,P
0.5250840187072754,0.771159827709198,7.376915505119541e-07,0.528324544429779,0.6700178384780884,-0.058440178632736206,0.5053220391273499,0.5622496008872986,-0.07622285187244415,0.4627724289894104,0.47725313901901245,-0.08711832761764526,0.43841633200645447,0.3912057876586914,-0.09634321928024292,0.40709957480430603,0.5068764686584473,-0.019465429708361626,0.35262611508369446,0.4044542610645294,-0.03489314764738083,0.31420403718948364,0.3468185365200043,-0.05388931185007095,0.2801530957221985,0.2961786091327667,-0.06907320767641068,0.37818196415901184,0.5537653565406799,-0.003166821086779237,0.3186263144016266,0.47132444381713867,-0.0127412723377347,0.27090609073638916,0.42252111434936523,-0.03205415606498718,0.23298977315425873,0.38334041833877563,-0.04785880818963051,0.36657655239105225,0.6134811639785767,0.00542996171861887,0.30905377864837646,0.5559583902359009,-0.005704355891793966,0.268058717250824,0.5211919546127319,-0.021535813808441162,0.2344735711812973,0.48316144943237305,-0.03499004989862442,0.3652050197124481,0.6845967769622803,0.007499310653656721,0.32145440578460693,0.6670936346054077,-0.007207510061562061,0.2948446571826935,0.6496835350990295,-0.01677115634083748,0.2731606960296631,0.6236979365348816,-0.023755861446261406,P
0.5236507058143616,0.7714300751686096,7.167874400693108e-07,0.5270506739616394,0.6706043481826782,-0.05788537114858627,0.5038607120513916,0.5627882480621338,-0.07515817880630493,0.4608466625213623,0.4773823618888855,-0.08543522655963898,0.4363381564617157,0.3909064531326294,-0.0937994197010994,0.40539443492889404,0.5062443017959595,-0.018546568229794502,0.35082918405532837,0.4034246504306793,-0.03357741981744766,0.31314748525619507,0.3458489775657654,-0.05202391743659973,0.27972012758255005,0.29494601488113403,-0.06662384420633316,0.3761829137802124,0.5524195432662964,-0.0018415919039398432,0.31596168875694275,0.47012659907341003,-0.010711069218814373,0.26885318756103516,0.42183917760849,-0.028888026252388954,0.23166422545909882,0.3833933174610138,-0.043647415935993195,0.3648515045642853,0.6114478707313538,0.007227376103401184,0.307830810546875,0.5552298426628113,-0.0030524570029228926,0.26724857091903687,0.520000696182251,-0.01745745539665222,0.23403610289096832,0.4815825819969177,-0.029763411730527878,0.36459046602249146,0.6813886165618896,0.009782287292182446,0.32177624106407166,0.6629849076271057,-0.003908343613147736,0.2960931658744812,0.6451939344406128,-0.012157756835222244,0.27512648701667786,0.6202569007873535,-0.017987338826060295,P
0.623434841632843,1.046621322631836,7.145091558413696e-07,0.6574229001998901,1.0116477012634277,-0.05569574609398842,0.6478837132453918,0.9629859924316406,-0.08835650235414505,0.5769325494766235,0.9623774290084839,-0.11823110282421112,0.5145120620727539,0.958840548992157,-0.14725589752197266,0.6171166896820068,0.8004788160324097,-0.06453733891248703,0.5901986956596375,0.6693525314331055,-0.10779763013124466,0.5684657692909241,0.584438145160675,-0.13425487279891968,0.5474668145179749,0.5132589340209961,-0.1498127579689026,0.5676542520523071,0.8148731589317322,-0.06410925835371017,0.5141475796699524,0.701619029045105,-0.11455628275871277,0.4603445529937744,0.6402466297149658,-0.14334112405776978,0.41643834114074707,0.5955199599266052,-0.15349021553993225,0.5373921990394592,0.8632115125656128,-0.06835571676492691,0.491103857755661,0.8487499952316284,-0.12786878645420074,0.5101946592330933,0.9093869924545288,-0.14195431768894196,0.5332386493682861,0.9506195187568665,-0.13251811265945435,0.5195713043212891,0.9291040897369385,-0.07649041712284088,0.48964357376098633,0.9313182830810547,-0.12128351628780365,0.5016900300979614,0.9586911797523499,-0.12495771795511246,0.5215756893157959,0.9795182347297668,-0.1146179586648941,S
0.6208386421203613,1.0520719289779663,8.327945124619873e-07,0.6533054709434509,1.0176937580108643,-0.06032060086727142,0.64488685131073,0.9704728722572327,-0.09149328619241714,0.5730023384094238,0.9654428958892822,-0.11737675219774246,0.51454758644104,0.9495200514793396,-0.1407407969236374,0.6178070306777954,0.8023436665534973,-0.065998375415802,0.5912286639213562,0.6691341400146484,-0.10903918743133545,0.5712929964065552,0.5813923478126526,-0.13344702124595642,0.5497633814811707,0.5093062520027161,-0.14644037187099457,0.5688191652297974,0.8149033188819885,-0.059231650084257126,0.5140758752822876,0.7028387784957886,-0.10745938867330551,0.46099960803985596,0.6408345103263855,-0.13412541151046753,0.41827577352523804,0.5892183780670166,-0.1430215984582901,0.5404248237609863,0.8596947193145752,-0.057491131126880646,0.4964292645454407,0.8547198176383972,-0.11643141508102417,0.5119047164916992,0.9122720956802368,-0.1302088350057602,0.5337907671928406,0.9479551911354065,-0.12013442814350128,0.5244542360305786,0.9188411235809326,-0.059870678931474686,0.4970422387123108,0.927318274974823,-0.10441765934228897,0.5081307888031006,0.9569823145866394,-0.10879811644554138,0.5271004438400269,0.9754387140274048,-0.09840408712625504,S
0.6267510056495667,1.048811435699463,7.958196874824353e-07,0.65613853931427,1.0153497457504272,-0.05913166329264641,0.6457650661468506,0.9681708812713623,-0.09075374156236649,0.5736441612243652,0.9642514586448669,-0.11779538542032242,0.514815092086792,0.9484720230102539,-0.14237087965011597,0.6170657873153687,0.8000257015228271,-0.06487485766410828,0.5893277525901794,0.668465793132782,-0.10789822787046432,0.5708456635475159,0.581818699836731,-0.13315628468990326,0.5507254004478455,0.5092318058013916,-0.14712612330913544,0.5705118775367737,0.8127292394638062,-0.05950017273426056,0.5173611044883728,0.7010801434516907,-0.10912150889635086,0.4621366262435913,0.6412187218666077,-0.13751105964183807,0.4170594811439514,0.5920312404632568,-0.14773909747600555,0.543503999710083,0.8577265739440918,-0.05896059423685074,0.4968188405036926,0.8503624200820923,-0.11831571161746979,0.5107682943344116,0.9091550707817078,-0.13247832655906677,0.5323517322540283,0.947472333908081,-0.12289294600486755,0.5281252264976501,0.9176679849624634,-0.06249185651540756,0.4976019561290741,0.9224292039871216,-0.1064053550362587,0.5074859857559204,0.9525536894798279,-0.1102050244808197,0.5264673233032227,0.9731472134590149,-0.09983785450458527,S
0.628751277923584,1.0458637475967407,8.439338330390456e-07,0.6571469306945801,1.011776089668274,-0.0592772476375103,0.6447376608848572,0.9663424491882324,-0.09149807691574097,0.5711279511451721,0.9643826484680176,-0.11895585805177689,0.5123035311698914,0.9489468336105347,-0.1439497321844101,0.616273820400238,0.7976287603378296,-0.06653744727373123,0.587946355342865,0.6653304100036621,-0.11035939306020737,0.5691617727279663,0.5779959559440613,-0.1361844837665558,0.5489806532859802,0.5058053731918335,-0.15039342641830444,0.5694921016693115,0.8122764825820923,-0.061131175607442856,0.5178490877151489,0.7022413611412048,-0.11060183495283127,0.46330636739730835,0.6408529877662659,-0.1384773552417755,0.41852694749832153,0.5898293256759644,-0.1486804336309433,0.5427653789520264,0.8585344552993774,-0.06060038506984711,0.49728086590766907,0.8523491621017456,-0.11978571861982346,0.5125039219856262,0.9096526503562927,-0.13293908536434174,0.5345596075057983,0.9460668563842773,-0.12294982373714447,0.5279214978218079,0.9192118048667908,-0.06421368569135666,0.4991384744644165,0.9255257844924927,-0.10861970484256744,0.5103537440299988,0.9545621871948242,-0.11218632012605667,0.5297040939331055,0.9731545448303223,-0.10157305747270584,S
0.6263559460639954,1.0512322187423706,8.44680187128688e-07,0.6565424203872681,1.0152552127838135,-0.057888299226760864,0.6456869840621948,0.9666386842727661,-0.0892043486237526,0.5720441341400146,0.9637317657470703,-0.11608433723449707,0.512479305267334,0.9510803818702698,-0.14066939055919647,0.6176939606666565,0.8005272746086121,-0.06408552080392838,0.5898351669311523,0.6675747036933899,-0.10732997953891754,0.5703004598617554,0.58042973279953,-0.13279759883880615,0.5503791570663452,0.5083433389663696,-0.14677582681179047,0.5700259208679199,0.8155365586280823,-0.058983221650123596,0.5184636116027832,0.7042324542999268,-0.10743387043476105,0.465181827545166,0.6414350867271423,-0.13531848788261414,0.4219326376914978,0.5889931917190552,-0.14593100547790527,0.5428537726402283,0.8616597056388855,-0.058604344725608826,0.49803802371025085,0.8515482544898987,-0.11700509488582611,0.5135699510574341,0.9083566069602966,-0.1300719976425171,0.5356257557868958,0.945807695388794,-0.12031981348991394,0.5275301933288574,0.9223869442939758,-0.062200989574193954,0.4999893307685852,0.9261879324913025,-0.10591306537389755,0.5116674304008484,0.9545936584472656,-0.10919398069381714,0.5307759046554565,0.9732411503791809,-0.0985720306634903,S
0.6226156949996948,1.055017113685608,8.302354785882926e-07,0.6540769338607788,1.0199302434921265,-0.0617644377052784,0.6442669034004211,0.9697021842002869,-0.0935686007142067,0.5696873664855957,0.9637095332145691,-0.11989529430866241,0.5103260278701782,0.9499344229698181,-0.14360041916370392,0.6184353828430176,0.8018853068351746,-0.06665164232254028,0.5893407464027405,0.6682543754577637,-0.10977116972208023,0.5706362128257751,0.5805578231811523,-0.13478460907936096,0.5510454177856445,0.5075391530990601,-0.14824776351451874,0.5709242820739746,0.8149582147598267,-0.05919209122657776,0.5184046626091003,0.7033953666687012,-0.10824381560087204,0.4635680615901947,0.6420435905456543,-0.1354239135980606,0.4194052815437317,0.5919622778892517,-0.1446467489004135,0.5431593060493469,0.8598795533180237,-0.05685417354106903,0.49903663992881775,0.8533669114112854,-0.11598121374845505,0.5139800906181335,0.9127373695373535,-0.1291017234325409,0.5358186960220337,0.95115065574646,-0.11848486214876175,0.5271995663642883,0.9186522960662842,-0.05883771553635597,0.5004516243934631,0.9236818552017212,-0.10259357839822769,0.5114131569862366,0.954934298992157,-0.10581159591674805,0.5298779606819153,0.9759388566017151,-0.09470988065004349,S
0.6226089596748352,1.057655692100525,7.777029509270506e-07,0.654539942741394,1.022831678390503,-0.06024842709302902,0.6463494300842285,0.9708887338638306,-0.09104379266500473,0.5732530951499939,0.9640271663665771,-0.11679204553365707,0.514626681804657,0.9499678611755371,-0.1397886872291565,0.6191288828849792,0.8043991923332214,-0.06422001868486404,0.5897789597511292,0.6691094040870667,-0.10606787353754044,0.5710310935974121,0.5816006064414978,-0.13043971359729767,0.5513651371002197,0.5082554817199707,-0.1437777280807495,0.5721167922019958,0.8161754608154297,-0.057661160826683044,0.5190291404724121,0.702960729598999,-0.10662978142499924,0.46361449360847473,0.642444372177124,-0.13450714945793152,0.41858065128326416,0.5939221978187561,-0.14410871267318726,0.5441770553588867,0.8601541519165039,-0.056038305163383484,0.4998466670513153,0.8522366285324097,-0.11420176923274994,0.5145004391670227,0.9114218950271606,-0.12792560458183289,0.5354495644569397,0.9509356021881104,-0.1180485263466835,0.528224527835846,0.9187197089195251,-0.05872426927089691,0.4994730055332184,0.9231709837913513,-0.10162533819675446,0.5094537138938904,0.954224169254303,-0.10519328713417053,0.526797354221344,0.9759975075721741,-0.09470723569393158,S
0.6209953427314758,1.0634236335754395,7.592616384499706e-07,0.6542671918869019,1.027608871459961,-0.060145508497953415,0.6475718021392822,0.97309809923172,-0.09002050757408142,0.5758733153343201,0.9651684761047363,-0.11497587710618973,0.5170374512672424,0.9518285989761353,-0.13729950785636902,0.6186008453369141,0.8051403164863586,-0.061912406235933304,0.5898388624191284,0.670412540435791,-0.10307910293340683,0.5708029270172119,0.5828455686569214,-0.1272684633731842,0.5511211156845093,0.5098135471343994,-0.14045552909374237,0.5718299150466919,0.8171661496162415,-0.05532051995396614,0.517888069152832,0.7033371925354004,-0.10323328524827957,0.462971031665802,0.642560601234436,-0.13123387098312378,0.41869837045669556,0.594944953918457,-0.1409924328327179,0.5442628264427185,0.8617342710494995,-0.0538436584174633,0.49997493624687195,0.8526527285575867,-0.11176472902297974,0.515238344669342,0.9115442037582397,-0.1268315464258194,0.5370063781738281,0.9516353607177734,-0.11780983209609985,0.5281214118003845,0.9216228723526001,-0.05662291869521141,0.49852973222732544,0.9246301054954529,-0.09953781217336655,0.507875919342041,0.9549623727798462,-0.1040419265627861,0.5250221490859985,0.9767624735832214,-0.09430661052465439,S
0.6210114359855652,1.064361333847046,7.338687737501459e-07,0.6525137424468994,1.0286952257156372,-0.06064678356051445,0.6465966105461121,0.9741517901420593,-0.09069395065307617,0.5766197443008423,0.9649475812911987,-0.11562252044677734,0.5171608328819275,0.9489805698394775,-0.13791164755821228,0.6199125051498413,0.8064979910850525,-0.06316712498664856,0.590765655040741,0.6709839105606079,-0.1041608527302742,0.5719501972198486,0.5833735466003418,-0.12806537747383118,0.5523307919502258,0.5097310543060303,-0.14115534722805023,0.5738351345062256,0.8177481889724731,-0.05619758740067482,0.5191922187805176,0.7039670348167419,-0.10365254431962967,0.4638741910457611,0.6432428359985352,-0.1317342072725296,0.4192439913749695,0.595585823059082,-0.1417921632528305,0.5458409190177917,0.8605942130088806,-0.05433151498436928,0.5013860464096069,0.8544929027557373,-0.11197264492511749,0.5138574242591858,0.9113207459449768,-0.12844273447990417,0.5330933332443237,0.9499238729476929,-0.12079034000635147,0.5293616056442261,0.9175891280174255,-0.056733813136816025,0.5002309083938599,0.9254230260848999,-0.10001463443040848,0.5092132091522217,0.956805408000946,-0.1058075875043869,0.5255427360534668,0.9793082475662231,-0.09715934097766876,S
0.6239842772483826,1.0659840106964111,7.268212698363641e-07,0.6548160314559937,1.0278347730636597,-0.05915909633040428,0.6478602290153503,0.9723999500274658,-0.08867952972650528,0.5764262080192566,0.966632604598999,-0.1139172911643982,0.516483724117279,0.9520251750946045,-0.13663314282894135,0.6184571385383606,0.8032668828964233,-0.05848149582743645,0.5897595882415771,0.6698948740959167,-0.0985281839966774,0.5705694556236267,0.5836337804794312,-0.12247884273529053,0.5508095026016235,0.5106874108314514,-0.13584095239639282,0.572799563407898,0.8174682855606079,-0.05294734612107277,0.5184997320175171,0.7032837867736816,-0.1003745049238205,0.4627908170223236,0.6438499689102173,-0.1290523111820221,0.41775763034820557,0.5982738733291626,-0.139332577586174,0.5455774068832397,0.8629209995269775,-0.052731625735759735,0.500648021697998,0.8510436415672302,-0.11098068207502365,0.5149513483047485,0.9097514152526855,-0.12789607048034668,0.5351665616035461,0.9505005478858948,-0.12012995034456253,0.5294252634048462,0.922697126865387,-0.05665770545601845,0.49946895241737366,0.9255781769752502,-0.10012971609830856,0.5082753896713257,0.9567013382911682,-0.10600627958774567,0.5244380235671997,0.9790524840354919,-0.0973581075668335,S
0.6236848831176758,1.0749592781066895,7.403424433505279e-07,0.6543269157409668,1.034016489982605,-0.05822676792740822,0.6470130085945129,0.97496098279953,-0.08635425567626953,0.5765324831008911,0.9666855335235596,-0.11006313562393188,0.5167620778083801,0.9528242349624634,-0.13122662901878357,0.6184465289115906,0.8083375692367554,-0.057152148336172104,0.5903939008712769,0.6731981039047241,-0.09652122110128403,0.5716145634651184,0.5857378244400024,-0.11994569003582001,0.552345871925354,0.511785089969635,-0.13280220329761505,0.5728166103363037,0.8225830793380737,-0.05122072622179985,0.518750786781311,0.7066493630409241,-0.09759660810232162,0.4637978971004486,0.6450108885765076,-0.1261448711156845,0.4195297658443451,0.5976818203926086,-0.13643400371074677,0.5450619459152222,0.867717444896698,-0.050407569855451584,0.5006551742553711,0.8558856248855591,-0.10778360813856125,0.5142247080802917,0.913345992565155,-0.12498447299003601,0.5336338877677917,0.9535937309265137,-0.11747054755687714,0.5284079313278198,0.9267479181289673,-0.053603872656822205,0.5002605319023132,0.9298558235168457,-0.09651563316583633,0.5085335969924927,0.960473358631134,-0.10247159004211426,0.5234624743461609,0.9828242659568787,-0.09384237974882126,S
0.6234990954399109,1.0810495615005493,7.282585556822596e-07,0.6550509333610535,1.0380375385284424,-0.05866988003253937,0.6476213932037354,0.977057933807373,-0.08671404421329498,0.5749586224555969,0.967811107635498,-0.11036614328622818,0.5131487846374512,0.9544224739074707,-0.13135795295238495,0.6195959448814392,0.8063260912895203,-0.05474090948700905,0.590397834777832,0.6730710864067078,-0.09424525499343872,0.5713969469070435,0.5863873958587646,-0.11800766736268997,0.5512493848800659,0.5129271745681763,-0.1314356029033661,0.5731931924819946,0.8232693672180176,-0.04916028305888176,0.5182695388793945,0.7074498534202576,-0.0955054834485054,0.46330130100250244,0.646416425704956,-0.1240612342953682,0.4182010591030121,0.5987256169319153,-0.13453339040279388,0.5456870198249817,0.8710725903511047,-0.04913267865777016,0.5012357234954834,0.8593314290046692,-0.10755261033773422,0.5156428813934326,0.9139746427536011,-0.12551872432231903,0.5353404879570007,0.9507646560668945,-0.11855877190828323,0.5297654867172241,0.9327926635742188,-0.053155481815338135,0.5021390318870544,0.9367742538452148,-0.0976300910115242,0.512107253074646,0.9676454067230225,-0.10444049537181854,0.5280864238739014,0.9893273115158081,-0.09637346118688583,S
0.6240372657775879,1.0807453393936157,7.366297722910531e-07,0.6550198793411255,1.0369610786437988,-0.05780382454395294,0.6476059556007385,0.973343014717102,-0.08480191975831985,0.5736935138702393,0.9663956761360168,-0.10789994150400162,0.510430097579956,0.9551963210105896,-0.12826143205165863,0.6162036061286926,0.803554117679596,-0.04900902882218361,0.5885293483734131,0.669937252998352,-0.08632092922925949,0.5701026916503906,0.5836235284805298,-0.10870000720024109,0.5507324934005737,0.5107721090316772,-0.12144659459590912,0.5700673460960388,0.8210777640342712,-0.043998535722494125,0.517447829246521,0.7053683996200562,-0.08978071808815002,0.46258240938186646,0.6467041969299316,-0.1181974709033966,0.41776755452156067,0.6029348373413086,-0.12815305590629578,0.5426745414733887,0.8692023158073425,-0.04484962671995163,0.4993555545806885,0.8539197444915771,-0.10398674011230469,0.5139910578727722,0.9120099544525146,-0.12269885092973709,0.5335450172424316,0.9517821073532104,-0.11562301218509674,0.5266616940498352,0.9310758113861084,-0.049652308225631714,0.5002122521400452,0.9345712065696716,-0.09549936652183533,0.5116367340087891,0.9672492742538452,-0.103517547249794,0.528951108455658,0.9899424910545349,-0.09584761410951614,S
0.6251814365386963,1.0832993984222412,7.370487082880572e-07,0.6561548113822937,1.0397976636886597,-0.05943753942847252,0.6494796276092529,0.9785110950469971,-0.0878695398569107,0.5768715739250183,0.9700513482093811,-0.11180351674556732,0.5134779810905457,0.9564799666404724,-0.1330493688583374,0.6178332567214966,0.8057167530059814,-0.05489175394177437,0.5881597399711609,0.6717673540115356,-0.09398102015256882,0.5687922835350037,0.5851871967315674,-0.11731133610010147,0.5487070083618164,0.511788010597229,-0.13028769195079803,0.5713258385658264,0.8231271505355835,-0.04899189993739128,0.5169018507003784,0.7068547606468201,-0.09417405724525452,0.46161767840385437,0.6455528736114502,-0.1218247264623642,0.417074978351593,0.5982139110565186,-0.13182157278060913,0.5435928702354431,0.8713873624801636,-0.04877498000860214,0.4992535710334778,0.8596543073654175,-0.10665688663721085,0.513715386390686,0.9153609871864319,-0.12417245656251907,0.5342378616333008,0.9527010917663574,-0.11697296053171158,0.527083694934845,0.9329577684402466,-0.052723322063684464,0.499054491519928,0.9375727772712708,-0.0972442626953125,0.5106481313705444,0.9689778089523315,-0.10395000129938126,0.52925044298172,0.9903561472892761,-0.09564968943595886,S
0.6208694577217102,1.0878580808639526,7.441996672241658e-07,0.6530464291572571,1.0418564081192017,-0.060461610555648804,0.6463467478752136,0.9774446487426758,-0.0882989764213562,0.5725720524787903,0.9689515233039856,-0.11135700345039368,0.5091403722763062,0.955388069152832,-0.13159336149692535,0.6173869371414185,0.806209146976471,-0.053499214351177216,0.5876491069793701,0.6720483899116516,-0.0919434204697609,0.5682764649391174,0.5850069522857666,-0.11493184417486191,0.5480037331581116,0.5114402770996094,-0.12785939872264862,0.5704610347747803,0.8237429261207581,-0.04690517857670784,0.5154794454574585,0.7076889276504517,-0.09178272634744644,0.4603496789932251,0.6451384425163269,-0.1194770410656929,0.4155846834182739,0.5969338417053223,-0.1295725405216217,0.5429429411888123,0.8723424077033997,-0.04630812257528305,0.49811121821403503,0.8594868183135986,-0.10456404834985733,0.5135205388069153,0.9156649112701416,-0.12258992344141006,0.5339309573173523,0.9527329206466675,-0.11556907743215561,0.5266738533973694,0.9345147609710693,-0.049905095249414444,0.4991949796676636,0.9381273984909058,-0.0949040949344635,0.5106217861175537,0.9695780873298645,-0.10221879929304123,0.5281171798706055,0.9904641509056091,-0.09436912089586258,S
0.6302356719970703,1.0834934711456299,7.207222552096937e-07,0.6548250913619995,1.038412094116211,-0.06008854880928993,0.6418300271034241,0.975310742855072,-0.08706183731555939,0.5676354169845581,0.9675400257110596,-0.10969653725624084,0.5054864287376404,0.9569634199142456,-0.12950067222118378,0.6158268451690674,0.8037213087081909,-0.04973285272717476,0.5866952538490295,0.6692663431167603,-0.0864766463637352,0.5676136612892151,0.5824395418167114,-0.10861748456954956,0.5479124784469604,0.5091917514801025,-0.12128329277038574,0.5704934000968933,0.82082200050354,-0.04300514981150627,0.515363335609436,0.7063496708869934,-0.08764473348855972,0.45930925011634827,0.647013783454895,-0.11538173258304596,0.4146789014339447,0.6014135479927063,-0.12531009316444397,0.543237566947937,0.8677405118942261,-0.04250127449631691,0.4970739781856537,0.8529801368713379,-0.10060424357652664,0.5094215869903564,0.9112509489059448,-0.11955206096172333,0.528403103351593,0.9504162073135376,-0.11300100386142731,0.5275202393531799,0.9269154667854309,-0.04627237841486931,0.49588096141815186,0.9300934672355652,-0.09120620042085648,0.5050275325775146,0.9636641144752502,-0.09945403784513474,0.5225371718406677,0.9870850443840027,-0.09229351580142975,S
0.6178061962127686,1.0959868431091309,7.524946568082669e-07,0.6498843431472778,1.0480033159255981,-0.06314793229103088,0.6425967216491699,0.9807500839233398,-0.09026213735342026,0.5698543190956116,0.969362735748291,-0.11181457340717316,0.5085018277168274,0.9517256617546082,-0.13032221794128418,0.6175401210784912,0.8098075985908508,-0.05353414639830589,0.5886149406433105,0.6737402677536011,-0.09052387624979019,0.5689510703086853,0.5855666995048523,-0.11278560012578964,0.5481752157211304,0.5126137733459473,-0.12522710859775543,0.5706595778465271,0.8255281448364258,-0.044326167553663254,0.5153865814208984,0.7093784809112549,-0.08791052550077438,0.4593961536884308,0.644804835319519,-0.11574147641658783,0.4142657220363617,0.5952883958816528,-0.12635394930839539,0.5420653820037842,0.8716710209846497,-0.04133280739188194,0.4981215000152588,0.8566177487373352,-0.09918830543756485,0.5103881359100342,0.915614902973175,-0.1184973493218422,0.5282676815986633,0.9563989043235779,-0.11240848153829575,0.5249233245849609,0.9298679828643799,-0.04267222434282303,0.497066855430603,0.9332429766654968,-0.08812463283538818,0.5079342722892761,0.9672186970710754,-0.09685732424259186,0.5256138443946838,0.9907957315444946,-0.08995827287435532,S
0.6286951899528503,1.083687663078308,7.621598570040078e-07,0.6543399095535278,1.0398327112197876,-0.0647759959101677,0.6420907974243164,0.9743890762329102,-0.09301626682281494,0.568783164024353,0.9614813327789307,-0.11609159409999847,0.5052844882011414,0.9466817378997803,-0.13610783219337463,0.6139191389083862,0.7987554669380188,-0.05194690451025963,0.5866736769676208,0.6641284227371216,-0.08849228173494339,0.5681245923042297,0.5760490894317627,-0.11099494993686676,0.548836350440979,0.5023837089538574,-0.12419901043176651,0.5677869319915771,0.8151063323020935,-0.04367338865995407,0.5134915709495544,0.6995779275894165,-0.08959682285785675,0.4576685428619385,0.6397207975387573,-0.11900169402360916,0.4133784770965576,0.5961080193519592,-0.12973646819591522,0.5395952463150024,0.8632515668869019,-0.04209231585264206,0.4941501021385193,0.8464181423187256,-0.10393887758255005,0.5067142844200134,0.9110134243965149,-0.12549613416194916,0.5257627367973328,0.9572136998176575,-0.11958771198987961,0.5236799716949463,0.9244293570518494,-0.044919539242982864,0.4935449957847595,0.9250430464744568,-0.09427672624588013,0.5028590559959412,0.9624329209327698,-0.10525093227624893,0.5198678970336914,0.9896650314331055,-0.099273681640625,S
0.6128900647163391,1.0934752225875854,7.788059974700445e-07,0.6450820565223694,1.047012209892273,-0.06510600447654724,0.6377795934677124,0.9828457236289978,-0.09340792894363403,0.567841649055481,0.9668657183647156,-0.1160014346241951,0.508187472820282,0.9453230500221252,-0.1354491114616394,0.6148073077201843,0.8039467334747314,-0.055038005113601685,0.589242160320282,0.6680634021759033,-0.09378710389137268,0.5714024901390076,0.5787239670753479,-0.1173873022198677,0.5519870519638062,0.5049268007278442,-0.13061870634555817,0.5676625370979309,0.8185548782348633,-0.04580613970756531,0.5136846303939819,0.7009187340736389,-0.09081767499446869,0.45915305614471436,0.6364675164222717,-0.11953311413526535,0.4154033660888672,0.5863842368125916,-0.1304333657026291,0.5388937592506409,0.8662410974502563,-0.04305010661482811,0.4950779974460602,0.8505020141601562,-0.10369628667831421,0.50693279504776,0.9112796783447266,-0.12424083054065704,0.5253388285636902,0.9524928331375122,-0.11826261132955551,0.5225059986114502,0.9271330237388611,-0.044679202139377594,0.4939807951450348,0.9319713711738586,-0.09357458353042603,0.5054112672805786,0.966306746006012,-0.10381221026182175,0.5246707797050476,0.9898239374160767,-0.09716310352087021,S
0.6285391449928284,1.085986614227295,7.413220259877562e-07,0.6542016267776489,1.0421221256256104,-0.06180337071418762,0.6404991149902344,0.9808506965637207,-0.09102414548397064,0.5670788884162903,0.9651376008987427,-0.11593581736087799,0.504608154296875,0.9435057640075684,-0.137783944606781,0.6142646670341492,0.7994228601455688,-0.05324886739253998,0.5887482762336731,0.6623671054840088,-0.09170793741941452,0.5710829496383667,0.573043942451477,-0.11555993556976318,0.5525553822517395,0.4978821277618408,-0.12974070012569427,0.5687175393104553,0.8155286908149719,-0.0472736656665802,0.5161721706390381,0.6971814632415771,-0.09420585632324219,0.45953992009162903,0.6352576613426208,-0.12423604726791382,0.4141991138458252,0.5883215069770813,-0.1359974592924118,0.5409411191940308,0.8645974397659302,-0.04748032987117767,0.4926735460758209,0.8435049653053284,-0.10879683494567871,0.5024585723876953,0.9034754037857056,-0.12950047850608826,0.5209589004516602,0.9478113055229187,-0.1238207295536995,0.5251708030700684,0.9285197854042053,-0.0519496351480484,0.49102362990379333,0.9265573024749756,-0.10089756548404694,0.4999277591705322,0.9595915079116821,-0.11128439754247665,0.5189298391342163,0.9852896928787231,-0.10510240495204926,S
0.6142411231994629,1.0994776487350464,8.069588943726558e-07,0.646708607673645,1.0515155792236328,-0.06558515876531601,0.6366746425628662,0.9842925071716309,-0.09355569630861282,0.564639151096344,0.9659464955329895,-0.11574235558509827,0.5041363835334778,0.941355288028717,-0.13450777530670166,0.6147968173027039,0.8074348568916321,-0.053993791341781616,0.5897713899612427,0.6705204844474792,-0.09299205988645554,0.5725083351135254,0.5799014568328857,-0.11642999202013016,0.5537984371185303,0.5052472352981567,-0.1291789710521698,0.5671969056129456,0.8210274577140808,-0.04477299004793167,0.513166606426239,0.6999087929725647,-0.09086291491985321,0.45834752917289734,0.6327170133590698,-0.11938190460205078,0.4145733714103699,0.5818349123001099,-0.1293364316225052,0.5373621582984924,0.8685209155082703,-0.04219166561961174,0.4914745092391968,0.8483870029449463,-0.10447406768798828,0.5053321719169617,0.9144914150238037,-0.12360234558582306,0.5252533555030823,0.9599557518959045,-0.11538401991128922,0.5190389156341553,0.9303141236305237,-0.04400588199496269,0.48968401551246643,0.9287554025650024,-0.09297233074903488,0.5005538463592529,0.9640589356422424,-0.10161839425563812,0.5191128253936768,0.9887319803237915,-0.09330083429813385,S
0.6168526411056519,1.0959925651550293,7.34155833015393e-07,0.6442421078681946,1.0533872842788696,-0.06407299637794495,0.6307770013809204,0.989999532699585,-0.09190336614847183,0.5588862895965576,0.9696832299232483,-0.11425882577896118,0.5001283288002014,0.9429106712341309,-0.13312262296676636,0.6126786470413208,0.8086509704589844,-0.053162142634391785,0.5873426795005798,0.6711829900741577,-0.09081863611936569,0.5712810754776001,0.5831072330474854,-0.11330923438072205,0.5536037087440491,0.508578896522522,-0.1258215606212616,0.5667980909347534,0.8208567500114441,-0.04456942901015282,0.5139105916023254,0.697905421257019,-0.08989925682544708,0.4575825333595276,0.6338766813278198,-0.11725875735282898,0.4129214286804199,0.5848209261894226,-0.1263604760169983,0.5376188158988953,0.8671858310699463,-0.04244059696793556,0.48985961079597473,0.8456025123596191,-0.10341503471136093,0.49978965520858765,0.909217894077301,-0.12185247987508774,0.5185011625289917,0.9534457325935364,-0.11356030404567719,0.5206472873687744,0.9272473454475403,-0.044700987637043,0.4877901077270508,0.9239600300788879,-0.09303713589906693,0.4966440200805664,0.9615029096603394,-0.10097844153642654,0.5156945586204529,0.9900217056274414,-0.09219808131456375,S
0.608708918094635,1.101365566253662,7.597983540108544e-07,0.6367872953414917,1.0579392910003662,-0.06565546989440918,0.6248021125793457,0.993772029876709,-0.09324339032173157,0.5570898056030273,0.9698457717895508,-0.11485030502080917,0.499812513589859,0.9436441659927368,-0.13317175209522247,0.6104353070259094,0.8131774663925171,-0.05395372211933136,0.5861219167709351,0.6766892671585083,-0.09198019653558731,0.570218026638031,0.5875166058540344,-0.11504187434911728,0.5517743825912476,0.5130938291549683,-0.12756118178367615,0.5637949109077454,0.8239709734916687,-0.04433995112776756,0.511987030506134,0.70045405626297,-0.08860993385314941,0.45863261818885803,0.6344300508499146,-0.11557374894618988,0.41601377725601196,0.583767831325531,-0.12431992590427399,0.5334533452987671,0.8695460557937622,-0.04135460406541824,0.48762139678001404,0.8499782085418701,-0.10212235897779465,0.49821463227272034,0.9144811630249023,-0.12060195207595825,0.5165559649467468,0.958652675151825,-0.11198823899030685,0.5160394906997681,0.9283028244972229,-0.042859651148319244,0.4856213331222534,0.9245370626449585,-0.09091247618198395,0.4959467649459839,0.9626500606536865,-0.09823203086853027,0.5155454874038696,0.991326093673706,-0.08872378617525101,S
0.6154552102088928,1.0971027612686157,7.488071105399285e-07,0.6410954594612122,1.0524452924728394,-0.06306014955043793,0.6244029998779297,0.9876537919044495,-0.08986172080039978,0.5526968240737915,0.9689109325408936,-0.11129030585289001,0.4935823082923889,0.9459881782531738,-0.12939998507499695,0.6093892455101013,0.8125069737434387,-0.05124323442578316,0.5842458009719849,0.6786503791809082,-0.08835791796445847,0.5682652592658997,0.5907996892929077,-0.11102202534675598,0.5506201982498169,0.516281008720398,-0.12398092448711395,0.5637502074241638,0.8224851489067078,-0.043221402913331985,0.5112985372543335,0.7011900544166565,-0.08752477914094925,0.45735493302345276,0.6351016163825989,-0.115117147564888,0.4146322011947632,0.5834907293319702,-0.12493087351322174,0.5342897772789001,0.8671896457672119,-0.041693031787872314,0.4864720106124878,0.8456124663352966,-0.10217244178056717,0.4970513582229614,0.9113436937332153,-0.12083180248737335,0.5156179070472717,0.9559966921806335,-0.11299935728311539,0.5176878571510315,0.9256556630134583,-0.04447882995009422,0.4833563566207886,0.9221361875534058,-0.09235171228647232,0.4940851032733917,0.9615007042884827,-0.10009108483791351,0.5149758458137512,0.9905878901481628,-0.09150143712759018,S
0.6005961894989014,1.0991718769073486,7.665414045732177e-07,0.6314464807510376,1.0555272102355957,-0.06289444118738174,0.6203174591064453,0.9904651045799255,-0.08937106281518936,0.5522706508636475,0.9700830578804016,-0.11029452085494995,0.49407219886779785,0.9462754726409912,-0.1281740516424179,0.6072741150856018,0.817293107509613,-0.05136860907077789,0.581301748752594,0.6835091710090637,-0.0886872410774231,0.5650175213813782,0.5961363315582275,-0.11132703721523285,0.5460898876190186,0.5223550796508789,-0.12355170398950577,0.5605214238166809,0.8248723149299622,-0.04264887794852257,0.5089602470397949,0.7038663625717163,-0.0856325551867485,0.45714086294174194,0.6349971890449524,-0.11221364885568619,0.41495853662490845,0.5794693231582642,-0.12130755931138992,0.5303207039833069,0.8660303950309753,-0.040363859385252,0.4869871735572815,0.8487986922264099,-0.09929683804512024,0.5002747774124146,0.9132745862007141,-0.116972416639328,0.5192053914070129,0.9548858404159546,-0.10861056298017502,0.5129978656768799,0.9208831787109375,-0.042366813868284225,0.4827054440975189,0.9176438450813293,-0.08816197514533997,0.4951668083667755,0.9583076238632202,-0.09373541921377182,0.5164755582809448,0.9879984259605408,-0.0835772156715393,S
0.6098695397377014,1.0935873985290527,7.132863402148359e-07,0.6372430324554443,1.0530415773391724,-0.060916900634765625,0.623924970626831,0.9870138168334961,-0.08671081066131592,0.5562196969985962,0.9703217148780823,-0.10754165798425674,0.4972699284553528,0.9537555575370789,-0.1255720555782318,0.6052754521369934,0.8159916400909424,-0.048775363713502884,0.5791409611701965,0.6844348907470703,-0.08382318168878555,0.5632354617118835,0.6013429164886475,-0.1051185354590416,0.5455088019371033,0.5286323428153992,-0.11737142503261566,0.5607536435127258,0.8244225382804871,-0.041217509657144547,0.5071780681610107,0.7060510516166687,-0.08471899479627609,0.45357733964920044,0.6403582692146301,-0.11195633560419083,0.41075456142425537,0.5865117907524109,-0.12158945202827454,0.530791699886322,0.8640298247337341,-0.039836667478084564,0.48835381865501404,0.8441376090049744,-0.09871706366539001,0.5010279417037964,0.9090955257415771,-0.11654938012361526,0.5195225477218628,0.9520512819290161,-0.10845569521188736,0.512507975101471,0.9164238572120667,-0.042625896632671356,0.48218315839767456,0.9127693176269531,-0.0880064070224762,0.49497437477111816,0.9566836357116699,-0.09364759922027588,0.5161653757095337,0.9912453889846802,-0.08381623029708862,S
0.5968178510665894,1.0937563180923462,7.178038003985421e-07,0.6315881609916687,1.0510683059692383,-0.05889172479510307,0.629501461982727,0.9846494197845459,-0.08524561673402786,0.5651601552963257,0.9675939679145813,-0.10723116248846054,0.5038971304893494,0.9546577334403992,-0.12649455666542053,0.6029032468795776,0.8107942938804626,-0.04422883689403534,0.5738371014595032,0.6823363304138184,-0.0770651325583458,0.5565424561500549,0.6007769703865051,-0.09763992577791214,0.5370582938194275,0.5299748182296753,-0.10886946320533752,0.5570245981216431,0.8196890354156494,-0.03701183199882507,0.5006673336029053,0.7036350965499878,-0.07779310643672943,0.4480847120285034,0.6405104398727417,-0.10354728996753693,0.40425950288772583,0.5925551652908325,-0.11189403384923935,0.5265595316886902,0.857076108455658,-0.03582089766860008,0.4933830499649048,0.838792085647583,-0.09231774508953094,0.509200394153595,0.9035066962242126,-0.10824502259492874,0.5252687931060791,0.949700117111206,-0.09874877333641052,0.5068615674972534,0.9054991602897644,-0.03871597722172737,0.483064740896225,0.8873327970504761,-0.07993193715810776,0.49834325909614563,0.9331474900245667,-0.081614650785923,0.5194312334060669,0.973648190498352,-0.06909400969743729,S
0.5980861783027649,1.098839282989502,6.127239089437353e-07,0.636089563369751,1.0510377883911133,-0.05814356356859207,0.6395915746688843,0.9775972962379456,-0.08244617283344269,0.5719817280769348,0.9603663086891174,-0.10304847359657288,0.5097476840019226,0.949644148349762,-0.1213710755109787,0.5989478230476379,0.8112837076187134,-0.04111785069108009,0.5693405270576477,0.6818180084228516,-0.07197107374668121,0.5496760606765747,0.6010677814483643,-0.09221895039081573,0.5303388237953186,0.5310543775558472,-0.10411499440670013,0.5542476177215576,0.8260340094566345,-0.034735385328531265,0.49620819091796875,0.7153385877609253,-0.07452092319726944,0.4415518343448639,0.654350757598877,-0.10324613749980927,0.39676082134246826,0.6056993007659912,-0.11518103629350662,0.5246038436889648,0.8648535013198853,-0.03442490100860596,0.49468177556991577,0.8447961807250977,-0.09124188870191574,0.5086448192596436,0.906708836555481,-0.11100799590349197,0.5222932696342468,0.950964629650116,-0.1050548180937767,0.5044530034065247,0.9138723611831665,-0.03806580975651741,0.47873544692993164,0.8867284655570984,-0.07954556494951248,0.4956411123275757,0.9255743622779846,-0.08369927853345871,0.5179194808006287,0.9639766812324524,-0.07395026832818985,S
0.6123767495155334,1.0910025835037231,5.652122467836307e-07,0.646898090839386,1.038022518157959,-0.05401560664176941,0.6544457077980042,0.9621950387954712,-0.07515276968479156,0.596579909324646,0.9464400410652161,-0.09340575337409973,0.5402761101722717,0.9447157979011536,-0.10987251996994019,0.5927961468696594,0.8021026849746704,-0.0359199158847332,0.5597822070121765,0.6722793579101562,-0.06298073381185532,0.5356999039649963,0.592456579208374,-0.08116451650857925,0.513953685760498,0.5255049467086792,-0.09184272587299347,0.5478695631027222,0.8227897882461548,-0.030370453372597694,0.4793882369995117,0.7212706208229065,-0.06522316485643387,0.4216032326221466,0.6665086150169373,-0.09198939800262451,0.37560781836509705,0.6225086450576782,-0.10366591066122055,0.5207091569900513,0.8652933239936829,-0.0305801834911108,0.4914405941963196,0.8512343168258667,-0.0820113867521286,0.5098201036453247,0.9049323797225952,-0.1011660173535347,0.5255769491195679,0.9433894753456116,-0.09647184610366821,0.5044111609458923,0.9165481925010681,-0.034578125923871994,0.47716429829597473,0.8887913823127747,-0.07119056582450867,0.4951934516429901,0.9185205101966858,-0.07400191575288773,0.5173476934432983,0.9493469595909119,-0.06452486664056778,S
0.6455445289611816,1.0602221488952637,5.681909556187748e-07,0.6686460971832275,1.0046558380126953,-0.050169095396995544,0.6621013879776001,0.9385956525802612,-0.07342150807380676,0.5941169857978821,0.9466001391410828,-0.0942438542842865,0.540949821472168,0.9547678828239441,-0.11385193467140198,0.5895922780036926,0.7943893671035767,-0.04461226239800453,0.5515816807746887,0.6673036813735962,-0.07550927996635437,0.5250380635261536,0.5893982648849487,-0.09436459839344025,0.5002831220626831,0.5251191854476929,-0.10531266778707504,0.5454567670822144,0.8241688013076782,-0.04139656573534012,0.46886470913887024,0.7391708493232727,-0.07907367497682571,0.40881964564323425,0.6952972412109375,-0.10377916693687439,0.360817551612854,0.6587963104248047,-0.11430911719799042,0.5232847929000854,0.8718758225440979,-0.043031103909015656,0.48973655700683594,0.8707723617553711,-0.09595034271478653,0.5138661861419678,0.9166139364242554,-0.11262799799442291,0.5339703559875488,0.9466755390167236,-0.10689884424209595,0.5133235454559326,0.9269446730613708,-0.04791237786412239,0.4799436330795288,0.9190388917922974,-0.08710779994726181,0.5017194747924805,0.9482564330101013,-0.08991926163434982,0.5267992615699768,0.9722753167152405,-0.0800798311829567,S
0.6604092121124268,1.0323539972305298,6.938573164916306e-07,0.6858368515968323,0.9611298441886902,-0.04707691818475723,0.6773267984390259,0.8890483379364014,-0.07118304073810577,0.6111993789672852,0.9176697731018066,-0.09242402762174606,0.5595436096191406,0.9587909579277039,-0.11343712359666824,0.5834922790527344,0.7822655439376831,-0.054254285991191864,0.533881425857544,0.6582183241844177,-0.08709438890218735,0.5040813088417053,0.5863706469535828,-0.10546513646841049,0.4748554527759552,0.5275617241859436,-0.11623437702655792,0.5400219559669495,0.8306530117988586,-0.05240548029541969,0.457869291305542,0.7682366371154785,-0.09060606360435486,0.3959137499332428,0.7435435056686401,-0.11496217548847198,0.34501609206199646,0.7235209941864014,-0.12612193822860718,0.5216158032417297,0.8910641670227051,-0.0540764182806015,0.49180281162261963,0.9035753607749939,-0.10451400279998779,0.5111066699028015,0.9311912655830383,-0.12229824811220169,0.5265540480613708,0.948776125907898,-0.12002120912075043,0.5184900760650635,0.9544802904129028,-0.05842401459813118,0.4998754858970642,0.972248911857605,-0.0961926057934761,0.524881899356842,0.9871126413345337,-0.10050994902849197,0.54852294921875,0.9960101842880249,-0.09345172345638275,S
0.6807364821434021,1.023640751838684,6.379917181220662e-07,0.6999877691268921,0.9380916357040405,-0.042169030755758286,0.6801284551620483,0.8477098345756531,-0.06323985010385513,0.6126986742019653,0.8865489959716797,-0.07938945293426514,0.5563368201255798,0.9496280550956726,-0.09827040135860443,0.5800191164016724,0.7887848615646362,-0.05846938118338585,0.519340455532074,0.6814504861831665,-0.0859842449426651,0.48281365633010864,0.6180047988891602,-0.1053229346871376,0.4468706548213959,0.564228892326355,-0.12121205031871796,0.5376760959625244,0.8543365597724915,-0.05991699919104576,0.45091262459754944,0.814687967300415,-0.09003821760416031,0.39465993642807007,0.8122016787528992,-0.1154271736741066,0.34946930408477783,0.8170377016067505,-0.13181407749652863,0.5246534943580627,0.9256756901741028,-0.06310493499040604,0.4720175564289093,0.9125127196311951,-0.10146539658308029,0.4384268820285797,0.9036604762077332,-0.12763924896717072,0.4067037105560303,0.9049144387245178,-0.14288674294948578,0.5333451628684998,0.9999457597732544,-0.06826157867908478,0.531879723072052,1.0304983854293823,-0.10747954249382019,0.5536091327667236,1.050801157951355,-0.11934620887041092,0.5706413984298706,1.0764405727386475,-0.1234268769621849,S
0.6871146559715271,0.9601038694381714,7.359545293184055e-07,0.6983897686004639,0.8712263107299805,-0.043555766344070435,0.6750027537345886,0.7989606261253357,-0.06547597050666809,0.6242215633392334,0.852555513381958,-0.0840664952993393,0.586795449256897,0.927986204624176,-0.10419157892465591,0.5664230585098267,0.7885112166404724,-0.06099715083837509,0.5009899139404297,0.6899569034576416,-0.0929696187376976,0.46690404415130615,0.6310576796531677,-0.1081363633275032,0.43464434146881104,0.5844385027885437,-0.11674930900335312,0.5348713397979736,0.8583589196205139,-0.060293540358543396,0.44641414284706116,0.8385362029075623,-0.09707570821046829,0.38883882761001587,0.8406267762184143,-0.11896969377994537,0.34268975257873535,0.848219096660614,-0.12899062037467957,0.5330920815467834,0.9285433888435364,-0.06189049035310745,0.5104688405990601,0.9598686695098877,-0.11215575784444809,0.5370028614997864,0.9828585982322693,-0.13064055144786835,0.5554139018058777,1.0027292966842651,-0.129913330078125,0.5511777997016907,0.9922472834587097,-0.06519898772239685,0.5484089851379395,1.0266125202178955,-0.10439468920230865,0.5765981674194336,1.039807915687561,-0.11048433929681778,0.5973597764968872,1.0549668073654175,-0.10576186329126358,S
0.6630489230155945,0.9456583261489868,5.920866783526435e-07,0.6163904666900635,0.9529229402542114,-0.03827575966715813,0.5653307437896729,0.9373719692230225,-0.06388833373785019,0.5507895946502686,0.9102423787117004,-0.08440998196601868,0.5456626415252686,0.8546168208122253,-0.10472667217254639,0.5427471995353699,0.8281592726707458,-0.08076399564743042,0.4856308698654175,0.7086390256881714,-0.11691837012767792,0.4490252137184143,0.6409265995025635,-0.1289580911397934,0.41683509945869446,0.5839927792549133,-0.13553942739963531,0.5621155500411987,0.7988863587379456,-0.08196519315242767,0.47388017177581787,0.8018599152565002,-0.1275406777858734,0.4199679493904114,0.8293566107749939,-0.14578059315681458,0.3721366822719574,0.8405110239982605,-0.1513325721025467,0.5977826714515686,0.790145754814148,-0.08365863561630249,0.5970672369003296,0.8543910980224609,-0.13731104135513306,0.6066403388977051,0.8935925960540771,-0.14652393758296967,0.602260172367096,0.9004780054092407,-0.14007844030857086,0.638708233833313,0.7885412573814392,-0.08635593950748444,0.6416715979576111,0.8703924417495728,-0.12697751820087433,0.6478795409202576,0.9164642095565796,-0.1295802891254425,0.6470286846160889,0.929261326789856,-0.12255298346281052,S
0.6297159790992737,0.9418166279792786,7.475458687622449e-07,0.590231716632843,0.9509974122047424,-0.03409147262573242,0.553146481513977,0.9437693357467651,-0.06419079750776291,0.5616781115531921,0.9188978672027588,-0.0920114815235138,0.581076979637146,0.8693475127220154,-0.12077497690916061,0.5288494825363159,0.8204622864723206,-0.08048571646213531,0.46999794244766235,0.7230437994003296,-0.1169368252158165,0.43010950088500977,0.6670991778373718,-0.13325758278369904,0.3966020345687866,0.6171450614929199,-0.14304761588573456,0.5587112903594971,0.7844231128692627,-0.08641160279512405,0.4919668436050415,0.7102410793304443,-0.128916934132576,0.4486399292945862,0.667353630065918,-0.14936509728431702,0.4083266258239746,0.6260462999343872,-0.15892444550991058,0.6006016731262207,0.7685860991477966,-0.0917409136891365,0.5877822041511536,0.7860727906227112,-0.14201107621192932,0.5786556005477905,0.8564114570617676,-0.15223777294158936,0.5648598074913025,0.9026164412498474,-0.1495722085237503,0.6502421498298645,0.7652465105056763,-0.09797458350658417,0.658332884311676,0.8057140707969666,-0.13639472424983978,0.6639086604118347,0.8658677935600281,-0.13619652390480042,0.6666547060012817,0.9057537317276001,-0.12919116020202637,S
0.6290498971939087,0.9184948205947876,6.963895771150419e-07,0.5943410396575928,0.9405916333198547,-0.0425063855946064,0.5591179132461548,0.9283676743507385,-0.0767386257648468,0.5581672191619873,0.8887390494346619,-0.10800492018461227,0.5744621753692627,0.8368603587150574,-0.1372610181570053,0.5277925729751587,0.8247765898704529,-0.06986523419618607,0.46280157566070557,0.7548330426216125,-0.10977001488208771,0.4121958017349243,0.7211158871650696,-0.12962588667869568,0.37058761715888977,0.6976839900016785,-0.14037339389324188,0.5486494302749634,0.7888549566268921,-0.0716964527964592,0.48153480887413025,0.6864801645278931,-0.12342164665460587,0.4415558874607086,0.6247814893722534,-0.14751484990119934,0.40690433979034424,0.5753732919692993,-0.15612132847309113,0.5838914513587952,0.7688270211219788,-0.07518550008535385,0.5535110235214233,0.7401273846626282,-0.13422232866287231,0.5444319844245911,0.7960277199745178,-0.14043204486370087,0.5331273674964905,0.8437461256980896,-0.12896516919136047,0.6308498978614807,0.7570880651473999,-0.08019717782735825,0.6163909435272217,0.7161989212036133,-0.1194954365491867,0.618039608001709,0.7629880905151367,-0.1125701367855072,0.6187791228294373,0.8142659664154053,-0.09764847159385681,S
0.6338157057762146,0.915697455406189,3.884383090735355e-07,0.5965626835823059,0.9021117687225342,-0.03327064961194992,0.5634512305259705,0.8482804298400879,-0.056783318519592285,0.5565155148506165,0.780936598777771,-0.08056584745645523,0.5539373159408569,0.7225139737129211,-0.10221966356039047,0.5281676054000854,0.7974750995635986,-0.059551436454057693,0.47499117255210876,0.6792406439781189,-0.09593397378921509,0.43616926670074463,0.6134768724441528,-0.1126210018992424,0.400213360786438,0.5659174919128418,-0.12187401205301285,0.5446279644966125,0.7898088693618774,-0.06488782912492752,0.4695761799812317,0.7589338421821594,-0.11835610121488571,0.429093599319458,0.7455675005912781,-0.1401887685060501,0.3948380649089813,0.7328439950942993,-0.14683449268341064,0.5742494463920593,0.7798914909362793,-0.0720805898308754,0.5578172206878662,0.7678685784339905,-0.132814422249794,0.5761571526527405,0.8055787682533264,-0.13871464133262634,0.5814312696456909,0.83769291639328,-0.1271023154258728,0.6189960241317749,0.7621160745620728,-0.08077214658260345,0.6110559105873108,0.7106151580810547,-0.11901485919952393,0.61708003282547,0.7505760788917542,-0.11406341940164566,0.6183443665504456,0.7988152503967285,-0.10096488893032074,S
0.6501991748809814,0.9135804176330566,9.403884178027511e-07,0.6538301706314087,0.824309766292572,-0.04370922967791557,0.6362435817718506,0.7586402893066406,-0.08110858500003815,0.618267834186554,0.7424674034118652,-0.11707966774702072,0.5980967283248901,0.7532841563224792,-0.1495017558336258,0.5470669865608215,0.7536311745643616,-0.0879550501704216,0.48842480778694153,0.6443661451339722,-0.1379539668560028,0.4472876787185669,0.586143970489502,-0.16347092390060425,0.4076141119003296,0.5402354001998901,-0.18043296039104462,0.5291350483894348,0.8216328620910645,-0.0969502329826355,0.4589688777923584,0.7851377725601196,-0.1740725338459015,0.4261528253555298,0.750026524066925,-0.20794442296028137,0.39187145233154297,0.7137411236763,-0.22150573134422302,0.5379749536514282,0.8876123428344727,-0.10586228966712952,0.566519021987915,0.8448305726051331,-0.18018564581871033,0.6238248944282532,0.840737521648407,-0.17691482603549957,0.6472597122192383,0.8428992629051208,-0.1572076380252838,0.567808985710144,0.9416829943656921,-0.11787641048431396,0.600542426109314,0.8879784345626831,-0.16481329500675201,0.6413472890853882,0.8800715804100037,-0.15392231941223145,0.6551826000213623,0.8897625207901001,-0.13535302877426147,S
0.6305883526802063,0.9259485006332397,1.6799112927401438e-06,0.6301401257514954,0.8084090948104858,-0.05544735863804817,0.6125034093856812,0.7235399484634399,-0.12720154225826263,0.6008232831954956,0.7062587738037109,-0.19517168402671814,0.5911222100257874,0.7529558539390564,-0.25843164324760437,0.5262525081634521,0.7334844470024109,-0.17523305118083954,0.46959638595581055,0.6403021812438965,-0.2660955786705017,0.4309350848197937,0.5776477456092834,-0.3236584961414337,0.39012086391448975,0.526012659072876,-0.36939215660095215,0.5168253183364868,0.8199989795684814,-0.19755326211452484,0.4680387079715729,0.7858961224555969,-0.3483807146549225,0.42567944526672363,0.7460601329803467,-0.43019068241119385,0.3825753331184387,0.7077395915985107,-0.4802994430065155,0.5333911776542664,0.9060568809509277,-0.21238872408866882,0.5662412047386169,0.8298946619033813,-0.32056891918182373,0.6301199197769165,0.8295607566833496,-0.30166348814964294,0.6529821157455444,0.8382163047790527,-0.27554967999458313,0.5615261197090149,0.9628911018371582,-0.23276551067829132,0.6029735803604126,0.8920322060585022,-0.2960726320743561,0.6538043022155762,0.8731039762496948,-0.2776559293270111,0.6643437147140503,0.8779459595680237,-0.25798988342285156,S
0.6350992321968079,0.9368764162063599,1.3618276852866984e-06,0.6343950629234314,0.8152309060096741,-0.04131026938557625,0.6167160272598267,0.7302796244621277,-0.10480685532093048,0.6017507910728455,0.7085474133491516,-0.16759426891803741,0.5792171955108643,0.7426450252532959,-0.22439944744110107,0.5302908420562744,0.7393631935119629,-0.15150493383407593,0.471629798412323,0.6403390169143677,-0.23344838619232178,0.43555381894111633,0.5789395570755005,-0.28247278928756714,0.396016001701355,0.5300460457801819,-0.3212771415710449,0.5212194323539734,0.8234957456588745,-0.1775553673505783,0.46616455912590027,0.7863128185272217,-0.3165166974067688,0.42814886569976807,0.742368757724762,-0.3843403458595276,0.3893587589263916,0.7022697925567627,-0.4237132966518402,0.5392555594444275,0.9062615633010864,-0.196812704205513,0.5669317245483398,0.8277772665023804,-0.2934693396091461,0.6272761821746826,0.8259266018867493,-0.26617664098739624,0.645250141620636,0.8367016315460205,-0.23533931374549866,0.5690674781799316,0.9603951573371887,-0.22111919522285461,0.608707070350647,0.8879704475402832,-0.27674558758735657,0.6530588269233704,0.874204695224762,-0.25417765974998474,0.655900239944458,0.8850847482681274,-0.23155778646469116,S
0.6440190076828003,0.9434200525283813,1.3616355545309489e-06,0.6423909664154053,0.8232505321502686,-0.04706887900829315,0.6260955333709717,0.7418273091316223,-0.10628911107778549,0.6067681908607483,0.7257881164550781,-0.16365815699100494,0.5821214318275452,0.7517637610435486,-0.2150822877883911,0.5378509759902954,0.7430441379547119,-0.14063121378421783,0.4746488928794861,0.6390672326087952,-0.21613232791423798,0.43916481733322144,0.5763027667999268,-0.25907987356185913,0.40301960706710815,0.5243784189224243,-0.29156792163848877,0.5229593515396118,0.8257105350494385,-0.1588345468044281,0.4646422266960144,0.7904733419418335,-0.2876652181148529,0.4208332896232605,0.7495052814483643,-0.3513580858707428,0.38019514083862305,0.7128279805183411,-0.38597267866134644,0.5327197313308716,0.9103926420211792,-0.17166033387184143,0.5618298649787903,0.8548821210861206,-0.2659284770488739,0.6225416660308838,0.8497250080108643,-0.24676305055618286,0.6471364498138428,0.8519045114517212,-0.21819175779819489,0.557002604007721,0.9708578586578369,-0.18939295411109924,0.5975587368011475,0.9210420846939087,-0.2437162846326828,0.6452644467353821,0.9020857214927673,-0.22536619007587433,0.656015157699585,0.9018581509590149,-0.20328091084957123,S
0.6470770835876465,0.9517237544059753,9.810071333049564e-07,0.653610110282898,0.8371012806892395,-0.04362593591213226,0.6344952583312988,0.752602756023407,-0.08161302655935287,0.6081358194351196,0.7436466217041016,-0.11831522732973099,0.5747235417366028,0.7551848888397217,-0.15139198303222656,0.5493199825286865,0.7481223940849304,-0.09338095784187317,0.48716455698013306,0.6390252113342285,-0.1496480405330658,0.45373836159706116,0.575780987739563,-0.17902027070522308,0.4199385344982147,0.5220130681991577,-0.19785703718662262,0.5261753797531128,0.8237747550010681,-0.10285260528326035,0.4623944163322449,0.7920951843261719,-0.1870221048593521,0.4232197403907776,0.7553151249885559,-0.22719450294971466,0.3812561631202698,0.7214112281799316,-0.24518851935863495,0.52865070104599,0.8985586762428284,-0.11180296540260315,0.5600827932357788,0.8722696304321289,-0.19037853181362152,0.6184719800949097,0.8706303834915161,-0.18886706233024597,0.6436490416526794,0.8761394619941711,-0.17023436725139618,0.5508863925933838,0.9600208401679993,-0.12413644790649414,0.5944559574127197,0.9324632883071899,-0.17540636658668518,0.6393028497695923,0.9179912805557251,-0.16849304735660553,0.6565437316894531,0.9189325571060181,-0.1522795706987381,S
0.6535078287124634,0.9472166299819946,7.872325795688084e-07,0.6651976704597473,0.8395407795906067,-0.03656270354986191,0.6410230398178101,0.7612478137016296,-0.06309709697961807,0.6030346155166626,0.770704448223114,-0.08851701021194458,0.566548764705658,0.7868008613586426,-0.11414357274770737,0.5586848258972168,0.7589045166969299,-0.07811806350946426,0.4913656413555145,0.6420807838439941,-0.12013343721628189,0.4577362835407257,0.5758364200592041,-0.13913686573505402,0.4235093891620636,0.5160654783248901,-0.15069077908992767,0.5354486107826233,0.8138411045074463,-0.08550288528203964,0.46040672063827515,0.7835132479667664,-0.13798952102661133,0.416469931602478,0.7598187923431396,-0.16429437696933746,0.372702956199646,0.7334770560264587,-0.17709262669086456,0.5342618823051453,0.8763021230697632,-0.09340725839138031,0.5490860939025879,0.8812111020088196,-0.15611298382282257,0.5944288372993469,0.8785133957862854,-0.16979385912418365,0.6149861216545105,0.8767747282981873,-0.16686399281024933,0.5530562996864319,0.9342132806777954,-0.10300790518522263,0.5904636383056641,0.943280041217804,-0.1521741896867752,0.6327595710754395,0.9395020604133606,-0.1580587923526764,0.6585557460784912,0.9442972540855408,-0.15368296205997467,S
0.6518681049346924,0.9324455261230469,6.988024665588455e-07,0.602031409740448,0.9394235610961914,-0.025212738662958145,0.5524975061416626,0.9326185584068298,-0.04913855716586113,0.5429341793060303,0.9092618823051453,-0.07176335155963898,0.5543328523635864,0.8587754368782043,-0.09475965052843094,0.5235684514045715,0.8147454261779785,-0.061158232390880585,0.461240291595459,0.7490944862365723,-0.09067586064338684,0.4178704023361206,0.7238544225692749,-0.10094469040632248,0.3849027752876282,0.6955463886260986,-0.106812484562397,0.5542028546333313,0.7653598785400391,-0.07019432634115219,0.48646193742752075,0.6749340891838074,-0.1012255996465683,0.4407089650630951,0.6142100095748901,-0.11651802808046341,0.4033615291118622,0.5502604842185974,-0.1236949935555458,0.598210334777832,0.7461875677108765,-0.07936453074216843,0.556904673576355,0.7892910838127136,-0.1165805459022522,0.5367541909217834,0.840121328830719,-0.1288870871067047,0.5225151777267456,0.852653980255127,-0.13173039257526398,0.646094799041748,0.74852454662323,-0.08946289867162704,0.6305944323539734,0.8483027815818787,-0.12063904106616974,0.6169635057449341,0.9030416011810303,-0.12689244747161865,0.6074981689453125,0.9201648235321045,-0.12743663787841797,S
0.6523834466934204,0.9525089859962463,5.359869419407914e-07,0.6064413785934448,0.9657987356185913,-0.027835151180624962,0.557368278503418,0.9598283767700195,-0.053207870572805405,0.5453616380691528,0.9401046633720398,-0.07536973059177399,0.5382533669471741,0.8989319205284119,-0.09966405481100082,0.5305815935134888,0.8328303098678589,-0.06650470197200775,0.47234514355659485,0.7915019989013672,-0.09542261809110641,0.43880289793014526,0.7892518043518066,-0.10904339700937271,0.40839684009552,0.7710576057434082,-0.11912623047828674,0.5565373301506042,0.7792505621910095,-0.07515041530132294,0.48619166016578674,0.6802791357040405,-0.10829616338014603,0.43951165676116943,0.6290397644042969,-0.127262145280838,0.39890801906585693,0.5751150846481323,-0.1372797191143036,0.5987974405288696,0.7637638449668884,-0.08368303626775742,0.5291260480880737,0.7576339840888977,-0.12326452881097794,0.47323352098464966,0.7763796448707581,-0.14556236565113068,0.4316082000732422,0.7726907730102539,-0.15802709758281708,0.6520698666572571,0.773004412651062,-0.09213731437921524,0.6313353776931763,0.8446706533432007,-0.12588059902191162,0.6123214960098267,0.899350643157959,-0.13614992797374725,0.6009880900382996,0.9269645810127258,-0.141129732131958,S
0.651123046875,0.9760648012161255,8.657188459437748e-07,0.6861392259597778,0.9060741662979126,-0.04801562428474426,0.6776313781738281,0.8374990224838257,-0.07441934943199158,0.6154673099517822,0.8673526644706726,-0.09397880733013153,0.5604010224342346,0.9234666228294373,-0.11610809713602066,0.5858114957809448,0.7678228616714478,-0.0739513710141182,0.5353080034255981,0.6561402082443237,-0.10583974421024323,0.5045944452285767,0.587717592716217,-0.12427376210689545,0.4752829670906067,0.5294696092605591,-0.13672460615634918,0.5376695990562439,0.8101526498794556,-0.07172932475805283,0.4527089595794678,0.7481273412704468,-0.10315889120101929,0.39501792192459106,0.7251271605491638,-0.12435873597860336,0.3467103838920593,0.706854522228241,-0.13662104308605194,0.5174437165260315,0.8640024065971375,-0.07118324190378189,0.4648510217666626,0.8491538763046265,-0.10908746719360352,0.43225276470184326,0.8346251845359802,-0.12987522780895233,0.4031701683998108,0.818622887134552,-0.14108967781066895,0.5170776844024658,0.9251176118850708,-0.07317712157964706,0.5182892680168152,0.9439171552658081,-0.1059267669916153,0.5419034957885742,0.9571170210838318,-0.11205685138702393,0.5619062781333923,0.9655824899673462,-0.1128716692328453,S
0.6200826168060303,1.0380933284759521,1.1785344895542949e-06,0.6679587960243225,0.98380446434021,-0.06722728908061981,0.6745714545249939,0.9239042401313782,-0.10270506143569946,0.6131986379623413,0.9390837550163269,-0.13064070045948029,0.5567255616188049,0.9679265022277832,-0.15785790979862213,0.5968080759048462,0.789803147315979,-0.08000540733337402,0.5600231289863586,0.6730483174324036,-0.12838776409626007,0.5324035286903381,0.5973154902458191,-0.15625081956386566,0.5055299401283264,0.5334080457687378,-0.16964754462242126,0.5422410368919373,0.8231308460235596,-0.07016315311193466,0.4749155044555664,0.7316443920135498,-0.1179833933711052,0.420104444026947,0.6793131828308105,-0.14577864110469818,0.37435609102249146,0.6302108764648438,-0.15539100766181946,0.5158812999725342,0.8810035586357117,-0.06469544023275375,0.49832406640052795,0.9033474922180176,-0.12390925735235214,0.5261041522026062,0.9553505182266235,-0.13553442060947418,0.550540566444397,0.9828723073005676,-0.1234554871916771,0.5050908923149109,0.9470716118812561,-0.06318783015012741,0.49905630946159363,0.9661515355110168,-0.10346384346485138,0.5242999196052551,0.9957731366157532,-0.09869852662086487,0.5485865473747253,1.014401912689209,-0.0814126655459404,S
0.6112443208694458,1.0813331604003906,8.760628702475515e-07,0.6581707000732422,1.0328127145767212,-0.06328432261943817,0.6614415645599365,0.9652502536773682,-0.09106653928756714,0.5994781851768494,0.9520441293716431,-0.11211936175823212,0.542099118232727,0.9483699202537537,-0.13063012063503265,0.6147543787956238,0.8146406412124634,-0.060962725430727005,0.58452308177948,0.6925493478775024,-0.10055309534072876,0.5620884895324707,0.6129370331764221,-0.12353479862213135,0.5399535298347473,0.5457194447517395,-0.13441334664821625,0.5638071298599243,0.8295527100563049,-0.05058460682630539,0.505182683467865,0.7224045991897583,-0.09400960803031921,0.455695241689682,0.6557987928390503,-0.11921440064907074,0.4158269762992859,0.5985021591186523,-0.12702251970767975,0.5313995480537415,0.870047390460968,-0.0456954687833786,0.5041687488555908,0.8681421279907227,-0.10365268588066101,0.5276729464530945,0.9289166927337646,-0.11700405180454254,0.548595130443573,0.9656897187232971,-0.10508183389902115,0.5095687508583069,0.9202292561531067,-0.044752348214387894,0.49272099137306213,0.9059405326843262,-0.08299040794372559,0.5123097896575928,0.9427725076675415,-0.08036685734987259,0.5325297117233276,0.9701789617538452,-0.06507133692502975,S
0.6067809462547302,1.09750235080719,7.355605475822813e-07,0.6496782302856445,1.0535879135131836,-0.0547017827630043,0.6524064540863037,0.9870549440383911,-0.07956714928150177,0.5872743129730225,0.9669238328933716,-0.10045062005519867,0.5277689695358276,0.9585189819335938,-0.11904332786798477,0.6195549368858337,0.8283816576004028,-0.04542642831802368,0.5934664607048035,0.7093586325645447,-0.07912511378526688,0.5780867338180542,0.6324886083602905,-0.0994020625948906,0.5609421730041504,0.565817654132843,-0.11027467250823975,0.5699883103370667,0.8346236348152161,-0.03901344910264015,0.5167505145072937,0.7219510674476624,-0.07871805876493454,0.4680834114551544,0.6519113183021545,-0.10396966338157654,0.42867761850357056,0.5944307446479797,-0.11320330202579498,0.5360740423202515,0.8714302182197571,-0.037701141089200974,0.5036124587059021,0.854045569896698,-0.09141271561384201,0.5203465819358826,0.9130744338035583,-0.10606468468904495,0.5378023386001587,0.9553610682487488,-0.0969056487083435,0.513009250164032,0.9208571910858154,-0.03997182473540306,0.4930429756641388,0.9093073606491089,-0.07782698422670364,0.510492742061615,0.9495974183082581,-0.07886744290590286,0.5319215059280396,0.982828676700592,-0.066981241106987,S
0.599789559841156,1.0974352359771729,7.471481922038947e-07,0.6437957882881165,1.0589503049850464,-0.055094990879297256,0.6434707045555115,0.9946587681770325,-0.07766444236040115,0.5766831040382385,0.9789018034934998,-0.09575202316045761,0.520106852054596,0.9615612626075745,-0.11132346838712692,0.6253094673156738,0.8330796957015991,-0.04205043986439705,0.6053251624107361,0.7143877744674683,-0.074624203145504,0.5898193717002869,0.6367281675338745,-0.09340842813253403,0.5712204575538635,0.5702916383743286,-0.10297319293022156,0.5753800272941589,0.8318638801574707,-0.035746581852436066,0.5285404324531555,0.7148579955101013,-0.07429775595664978,0.48293930292129517,0.6399620175361633,-0.09816968441009521,0.4447260797023773,0.5782353281974792,-0.10520260035991669,0.5408889055252075,0.8653092980384827,-0.0351116918027401,0.5059899091720581,0.8604258894920349,-0.08980656415224075,0.5243017673492432,0.9275978803634644,-0.10553257167339325,0.5435094237327576,0.9713737368583679,-0.09579122066497803,0.5175145268440247,0.9154443740844727,-0.038127511739730835,0.4978925883769989,0.9223705530166626,-0.07879594713449478,0.5162285566329956,0.9701789617538452,-0.081697016954422,0.5379866361618042,1.0044044256210327,-0.0699538066983223,S
0.6129739880561829,1.0893847942352295,7.517244284827029e-07,0.6516335010528564,1.0529804229736328,-0.058493852615356445,0.6480354070663452,0.9906824231147766,-0.08464375138282776,0.586421012878418,0.9663791656494141,-0.10588646680116653,0.532913088798523,0.9421870112419128,-0.12432881444692612,0.63079833984375,0.8296197652816772,-0.05316095054149628,0.61310213804245,0.7040601968765259,-0.08947965502738953,0.6001874208450317,0.6232373714447021,-0.11097849160432816,0.5846163034439087,0.5528137683868408,-0.12288782745599747,0.5836536288261414,0.827099084854126,-0.04668128490447998,0.537704586982727,0.7074576020240784,-0.08828511834144592,0.492706298828125,0.6316249966621399,-0.11431901156902313,0.45549526810646057,0.5667288303375244,-0.12399860471487045,0.5505869388580322,0.8613998293876648,-0.04575960338115692,0.508169412612915,0.8483240008354187,-0.10317482799291611,0.5220577716827393,0.9160929322242737,-0.11975560337305069,0.5412335991859436,0.9633094668388367,-0.11135324835777283,0.5292800068855286,0.9131429195404053,-0.0487237311899662,0.5006314516067505,0.9130780696868896,-0.09171414375305176,0.5149697065353394,0.9546146988868713,-0.09631624072790146,0.5367832183837891,0.9868683815002441,-0.08656132966279984,S
0.6123014688491821,1.086284875869751,8.02692454726639e-07,0.6536269187927246,1.0540920495986938,-0.06003295257687569,0.6529151797294617,0.992168664932251,-0.08599692583084106,0.591057300567627,0.9669020175933838,-0.10662366449832916,0.5369325876235962,0.9422325491905212,-0.12459272891283035,0.6363397836685181,0.828555703163147,-0.05447728931903839,0.621905505657196,0.7037754058837891,-0.09130838513374329,0.6106768846511841,0.620771050453186,-0.11301371455192566,0.5960856080055237,0.5503607392311096,-0.12420161068439484,0.5883319973945618,0.8226913213729858,-0.04707162454724312,0.5432882905006409,0.6991958618164062,-0.08871781826019287,0.5004889965057373,0.6185258626937866,-0.1147337406873703,0.46447503566741943,0.551978588104248,-0.12374403327703476,0.5536144375801086,0.8541580438613892,-0.04523814097046852,0.5146757960319519,0.8484916090965271,-0.10276429355144501,0.5291836261749268,0.9167892336845398,-0.11933846026659012,0.547331690788269,0.9643319845199585,-0.11025279760360718,0.5298758149147034,0.9026690721511841,-0.047488000243902206,0.5033733248710632,0.9030710458755493,-0.08936609327793121,0.5190820097923279,0.9459248781204224,-0.09256153553724289,0.5414933562278748,0.9798851609230042,-0.08145064860582352,S
0.6170687079429626,1.0867249965667725,8.071351658145431e-07,0.6589284539222717,1.0583778619766235,-0.058122988790273666,0.6572673320770264,0.9977867603302002,-0.0843154564499855,0.5935863852500916,0.9687672257423401,-0.10577896237373352,0.5394132137298584,0.9415549635887146,-0.1247239038348198,0.6463624238967896,0.8326564431190491,-0.055464521050453186,0.6358038187026978,0.7034024000167847,-0.0934842899441719,0.6273550987243652,0.6165952682495117,-0.11566617339849472,0.6155061721801758,0.5424962043762207,-0.12723341584205627,0.5973524451255798,0.8239437341690063,-0.04935133084654808,0.5546199083328247,0.6958131790161133,-0.09236663579940796,0.5140087604522705,0.6105242967605591,-0.11890050768852234,0.48053693771362305,0.5409965515136719,-0.1284402757883072,0.5610470175743103,0.8530438542366028,-0.048309843987226486,0.5243035554885864,0.8402127027511597,-0.10630548745393753,0.5379888415336609,0.9094648361206055,-0.12166231125593185,0.5548098683357239,0.9617068767547607,-0.11182508617639542,0.5363169312477112,0.9002920985221863,-0.05123049020767212,0.5113703608512878,0.8986939191818237,-0.09342217445373535,0.5262307524681091,0.942733108997345,-0.0958547443151474,0.5469473600387573,0.979647159576416,-0.0840516984462738,S
0.6227983236312866,1.0715805292129517,8.621055371804687e-07,0.6645566821098328,1.0453553199768066,-0.057787347584962845,0.6645851731300354,0.987166166305542,-0.08646005392074585,0.5977170467376709,0.9565297365188599,-0.11094845086336136,0.5401003360748291,0.9301115274429321,-0.13325147330760956,0.6517226696014404,0.8191850781440735,-0.05904361605644226,0.645246684551239,0.6903512477874756,-0.10082647949457169,0.6398301720619202,0.6025291681289673,-0.12529082596302032,0.6300497651100159,0.525908887386322,-0.1385641247034073,0.6021641492843628,0.8108059763908386,-0.05506526678800583,0.5624136328697205,0.6830641031265259,-0.10165940225124359,0.5221881866455078,0.5971348285675049,-0.1297355443239212,0.48812514543533325,0.5235459208488464,-0.14034464955329895,0.5664611458778381,0.8429453372955322,-0.05593691021203995,0.5263691544532776,0.8315799832344055,-0.1179509162902832,0.5410221219062805,0.903968095779419,-0.13231520354747772,0.5595500469207764,0.9558131694793701,-0.1212245300412178,0.5423105955123901,0.8956515789031982,-0.06061839312314987,0.5155019164085388,0.8949021697044373,-0.10636290162801743,0.5320485234260559,0.94204181432724,-0.1079568862915039,0.5547537207603455,0.9799331426620483,-0.09483492374420166,S
0.6224299669265747,1.065407156944275,9.32034993184061e-07,0.6682604551315308,1.0393216609954834,-0.05955054983496666,0.6707941293716431,0.9834530353546143,-0.09058132767677307,0.6017241477966309,0.953227698802948,-0.11733707785606384,0.5444297790527344,0.9217491149902344,-0.14151978492736816,0.6590362191200256,0.8105241060256958,-0.06166331097483635,0.6558464765548706,0.6758973598480225,-0.10653650015592575,0.6506161093711853,0.5843273401260376,-0.13214753568172455,0.6409394145011902,0.5049363374710083,-0.14581382274627686,0.6072719693183899,0.8032669425010681,-0.05821329355239868,0.5695309638977051,0.6721639633178711,-0.10852572321891785,0.5302043557167053,0.5826476812362671,-0.13735537230968475,0.496817946434021,0.5060528516769409,-0.1474049687385559,0.570196807384491,0.836880624294281,-0.059935133904218674,0.5326123833656311,0.8253965377807617,-0.12577080726623535,0.5485018491744995,0.8998983502388,-0.13892455399036407,0.5670812129974365,0.9500339031219482,-0.1256522536277771,0.5446478128433228,0.8914650678634644,-0.06551159918308258,0.5205593109130859,0.8930044770240784,-0.1136961504817009,0.5402253270149231,0.9421249032020569,-0.11416537314653397,0.5641499161720276,0.9777019619941711,-0.0992198958992958,S
0.6209134459495544,1.0465348958969116,1.03534489426238e-06,0.6694279313087463,1.0246832370758057,-0.06237073987722397,0.6761976480484009,0.9757058620452881,-0.09761962294578552,0.6069710850715637,0.9443263411521912,-0.12852106988430023,0.5497557520866394,0.9074631929397583,-0.15672984719276428,0.6650141477584839,0.7908122539520264,-0.06867478042840958,0.6650095582008362,0.650088906288147,-0.11853553354740143,0.6626953482627869,0.5546724796295166,-0.14654184877872467,0.6547517776489258,0.47154420614242554,-0.16116894781589508,0.6115883588790894,0.7825533151626587,-0.06558366119861603,0.5774116516113281,0.6473885178565979,-0.12022624164819717,0.541063129901886,0.5571794509887695,-0.15012769401073456,0.5087313652038574,0.4785435199737549,-0.15980513393878937,0.5729560852050781,0.8165410757064819,-0.06784709542989731,0.5367844104766846,0.8076980113983154,-0.1383514106273651,0.5539763569831848,0.8849499821662903,-0.15197952091693878,0.5729202628135681,0.9354024529457092,-0.13773135840892792,0.5460415482521057,0.8724807500839233,-0.07403261959552765,0.526465892791748,0.8817206025123596,-0.12573765218257904,0.5473120808601379,0.9340516924858093,-0.1265696883201599,0.5706560611724854,0.9699702262878418,-0.11082924157381058,S
0.6374636888504028,1.0280529260635376,1.118049453907588e-06,0.6824893951416016,1.0103507041931152,-0.06648276001214981,0.6856427192687988,0.9585732221603394,-0.10463055968284607,0.6129792332649231,0.9206499457359314,-0.13781742751598358,0.5522290468215942,0.8800684213638306,-0.16857749223709106,0.6734349131584167,0.7683175802230835,-0.0763721838593483,0.6761701107025146,0.6222208738327026,-0.12915340065956116,0.6760376691818237,0.5223022103309631,-0.15869483351707458,0.6695613861083984,0.43628329038619995,-0.17418327927589417,0.6194267272949219,0.7611415386199951,-0.07272869348526001,0.5854665040969849,0.6190330982208252,-0.13030971586704254,0.5506525635719299,0.523387610912323,-0.1613689363002777,0.5190885663032532,0.4394490122795105,-0.17166994512081146,0.5805228352546692,0.7964879274368286,-0.07446227967739105,0.5417098999023438,0.7803435921669006,-0.14904077351093292,0.5576981902122498,0.8600534796714783,-0.16237883269786835,0.5762531161308289,0.9129518866539001,-0.14716142416000366,0.5531449317932129,0.8546587824821472,-0.08021417260169983,0.5298824906349182,0.8568687438964844,-0.13493084907531738,0.5502899289131165,0.9106979966163635,-0.13483351469039917,0.5738140344619751,0.9482036828994751,-0.1178666427731514,S
0.640067458152771,1.0209870338439941,1.2203337291794014e-06,0.6863621473312378,1.0071293115615845,-0.07348106056451797,0.6893350481987,0.9527034163475037,-0.11469361186027527,0.6144115924835205,0.9079923629760742,-0.14939072728157043,0.5536655187606812,0.8591384887695312,-0.1813332885503769,0.6803601980209351,0.7538670301437378,-0.08304471522569656,0.6890629529953003,0.6042982935905457,-0.14086516201496124,0.6903408765792847,0.49806803464889526,-0.1743369698524475,0.6871350407600403,0.40644872188568115,-0.19181272387504578,0.6250866055488586,0.7448430061340332,-0.07643257081508636,0.5944374799728394,0.5944958925247192,-0.13886049389839172,0.5606731176376343,0.4913494884967804,-0.17262035608291626,0.5308798551559448,0.40272459387779236,-0.1836443990468979,0.5847258567810059,0.7770277857780457,-0.07569403201341629,0.5476744771003723,0.7554020881652832,-0.15602363646030426,0.5633983016014099,0.8391956090927124,-0.17017464339733124,0.5810361504554749,0.8978117108345032,-0.15346497297286987,0.5572860240936279,0.8319575190544128,-0.0793694332242012,0.5368262529373169,0.8337400555610657,-0.13975144922733307,0.5583406090736389,0.8952409625053406,-0.14055044949054718,0.581278383731842,0.9397464990615845,-0.12233293801546097,S
0.6347012519836426,1.0266823768615723,1.2415137007337762e-06,0.6867451667785645,1.0124002695083618,-0.07543758302927017,0.6929320693016052,0.9484386444091797,-0.11530100554227829,0.6192024946212769,0.8941830396652222,-0.14806771278381348,0.5578281879425049,0.8399462103843689,-0.17798461019992828,0.6908072233200073,0.7418850660324097,-0.0802408829331398,0.7054578065872192,0.5890294909477234,-0.1361285150051117,0.710118293762207,0.4821474254131317,-0.1687345951795578,0.7102429866790771,0.38862648606300354,-0.18598145246505737,0.6336432695388794,0.7299896478652954,-0.07273370027542114,0.607699990272522,0.5720557570457458,-0.13442175090312958,0.5765885710716248,0.46284645795822144,-0.16942182183265686,0.5499267578125,0.37029576301574707,-0.18135611712932587,0.5904874801635742,0.7605463266372681,-0.07117132842540741,0.5543720126152039,0.7298438549041748,-0.15352751314640045,0.564294695854187,0.8207774758338928,-0.16923163831233978,0.577538251876831,0.8879674077033997,-0.15274372696876526,0.5609930753707886,0.8148159384727478,-0.07403243333101273,0.5392999649047852,0.8167473077774048,-0.1388055384159088,0.5573078989982605,0.8873716592788696,-0.1416630744934082,0.5773494243621826,0.9405487775802612,-0.12382806092500687,S
0.6377934813499451,1.0225509405136108,1.2304884648983716e-06,0.6859127879142761,1.0088372230529785,-0.07893089205026627,0.6949470639228821,0.9439979791641235,-0.12090809643268585,0.6253884434700012,0.8760605454444885,-0.15562045574188232,0.5621374249458313,0.8154836893081665,-0.18719881772994995,0.6994228959083557,0.7307794094085693,-0.0828620195388794,0.718636155128479,0.5771085619926453,-0.1377568393945694,0.7287975549697876,0.4716828465461731,-0.17005737125873566,0.7327184081077576,0.37923359870910645,-0.1876494437456131,0.6426568031311035,0.7166337370872498,-0.0744737759232521,0.6213092803955078,0.5521688461303711,-0.13690128922462463,0.5928651690483093,0.4411203861236572,-0.17144760489463806,0.5680128335952759,0.3489047586917877,-0.18353232741355896,0.5983503460884094,0.7474522590637207,-0.07233666628599167,0.5623272657394409,0.7050509452819824,-0.15459030866622925,0.5694547295570374,0.7988784909248352,-0.16890542209148407,0.5820126533508301,0.868373692035675,-0.1519896537065506,0.5675123929977417,0.8032588362693787,-0.07500867545604706,0.5412858724594116,0.7896907329559326,-0.13825079798698425,0.5563508868217468,0.8614354729652405,-0.1394304484128952,0.5770891308784485,0.9182118773460388,-0.12126502394676208,S
0.6384873390197754,1.0255827903747559,1.185355586130754e-06,0.6857481598854065,1.01304292678833,-0.07920148968696594,0.6955413222312927,0.9474073052406311,-0.12102549523115158,0.6278511881828308,0.8752554655075073,-0.15557724237442017,0.5641430020332336,0.8138824105262756,-0.1870020478963852,0.7053134441375732,0.733917236328125,-0.08501335978507996,0.730204164981842,0.582703709602356,-0.13947884738445282,0.7430217862129211,0.4780168831348419,-0.17197267711162567,0.7493595480918884,0.3864598572254181,-0.19050775468349457,0.6491829752922058,0.7163721323013306,-0.07673944532871246,0.632286012172699,0.5491445660591125,-0.1381743997335434,0.6074193120002747,0.43376266956329346,-0.1732199639081955,0.585903525352478,0.33699214458465576,-0.18732525408267975,0.603766918182373,0.7456724643707275,-0.07452178746461868,0.5676032900810242,0.6935715079307556,-0.15484564006328583,0.5745255947113037,0.7896811962127686,-0.1678197830915451,0.5868351459503174,0.8610357642173767,-0.1515277922153473,0.5707048773765564,0.8019605875015259,-0.077238529920578,0.5435979962348938,0.7793207168579102,-0.1380443274974823,0.5577816963195801,0.8497252464294434,-0.13816727697849274,0.5771719813346863,0.9059871435165405,-0.1207345724105835,S
0.6345264315605164,1.0261529684066772,1.1945946880587144e-06,0.6823005080223083,1.0147401094436646,-0.07848010957241058,0.6918950080871582,0.9485543370246887,-0.11832932382822037,0.625697135925293,0.87893146276474,-0.15106740593910217,0.5643581748008728,0.8179150223731995,-0.18034504354000092,0.7074772715568542,0.7352699637413025,-0.07938378304243088,0.7372099757194519,0.5896214246749878,-0.13387101888656616,0.7538323998451233,0.4868137836456299,-0.16702470183372498,0.7631083726882935,0.3965161144733429,-0.1858273297548294,0.6528275609016418,0.7161093950271606,-0.07116007059812546,0.6398490071296692,0.549353301525116,-0.13241641223430634,0.6178671717643738,0.4331373870372772,-0.1682910919189453,0.5987509489059448,0.33421558141708374,-0.18264760076999664,0.6074219942092896,0.7444797158241272,-0.06938241422176361,0.5694701075553894,0.6984596252441406,-0.15083594620227814,0.5741667151451111,0.7971000075340271,-0.16562482714653015,0.5868836045265198,0.8679447174072266,-0.14981454610824585,0.5736507177352905,0.7999340295791626,-0.07242994755506516,0.5444525480270386,0.7853673100471497,-0.1343497633934021,0.5580183267593384,0.8597975373268127,-0.13548718392848969,0.5783663392066956,0.917092502117157,-0.11831039190292358,S
0.6246609687805176,1.040971040725708,1.1278173133177916e-06,0.6754431128501892,1.0284943580627441,-0.07101639360189438,0.6924312114715576,0.9569568634033203,-0.10636719316244125,0.6267654299736023,0.8835052251815796,-0.1363474577665329,0.5689852237701416,0.8198279738426208,-0.16289131343364716,0.7100632190704346,0.7479797005653381,-0.0660313218832016,0.7424678802490234,0.6021509170532227,-0.11563458293676376,0.7600646615028381,0.49990981817245483,-0.14521650969982147,0.7705556750297546,0.41048604249954224,-0.16187505424022675,0.654446005821228,0.7253291606903076,-0.060863006860017776,0.6445367932319641,0.5593811869621277,-0.11789467185735703,0.6241165995597839,0.4418097138404846,-0.15121515095233917,0.6070420742034912,0.34384453296661377,-0.16384366154670715,0.6080808043479919,0.7516064643859863,-0.06193588301539421,0.5730729103088379,0.696803092956543,-0.14045874774456024,0.5745863318443298,0.7927019596099854,-0.15356718003749847,0.5833654403686523,0.863854706287384,-0.13692006468772888,0.572554886341095,0.806543231010437,-0.06742224842309952,0.5456758737564087,0.7876969575881958,-0.12910999357700348,0.5581437349319458,0.8601027727127075,-0.13004064559936523,0.5768064260482788,0.9171796441078186,-0.11227452009916306,S
0.6202952265739441,1.046809196472168,1.0487251529411878e-06,0.6722499132156372,1.035581111907959,-0.0677667185664177,0.6898544430732727,0.963752806186676,-0.10173474997282028,0.6242691278457642,0.8933290243148804,-0.13101039826869965,0.5657428503036499,0.8326957821846008,-0.15737603604793549,0.7132245898246765,0.7609615921974182,-0.06392913311719894,0.7452074289321899,0.6199032068252563,-0.11440756171941757,0.7646562457084656,0.5215434432029724,-0.14467984437942505,0.7771336436271667,0.4328709840774536,-0.1616395115852356,0.657967209815979,0.7337706089019775,-0.060160521417856216,0.6472035050392151,0.5678456425666809,-0.11708925664424896,0.6271306276321411,0.45244038105010986,-0.1502448469400406,0.6108502149581909,0.35380250215530396,-0.1625032126903534,0.610840916633606,0.7563650012016296,-0.06252777576446533,0.5729838609695435,0.7070459127426147,-0.14198313653469086,0.573813259601593,0.8084315061569214,-0.15743044018745422,0.5833764672279358,0.8824499249458313,-0.14197081327438354,0.5736919045448303,0.8083574175834656,-0.06888019293546677,0.5448415279388428,0.7999802827835083,-0.13157355785369873,0.556297242641449,0.8768859505653381,-0.13449469208717346,0.575442910194397,0.9352281093597412,-0.11810074001550674,S
0.6224887371063232,1.044677734375,1.0161046475332114e-06,0.6747997999191284,1.0337896347045898,-0.06751522421836853,0.6934270262718201,0.964417576789856,-0.10216842591762543,0.6268482208251953,0.8948032259941101,-0.13181161880493164,0.5666412115097046,0.8361409306526184,-0.15900245308876038,0.7159201502799988,0.765146017074585,-0.06683214008808136,0.7518322467803955,0.6298123002052307,-0.11492685973644257,0.7734391689300537,0.5364841222763062,-0.14416970312595367,0.7878690958023071,0.4505906105041504,-0.16141557693481445,0.6624111533164978,0.7364789843559265,-0.0625738725066185,0.6548924446105957,0.5742155313491821,-0.11651251465082169,0.6365687847137451,0.459635853767395,-0.14969365298748016,0.6215723156929016,0.36017993092536926,-0.16374927759170532,0.6154007911682129,0.7575445771217346,-0.06381558626890182,0.5805384516716003,0.7056269645690918,-0.13917326927185059,0.5779239535331726,0.802030622959137,-0.1556944102048874,0.5835658311843872,0.8745766878128052,-0.14327870309352875,0.5787120461463928,0.8079883456230164,-0.0690213218331337,0.5479080677032471,0.7977243661880493,-0.12982462346553802,0.5572375059127808,0.8719763159751892,-0.13417164981365204,0.5749413371086121,0.9309561252593994,-0.12012112140655518,S
0.6216297149658203,1.040480136871338,1.0118560567207169e-06,0.675815224647522,1.0325016975402832,-0.06547839194536209,0.696417510509491,0.9672501087188721,-0.09987042099237442,0.6315807700157166,0.8983879685401917,-0.12949992716312408,0.5738077759742737,0.8396353125572205,-0.15703515708446503,0.7225037217140198,0.7735480070114136,-0.0671987533569336,0.7611302137374878,0.64570152759552,-0.11659380048513412,0.7849250435829163,0.5564945936203003,-0.14717288315296173,0.8022503852844238,0.47247493267059326,-0.16525471210479736,0.6691468358039856,0.7401461005210876,-0.06393716484308243,0.664458692073822,0.5795532464981079,-0.11729376018047333,0.6490983366966248,0.46574026346206665,-0.14989368617534637,0.6363126635551453,0.36619797348976135,-0.16390517354011536,0.6214413642883301,0.7584288120269775,-0.06591972708702087,0.5859290957450867,0.7076338529586792,-0.13987968862056732,0.5833271741867065,0.8022691607475281,-0.15509963035583496,0.5882102847099304,0.8739292025566101,-0.14252477884292603,0.5835332274436951,0.8076589703559875,-0.0718478411436081,0.5537030696868896,0.7999100685119629,-0.1321357935667038,0.5625454187393188,0.8752611875534058,-0.13565340638160706,0.5791629552841187,0.9352737069129944,-0.12121542543172836,S
0.623150646686554,1.0391528606414795,1.0080316314997617e-06,0.6764763593673706,1.0347092151641846,-0.06564600765705109,0.6992167234420776,0.9720457196235657,-0.10016947239637375,0.6368052959442139,0.9053295254707336,-0.12970705330371857,0.5801635384559631,0.8465888500213623,-0.15694096684455872,0.7263447046279907,0.778984546661377,-0.06686947494745255,0.7670555114746094,0.6570292711257935,-0.11609998345375061,0.7923563122749329,0.5715780854225159,-0.14602912962436676,0.8105872869491577,0.49065765738487244,-0.1632446050643921,0.6735233664512634,0.7431460618972778,-0.0630183145403862,0.6703448295593262,0.5851647853851318,-0.11693158000707626,0.656663715839386,0.4734266996383667,-0.14891864359378815,0.6448975205421448,0.37530186772346497,-0.16175296902656555,0.6254329085350037,0.7589046359062195,-0.06446264684200287,0.5910322070121765,0.7147117257118225,-0.13954365253448486,0.5879848003387451,0.8118663430213928,-0.15532426536083221,0.5922040343284607,0.8844419121742249,-0.14226564764976501,0.5864816904067993,0.8050124645233154,-0.06975705176591873,0.558074951171875,0.8042497038841248,-0.13050758838653564,0.565700113773346,0.8811815977096558,-0.13447868824005127,0.5807190537452698,0.9412887692451477,-0.11993900686502457,S
0.6266602277755737,1.046635627746582,1.026083623401064e-06,0.6793468594551086,1.0430920124053955,-0.06529873609542847,0.7005001306533813,0.9798274040222168,-0.10035061836242676,0.6416077613830566,0.9121504426002502,-0.13034866750240326,0.5864930748939514,0.8516947031021118,-0.15840211510658264,0.7281582951545715,0.7893944382667542,-0.07046812027692795,0.7705366015434265,0.6687566637992859,-0.12110833823680878,0.7982466816902161,0.5848397016525269,-0.15155954658985138,0.8183836936950684,0.504328727722168,-0.16890569031238556,0.6758443117141724,0.751823365688324,-0.0669766291975975,0.6762040257453918,0.59372878074646,-0.1222621500492096,0.6650610566139221,0.48239684104919434,-0.15379983186721802,0.6545729041099548,0.3841661512851715,-0.16626039147377014,0.627398669719696,0.7659085988998413,-0.0685485228896141,0.5932380557060242,0.715538740158081,-0.14502352476119995,0.5887449383735657,0.8156142830848694,-0.15983889997005463,0.5922867655754089,0.8906179666519165,-0.14612160623073578,0.5875262022018433,0.811610221862793,-0.07391296327114105,0.5592966675758362,0.8092387318611145,-0.13686513900756836,0.5654853582382202,0.8896798491477966,-0.14096906781196594,0.579849123954773,0.9528953433036804,-0.12629273533821106,S
0.6242446303367615,1.041366696357727,1.0484227459528483e-06,0.6777374148368835,1.0380535125732422,-0.06492109596729279,0.700407862663269,0.9759985208511353,-0.10021277517080307,0.6394684910774231,0.9103438258171082,-0.1305554211139679,0.5843766927719116,0.8511093258857727,-0.15869802236557007,0.7277308702468872,0.7872940301895142,-0.06949704140424728,0.7712200284004211,0.6696578860282898,-0.11965019255876541,0.798725962638855,0.587908923625946,-0.1500254124403,0.8188613653182983,0.5095967650413513,-0.16766297817230225,0.6745429039001465,0.751067042350769,-0.0666906088590622,0.6765656471252441,0.5944242477416992,-0.12139348685741425,0.6655961871147156,0.48456618189811707,-0.15309639275074005,0.6552615761756897,0.3873991370201111,-0.16617682576179504,0.6250438690185547,0.766169011592865,-0.06901023536920547,0.5955209136009216,0.7142553925514221,-0.14561545848846436,0.5930030941963196,0.8152300119400024,-0.1603955179452896,0.5975990891456604,0.8899305462837219,-0.14701895415782928,0.5835403800010681,0.8129101991653442,-0.07502604275941849,0.5581217408180237,0.807526707649231,-0.13826505839824677,0.5657162070274353,0.887090802192688,-0.14241014420986176,0.5806111693382263,0.9487353563308716,-0.12806442379951477,S
0.6163685321807861,1.0229885578155518,1.0623931530062691e-06,0.6704506278038025,1.0275129079818726,-0.06657371670007706,0.6973709464073181,0.973499596118927,-0.10249216854572296,0.6370012164115906,0.9079616069793701,-0.1333627998828888,0.584492027759552,0.846834659576416,-0.16184601187705994,0.7236250638961792,0.7841765880584717,-0.06976639479398727,0.7673292756080627,0.6677072048187256,-0.12011014670133591,0.7948780655860901,0.5867447853088379,-0.14925865828990936,0.8148882389068604,0.5102919340133667,-0.165156289935112,0.6704437136650085,0.7449856996536255,-0.06586749851703644,0.6695747971534729,0.5879974961280823,-0.12076045572757721,0.6602288484573364,0.48087838292121887,-0.15073135495185852,0.6516405940055847,0.3873066008090973,-0.16129142045974731,0.6212773323059082,0.7578432559967041,-0.06751377135515213,0.5897606611251831,0.7205577492713928,-0.14418894052505493,0.5923848748207092,0.8204007148742676,-0.1593373417854309,0.599946916103363,0.8932231068611145,-0.14513063430786133,0.5793706178665161,0.8008543848991394,-0.07297295331954956,0.5564129948616028,0.807266116142273,-0.13458305597305298,0.5668616890907288,0.8864137530326843,-0.13860715925693512,0.5818145275115967,0.9458483457565308,-0.1238803118467331,S
0.6172547340393066,1.0269235372543335,1.0476127272340818e-06,0.6696081757545471,1.0296192169189453,-0.06668055057525635,0.6943241953849792,0.9728418588638306,-0.10328298062086105,0.6355452537536621,0.9038652777671814,-0.1348525434732437,0.5823770761489868,0.8400127291679382,-0.16405203938484192,0.7198195457458496,0.7813949584960938,-0.07003125548362732,0.7626869678497314,0.6613826751708984,-0.12042252719402313,0.7895350456237793,0.5789960026741028,-0.15052546560764313,0.8086605072021484,0.5007308721542358,-0.167889803647995,0.6665335297584534,0.7438884377479553,-0.06699975579977036,0.6655251979827881,0.5862133502960205,-0.12322667241096497,0.6553153991699219,0.47914910316467285,-0.15485018491744995,0.6453176140785217,0.3838958144187927,-0.16677024960517883,0.6173973679542542,0.7578272223472595,-0.06937377154827118,0.5867125391960144,0.7099279761314392,-0.14678145945072174,0.5900809168815613,0.8119155764579773,-0.16068510711193085,0.5981062650680542,0.8846281170845032,-0.1458640992641449,0.5755001306533813,0.8027151226997375,-0.07560992240905762,0.5522328019142151,0.7979838848114014,-0.13832564651966095,0.5636025667190552,0.8764108419418335,-0.1416100263595581,0.5794201493263245,0.9349533319473267,-0.12634232640266418,S
0.6159136891365051,1.0180857181549072,1.0806239743033075e-06,0.6679624915122986,1.0228676795959473,-0.07096277922391891,0.6924998164176941,0.9696654677391052,-0.10965660959482193,0.6327123641967773,0.8984429836273193,-0.14245274662971497,0.5788854360580444,0.8323401212692261,-0.17243441939353943,0.717452347278595,0.7733267545700073,-0.07484998553991318,0.7566542029380798,0.6501926183700562,-0.12576374411582947,0.781460702419281,0.5657458305358887,-0.15600933134555817,0.799309253692627,0.4860287606716156,-0.17339995503425598,0.6637199521064758,0.7364290952682495,-0.06952603161334991,0.6592535972595215,0.5768768787384033,-0.1253584325313568,0.6482065320014954,0.4679293930530548,-0.15668423473834991,0.6384695768356323,0.37289026379585266,-0.16880837082862854,0.6148892045021057,0.7514075636863708,-0.06983679533004761,0.5825238227844238,0.7065687775611877,-0.14665842056274414,0.5862374305725098,0.8051377534866333,-0.16100327670574188,0.5944262742996216,0.8772914409637451,-0.14673751592636108,0.573501706123352,0.7969198226928711,-0.0744074359536171,0.549713671207428,0.7929604649543762,-0.1362621784210205,0.5614046454429626,0.8690519332885742,-0.13986094295978546,0.5768736004829407,0.9277786016464233,-0.12509660422801971,S
0.6193754076957703,1.016495704650879,1.0177855074289255e-06,0.6703586578369141,1.0185405015945435,-0.0701853334903717,0.691472053527832,0.9623327851295471,-0.10775286704301834,0.6281266212463379,0.8937778472900391,-0.13969600200653076,0.569942831993103,0.8304449319839478,-0.16880793869495392,0.7090855836868286,0.7631816267967224,-0.07076402753591537,0.7399104237556458,0.6327545642852783,-0.11927488446235657,0.7587546110153198,0.5454394221305847,-0.1477588266134262,0.7719180583953857,0.4646713137626648,-0.16420114040374756,0.6559280753135681,0.7306274175643921,-0.06640908122062683,0.6444545388221741,0.5667465329170227,-0.12056268751621246,0.6275082230567932,0.45828574895858765,-0.15200485289096832,0.6135610342025757,0.3653070628643036,-0.16393813490867615,0.6087744235992432,0.7492637634277344,-0.0679328441619873,0.5749028325080872,0.7035281658172607,-0.14392398297786713,0.5794616341590881,0.8016279935836792,-0.15979251265525818,0.5888885855674744,0.8720746040344238,-0.14630776643753052,0.5698013305664062,0.7969927191734314,-0.0735124945640564,0.5439659953117371,0.7877048850059509,-0.1335785984992981,0.5566620826721191,0.8612524271011353,-0.13717417418956757,0.5731603503227234,0.9174062013626099,-0.12267285585403442,S
0.6231662034988403,1.027925729751587,9.696390179669834e-07,0.6730377674102783,1.0173033475875854,-0.06724511831998825,0.6912431120872498,0.9531705379486084,-0.10247918963432312,0.623668372631073,0.8921633958816528,-0.13298305869102478,0.5600303411483765,0.836939811706543,-0.16042841970920563,0.6892058849334717,0.7420549988746643,-0.06587163358926773,0.7106673121452332,0.5912173390388489,-0.11320255696773529,0.7206264734268188,0.49397629499435425,-0.13998627662658691,0.7257733941078186,0.4085078537464142,-0.1542038470506668,0.6340973377227783,0.7262599468231201,-0.06205810233950615,0.6108880639076233,0.5639394521713257,-0.11616690456867218,0.5832232236862183,0.457533597946167,-0.14679382741451263,0.5610753893852234,0.3676832914352417,-0.15677747130393982,0.5889091491699219,0.7555379271507263,-0.0643487349152565,0.5595558881759644,0.7256168723106384,-0.13923294842243195,0.5716425180435181,0.8138258457183838,-0.155750572681427,0.5867376327514648,0.8764050006866455,-0.14203402400016785,0.5543991923332214,0.8096108436584473,-0.07064910233020782,0.5329594016075134,0.8050883412361145,-0.12801262736320496,0.5526301264762878,0.8736339211463928,-0.13052313029766083,0.5745038986206055,0.9264727830886841,-0.11474675685167313,S
0.6361467242240906,1.0244344472885132,9.742153679326293e-07,0.6817363500595093,0.9986886382102966,-0.07022331655025482,0.6916343569755554,0.9258257150650024,-0.10566569119691849,0.6152480840682983,0.8760775923728943,-0.13670656085014343,0.5434973835945129,0.8336399793624878,-0.16419270634651184,0.6572928428649902,0.7098066806793213,-0.06256915628910065,0.6490641832351685,0.5489823222160339,-0.10981914401054382,0.6431499123573303,0.44850972294807434,-0.13622769713401794,0.6366024613380432,0.3636395335197449,-0.1503194123506546,0.6042236089706421,0.7169919013977051,-0.05957570672035217,0.5602059364318848,0.5611155033111572,-0.11396484822034836,0.5236279368400574,0.46648499369621277,-0.1438872367143631,0.4937516748905182,0.3899395763874054,-0.15296457707881927,0.5677410960197449,0.7621721029281616,-0.06446471810340881,0.5292162895202637,0.742431104183197,-0.14274071156978607,0.554912805557251,0.8278268575668335,-0.1614420861005783,0.5822891592979431,0.8835375308990479,-0.14846841990947723,0.5421351790428162,0.8285076022148132,-0.07379330694675446,0.5158722400665283,0.8252033591270447,-0.13360384106636047,0.5451412200927734,0.8860735297203064,-0.13891449570655823,0.5760118961334229,0.9286418557167053,-0.12559743225574493,S
0.64555823802948,1.0147346258163452,9.849462685451726e-07,0.6870890855789185,0.9766157865524292,-0.07433133572340012,0.685276985168457,0.9018891453742981,-0.11096788942813873,0.6007513403892517,0.8718897104263306,-0.1422165334224701,0.5258837342262268,0.8432773351669312,-0.16984131932258606,0.6367262005805969,0.6961929798126221,-0.06414104998111725,0.6129997372627258,0.542099118232727,-0.11047562211751938,0.5960056781768799,0.44150403141975403,-0.13806582987308502,0.5804347395896912,0.35609301924705505,-0.1540343463420868,0.5846853256225586,0.7119652032852173,-0.058366335928440094,0.5306361317634583,0.5702117681503296,-0.11230167001485825,0.48364996910095215,0.4851343333721161,-0.14420899748802185,0.44585278630256653,0.4160735309123993,-0.15608510375022888,0.5523210167884827,0.763580858707428,-0.060680728405714035,0.513934314250946,0.7424268126487732,-0.13635966181755066,0.5420222282409668,0.8212690949440002,-0.15695400536060333,0.5688395500183105,0.8724201917648315,-0.1470586210489273,0.5329778790473938,0.8324853181838989,-0.0679045096039772,0.5097412467002869,0.8284440636634827,-0.1251547634601593,0.5380192995071411,0.8812316656112671,-0.13219718635082245,0.5663999319076538,0.9162218570709229,-0.12168975919485092,S
0.6461586952209473,1.028931975364685,1.1038171123800566e-06,0.6866884231567383,0.9897003173828125,-0.0822664126753807,0.6816324591636658,0.9164189696311951,-0.12256070226430893,0.5985980033874512,0.8860527276992798,-0.15542803704738617,0.5235676765441895,0.8546638488769531,-0.1844363957643509,0.6373531222343445,0.7069029211997986,-0.07448616623878479,0.6096404790878296,0.554432213306427,-0.12494075298309326,0.5902666449546814,0.4505133330821991,-0.15582577884197235,0.5717377662658691,0.36433860659599304,-0.17315565049648285,0.5842280387878418,0.7243198752403259,-0.06420738250017166,0.529891848564148,0.5817657709121704,-0.12043744325637817,0.4820176959037781,0.49432435631752014,-0.15385669469833374,0.4432932138442993,0.42449936270713806,-0.16656196117401123,0.5501031875610352,0.7775562405586243,-0.06218263506889343,0.5090042352676392,0.7538147568702698,-0.13922448456287384,0.534011721611023,0.829932451248169,-0.1597081869840622,0.5594106912612915,0.8811184167861938,-0.149247944355011,0.5299948453903198,0.845975399017334,-0.06573854386806488,0.5074301958084106,0.8434663414955139,-0.12621161341667175,0.5355424284934998,0.8936775326728821,-0.13454416394233704,0.5635330677032471,0.9274763464927673,-0.12375882267951965,S
0.6550081372261047,1.023346185684204,1.1397924026823603e-06,0.6898819804191589,0.98492431640625,-0.07889016717672348,0.6803399920463562,0.9181284308433533,-0.11818651854991913,0.5964939594268799,0.8929533958435059,-0.1513454169034958,0.5212956666946411,0.8661647439002991,-0.18087199330329895,0.6372241973876953,0.7086958289146423,-0.06972239166498184,0.6122623085975647,0.5594122409820557,-0.11884784698486328,0.5942158102989197,0.45712825655937195,-0.14933721721172333,0.5764902234077454,0.3729493319988251,-0.16639235615730286,0.5864225029945374,0.7270689606666565,-0.06133134663105011,0.5353500247001648,0.5880576968193054,-0.11562773585319519,0.48736098408699036,0.49805477261543274,-0.14885900914669037,0.4480648934841156,0.4255734086036682,-0.16189731657505035,0.5534167289733887,0.7820283770561218,-0.061103083193302155,0.5124331712722778,0.7593231797218323,-0.13681504130363464,0.5350751876831055,0.8382679224014282,-0.1570776104927063,0.559581995010376,0.8904943466186523,-0.1467100977897644,0.5335189700126648,0.8531476855278015,-0.06619496643543243,0.5074495673179626,0.8534618020057678,-0.12571993470191956,0.5339706540107727,0.9026370048522949,-0.13350164890289307,0.5625159740447998,0.9342676997184753,-0.12234953790903091,S
0.6588982343673706,1.0296624898910522,1.1649747193587245e-06,0.6963513493537903,0.9945953488349915,-0.08004298806190491,0.6817859411239624,0.9306214451789856,-0.11934095621109009,0.5980743169784546,0.9087322950363159,-0.15145094692707062,0.5267670154571533,0.8786033391952515,-0.17979514598846436,0.6441004276275635,0.7254655361175537,-0.07661782950162888,0.6198051571846008,0.5748587846755981,-0.12686820328235626,0.6017521023750305,0.4720417857170105,-0.156611829996109,0.5835828185081482,0.38719454407691956,-0.1724661886692047,0.5916256308555603,0.7407221794128418,-0.06691455841064453,0.5370016694068909,0.596940279006958,-0.12119130045175552,0.4875800609588623,0.5040894746780396,-0.1524931937456131,0.4475322365760803,0.42893606424331665,-0.16384445130825043,0.558555543422699,0.7922192811965942,-0.06496948003768921,0.5130468606948853,0.770401656627655,-0.13997122645378113,0.5342153906822205,0.8477906584739685,-0.1578686237335205,0.5583340525627136,0.9005692005157471,-0.14554308354854584,0.5392648577690125,0.8602871298789978,-0.06851581484079361,0.5116545557975769,0.8571767807006836,-0.12644952535629272,0.5353959798812866,0.9048682451248169,-0.13206139206886292,0.5615461468696594,0.9389535188674927,-0.11928346753120422,S
0.6594061851501465,1.0267690420150757,1.1654898344204412e-06,0.6963857412338257,0.9942499399185181,-0.0778132900595665,0.6841617226600647,0.9354846477508545,-0.11716530472040176,0.6014891266822815,0.9170975685119629,-0.1498311460018158,0.5309174656867981,0.8902243375778198,-0.1788703054189682,0.6448912024497986,0.7314350605010986,-0.07696227729320526,0.6217607855796814,0.5802236199378967,-0.12810048460960388,0.6036707162857056,0.4773922264575958,-0.15797387063503265,0.5852961540222168,0.39243724942207336,-0.17379401624202728,0.5916892886161804,0.7447509169578552,-0.06824013590812683,0.5374279022216797,0.603181004524231,-0.12330812215805054,0.48901548981666565,0.5124151706695557,-0.15410216152668,0.45030930638313293,0.437696635723114,-0.16495531797409058,0.5587849617004395,0.7945272326469421,-0.06692920625209808,0.512906014919281,0.7762050032615662,-0.14148098230361938,0.5358592867851257,0.8545040488243103,-0.15733890235424042,0.5619815587997437,0.9062306880950928,-0.1437556892633438,0.5404256582260132,0.861382246017456,-0.07095947861671448,0.5120149850845337,0.8626573085784912,-0.12758329510688782,0.5359025001525879,0.9102701544761658,-0.13127245008945465,0.5631170272827148,0.9430931210517883,-0.11718444526195526,S
0.6567083597183228,1.026993989944458,1.199661596729129e-06,0.6976186037063599,0.9958139061927795,-0.08042727410793304,0.6909188032150269,0.9340018033981323,-0.12092556059360504,0.6085201501846313,0.9154621362686157,-0.15390104055404663,0.5346701741218567,0.892566978931427,-0.18346728384494781,0.6491329669952393,0.7327407002449036,-0.08184535801410675,0.624594509601593,0.5810024738311768,-0.13391830027103424,0.6060267686843872,0.4784916043281555,-0.16374479234218597,0.5880793929100037,0.3928048312664032,-0.17947813868522644,0.5940964818000793,0.7465502619743347,-0.07209888845682144,0.5368685722351074,0.6066918969154358,-0.12803508341312408,0.48859864473342896,0.515562891960144,-0.15943533182144165,0.4504062533378601,0.4398350119590759,-0.17068493366241455,0.5597860813140869,0.7964329123497009,-0.06977324187755585,0.5183181762695312,0.784447431564331,-0.14585210382938385,0.5420604348182678,0.8615842461585999,-0.1634768396615982,0.5672435164451599,0.9126694798469543,-0.15088558197021484,0.5398802757263184,0.8619452714920044,-0.07281002402305603,0.5176334977149963,0.8689501881599426,-0.13101238012313843,0.5436340570449829,0.9171313047409058,-0.13640043139457703,0.5698868036270142,0.9496626257896423,-0.1234038770198822,S
0.6575607061386108,1.0282068252563477,1.1429859796407982e-06,0.7024840712547302,0.981044590473175,-0.06993088126182556,0.7030246257781982,0.9070562720298767,-0.10525491833686829,0.6218822002410889,0.8956624269485474,-0.13567550480365753,0.5487287640571594,0.8915656208992004,-0.16325987875461578,0.6420045495033264,0.7175936698913574,-0.06517603248357773,0.614295482635498,0.5638783574104309,-0.11253683269023895,0.5945244431495667,0.4606166183948517,-0.13973890244960785,0.5746004581451416,0.3766123652458191,-0.15430963039398193,0.5881315469741821,0.739669144153595,-0.059929631650447845,0.5289785265922546,0.6089410185813904,-0.11382832378149033,0.47954249382019043,0.5260500907897949,-0.14571423828601837,0.43898919224739075,0.45802173018455505,-0.15728025138378143,0.5557206869125366,0.7944640517234802,-0.06171764060854912,0.5244352221488953,0.7905123829841614,-0.13461647927761078,0.5511484742164612,0.8585840463638306,-0.15450118482112885,0.5755611658096313,0.9038066864013672,-0.14420337975025177,0.5379781126976013,0.8632310628890991,-0.06803324073553085,0.5237719416618347,0.8704991936683655,-0.12195098400115967,0.5550907254219055,0.9138116836547852,-0.1267758011817932,0.5832351446151733,0.9428914785385132,-0.11422041803598404,S
0.692136287689209,1.001085877418518,9.809522225623368e-07,0.7246809601783752,0.9240115284919739,-0.04007124900817871,0.7148170471191406,0.8370094895362854,-0.06163233146071434,0.6433919668197632,0.8421503305435181,-0.08387479931116104,0.5787598490715027,0.8756396770477295,-0.10533425956964493,0.617620587348938,0.6982906460762024,-0.04174237698316574,0.5755424499511719,0.5465034246444702,-0.0792352482676506,0.55014967918396,0.4536322057247162,-0.10002730786800385,0.525429904460907,0.37687113881111145,-0.11218684166669846,0.5685519576072693,0.7411649227142334,-0.050648320466279984,0.5008609890937805,0.6178460121154785,-0.09569168835878372,0.44584667682647705,0.550719141960144,-0.1237870380282402,0.3985631763935089,0.5009421110153198,-0.1349131166934967,0.5449739098548889,0.8084369897842407,-0.06383693963289261,0.510567307472229,0.7988929152488708,-0.1282995343208313,0.5437988042831421,0.8444956541061401,-0.14957304298877716,0.5731996297836304,0.8792265057563782,-0.14448045194149017,0.5412066578865051,0.8887172937393188,-0.07903075218200684,0.5356940627098083,0.9088115692138672,-0.1286933720111847,0.5790151953697205,0.9377232789993286,-0.13567474484443665,0.6177963018417358,0.957081139087677,-0.1276465505361557,S
0.7271041870117188,0.9402375817298889,8.756418310440495e-07,0.7254706621170044,0.8382645845413208,-0.030720843002200127,0.6862151622772217,0.7589117288589478,-0.04708118736743927,0.6141360402107239,0.7956255674362183,-0.0652669221162796,0.5642726421356201,0.8619946837425232,-0.0840984508395195,0.5777996778488159,0.6836791634559631,-0.03241761773824692,0.5159217715263367,0.5615965127944946,-0.06166154146194458,0.4763265550136566,0.4930971562862396,-0.07823944091796875,0.43901318311691284,0.44027599692344666,-0.08840519934892654,0.541351854801178,0.7468585968017578,-0.042171016335487366,0.4623464345932007,0.6639223098754883,-0.07691142708063126,0.4002422094345093,0.6244406700134277,-0.09995244443416595,0.3460811376571655,0.6003351211547852,-0.11019217222929001,0.5324152112007141,0.8239997029304504,-0.05514253303408623,0.49926432967185974,0.8280695080757141,-0.10771658271551132,0.5413678884506226,0.8471792340278625,-0.12716837227344513,0.577375054359436,0.8630609512329102,-0.12456885725259781,0.5443885326385498,0.9045307636260986,-0.06966162472963333,0.5393605828285217,0.9278795719146729,-0.11123961210250854,0.5826753377914429,0.9318968057632446,-0.118233323097229,0.623587429523468,0.9333208203315735,-0.11250720918178558,S
0.7449371814727783,0.9100944995880127,7.694242185607436e-07,0.721156120300293,0.7934446334838867,-0.026454385370016098,0.6611207127571106,0.7169056534767151,-0.03919527307152748,0.5874283909797668,0.7702584862709045,-0.053726933896541595,0.5438663363456726,0.8379073143005371,-0.06808816641569138,0.5550100207328796,0.699552059173584,-0.023016799241304398,0.4801279306411743,0.6093976497650146,-0.04844467341899872,0.4342261552810669,0.556525468826294,-0.06416109949350357,0.39325040578842163,0.5155473947525024,-0.07452596724033356,0.5272478461265564,0.7733569741249084,-0.03263117000460625,0.4364619255065918,0.7280352711677551,-0.062295421957969666,0.37180182337760925,0.7157449722290039,-0.0834878459572792,0.315386027097702,0.7153175473213196,-0.0943482369184494,0.5291576981544495,0.8504469394683838,-0.044881705194711685,0.4822066128253937,0.8548689484596252,-0.09233570843935013,0.5290354490280151,0.8538603782653809,-0.10454687476158142,0.5707187652587891,0.8570660948753357,-0.09943526983261108,0.5528249144554138,0.9292829036712646,-0.05852607265114784,0.5366226434707642,0.9408740997314453,-0.0990365669131279,0.5793827176094055,0.9295806884765625,-0.10161061584949493,0.6209881901741028,0.9224016666412354,-0.09321777522563934,S
0.7591278553009033,0.880810558795929,6.126451808086131e-07,0.7155835628509521,0.7632295489311218,-0.02424451895058155,0.6342794299125671,0.6870562434196472,-0.02790549397468567,0.5605021119117737,0.7401042580604553,-0.03321274742484093,0.5292232036590576,0.8236953020095825,-0.03734119236469269,0.5265517234802246,0.7169659733772278,0.004395180381834507,0.451556921005249,0.6656819581985474,-0.009283879771828651,0.4016544222831726,0.6427940130233765,-0.02071312442421913,0.3582371473312378,0.6258009672164917,-0.030043134465813637,0.5112036466598511,0.8030513525009155,-0.0025328409392386675,0.41970986127853394,0.8042994141578674,-0.02666204422712326,0.3556179404258728,0.8112907409667969,-0.049935076385736465,0.29982495307922363,0.8244214653968811,-0.062468502670526505,0.5253958702087402,0.8813541531562805,-0.012721402570605278,0.4818377196788788,0.8924112319946289,-0.06085849180817604,0.5437415838241577,0.8696326613426208,-0.07830841839313507,0.5954616069793701,0.8592334389686584,-0.07480374723672867,0.5596956014633179,0.9529523849487305,-0.023648282513022423,0.5407428741455078,0.9581966996192932,-0.06719454377889633,0.585197925567627,0.9303081631660461,-0.07554294914007187,0.6267847418785095,0.9099883437156677,-0.07022041827440262,S
0.7694950699806213,0.8606388568878174,6.458906796069641e-07,0.7092058062553406,0.7394695281982422,-0.024085400626063347,0.6180824041366577,0.6790807247161865,-0.02522541955113411,0.5540547370910645,0.7462276220321655,-0.02896915003657341,0.5365278720855713,0.8370165228843689,-0.031311072409152985,0.5164698958396912,0.7454187870025635,0.01722084730863571,0.43499457836151123,0.717731237411499,0.0073160408064723015,0.3859648108482361,0.709618866443634,-0.003185914596542716,0.34126925468444824,0.7052603363990784,-0.012400852516293526,0.512664794921875,0.8346163630485535,0.010756033472716808,0.4218009114265442,0.8602039217948914,-0.01226328406482935,0.3580169975757599,0.88206547498703,-0.03786956146359444,0.3033285140991211,0.9095510840415955,-0.05228548124432564,0.5351033210754395,0.9091836214065552,0.0001273553352802992,0.4872586727142334,0.9278648495674133,-0.05037064850330353,0.5490949749946594,0.8845590353012085,-0.07150797545909882,0.6031658053398132,0.8598263263702393,-0.06936398148536682,0.5748777389526367,0.9714946150779724,-0.011118846014142036,0.5476372241973877,0.9707585573196411,-0.05693330988287926,0.5893064737319946,0.9290854334831238,-0.0671352818608284,0.6318907737731934,0.8979885578155518,-0.06280127912759781,S
0.7732335329055786,0.859398365020752,6.910443630658847e-07,0.7104717493057251,0.7368018627166748,-0.034040432423353195,0.6193695664405823,0.6795467138290405,-0.04126783087849617,0.5588244795799255,0.7444101572036743,-0.05043349042534828,0.5406793355941772,0.8354572057723999,-0.05830675736069679,0.5175901055335999,0.7575166821479797,0.0072073363699018955,0.43370556831359863,0.7376241087913513,-0.011977195739746094,0.3835606873035431,0.735491931438446,-0.028927553445100784,0.3386274576187134,0.7368851900100708,-0.04206530377268791,0.5191617012023926,0.8449259400367737,0.0015670672291889787,0.424127995967865,0.8770979642868042,-0.0317361019551754,0.3585559129714966,0.9044338464736938,-0.0631646066904068,0.30598071217536926,0.9365653991699219,-0.08102189004421234,0.546701192855835,0.9172829985618591,-0.009738062508404255,0.4890868365764618,0.9402010440826416,-0.07287778705358505,0.5444900989532471,0.884918212890625,-0.09838136285543442,0.5971056818962097,0.8494269251823425,-0.0970986932516098,0.5904569625854492,0.9800828099250793,-0.022191880270838737,0.551068127155304,0.9866346120834351,-0.08034723997116089,0.5895761847496033,0.938654363155365,-0.0952875018119812,0.6325557231903076,0.9020005464553833,-0.09293229132890701,S
0.7809774875640869,0.8614550232887268,6.795664830860915e-07,0.719252347946167,0.7354581952095032,-0.038414180278778076,0.6294052600860596,0.6761796474456787,-0.04706033691763878,0.5682771801948547,0.7396818399429321,-0.05618652328848839,0.5490242838859558,0.8326377868652344,-0.06368289142847061,0.525520920753479,0.7481343746185303,0.0007536237826570868,0.44204601645469666,0.7259387969970703,-0.019530845806002617,0.3905128538608551,0.7243424654006958,-0.036468684673309326,0.3429408371448517,0.7281326651573181,-0.05006291717290878,0.5246295928955078,0.8385156393051147,-0.0018008664483204484,0.431241512298584,0.8682488799095154,-0.03797183185815811,0.3641449213027954,0.8938034772872925,-0.06986837089061737,0.30945417284965515,0.9234921932220459,-0.0879390686750412,0.5515180826187134,0.9119811058044434,-0.010010714642703533,0.4959123730659485,0.9332723617553711,-0.0756816565990448,0.5493457317352295,0.878439724445343,-0.10237660259008408,0.6001763939857483,0.8427595496177673,-0.10195273905992508,0.5966140031814575,0.9756704568862915,-0.019467094913125038,0.5616596937179565,0.9766024947166443,-0.08121788501739502,0.6005424857139587,0.9303468465805054,-0.09847860783338547,0.6424502730369568,0.8958903551101685,-0.09753791242837906,S
0.7855055928230286,0.8642627000808716,6.840653554718301e-07,0.7291545271873474,0.7385981678962708,-0.03639844432473183,0.6397780179977417,0.6723619699478149,-0.04374762997031212,0.5773667693138123,0.7330881953239441,-0.051302723586559296,0.5562617182731628,0.8275981545448303,-0.05716043710708618,0.5347026586532593,0.7290430068969727,0.004065004643052816,0.4511507749557495,0.6996581554412842,-0.013477703556418419,0.399009644985199,0.693097710609436,-0.027764972299337387,0.3516399562358856,0.6937752962112427,-0.039082493633031845,0.5296128392219543,0.8198666572570801,0.002077511977404356,0.4345970153808594,0.8411557078361511,-0.029439711943268776,0.36775827407836914,0.8621054291725159,-0.057030774652957916,0.31406170129776,0.8893440961837769,-0.07171639800071716,0.5522270798683167,0.8953807353973389,-0.0052912128157913685,0.4957672953605652,0.9153887033462524,-0.06581276655197144,0.550917387008667,0.8729370832443237,-0.08911672979593277,0.6005699634552002,0.849155604839325,-0.08684132248163223,0.5936429500579834,0.9622970819473267,-0.013781334273517132,0.5612342357635498,0.9586291909217834,-0.07189982384443283,0.6063604354858398,0.9205425381660461,-0.08556462824344635,0.6525027751922607,0.8965321183204651,-0.0817563384771347,S
0.7875133752822876,0.8839311599731445,7.309970442292979e-07,0.740161657333374,0.7597301006317139,-0.03857637941837311,0.6535359025001526,0.677991509437561,-0.04759925976395607,0.5826753973960876,0.731843888759613,-0.05603988096117973,0.5500243902206421,0.8209786415100098,-0.06259910762310028,0.5462161302566528,0.7095569968223572,-0.00012625761155504733,0.46445757150650024,0.6650434732437134,-0.019435880705714226,0.4121435284614563,0.6485291719436646,-0.03498305380344391,0.365098237991333,0.6391409635543823,-0.04628017172217369,0.5339159965515137,0.7971055507659912,-0.0010017658350989223,0.43762269616127014,0.8037800788879395,-0.03157104551792145,0.3703787922859192,0.8156918883323669,-0.058985497802495956,0.3149155080318451,0.8331724405288696,-0.07319225370883942,0.5500265955924988,0.8759734630584717,-0.007047438994050026,0.5030645132064819,0.8887996077537537,-0.06432075798511505,0.5580030083656311,0.8668073415756226,-0.08409415185451508,0.6055375933647156,0.8579471111297607,-0.07957349717617035,0.5833125710487366,0.9508742094039917,-0.014547385275363922,0.5549505352973938,0.9517544507980347,-0.06672458350658417,0.6006144881248474,0.9260914325714111,-0.07481738924980164,0.6439021825790405,0.9106892943382263,-0.06698925048112869,S
0.784681499004364,0.9031753540039062,8.48550826049177e-07,0.7476437091827393,0.7841872572898865,-0.04207778722047806,0.6755568981170654,0.6931846141815186,-0.053896307945251465,0.5994972586631775,0.7340567111968994,-0.0640338733792305,0.5567545890808105,0.8145142197608948,-0.07226745784282684,0.5639731884002686,0.6831218600273132,-0.009254119358956814,0.48383915424346924,0.6088858842849731,-0.031280674040317535,0.4325031638145447,0.5738341808319092,-0.048106685280799866,0.38688933849334717,0.5460258722305298,-0.059345997869968414,0.5414877533912659,0.7659680247306824,-0.009208292700350285,0.4405701160430908,0.7446112036705017,-0.03789804130792618,0.3725857734680176,0.7393275499343872,-0.06456844508647919,0.320493221282959,0.739660382270813,-0.0786036029458046,0.5486822128295898,0.8477000594139099,-0.014500953257083893,0.5041244029998779,0.8538074493408203,-0.0694383904337883,0.5461875200271606,0.8509161472320557,-0.09279320389032364,0.5884344577789307,0.8559309840202332,-0.0921500101685524,0.572883129119873,0.9279481172561646,-0.02147156186401844,0.5476164817810059,0.9303570985794067,-0.0723261684179306,0.5949575304985046,0.9211821556091309,-0.08121740072965622,0.6419327259063721,0.9192659258842468,-0.07460398972034454,S
0.7724390029907227,0.9310247898101807,9.987949169953936e-07,0.7483949661254883,0.818621814250946,-0.04181792214512825,0.6937596797943115,0.7238346338272095,-0.05776871740818024,0.6131432056427002,0.7467138767242432,-0.07303130626678467,0.5533554553985596,0.8067446947097778,-0.08577703684568405,0.5857229232788086,0.6613703370094299,-0.01507487427443266,0.5140275955200195,0.553007960319519,-0.043680042028427124,0.467885285615921,0.49735262989997864,-0.0637584924697876,0.4262794852256775,0.4527575373649597,-0.07617919147014618,0.5515245199203491,0.7340052723884583,-0.017380917444825172,0.4520794153213501,0.6746423244476318,-0.049996089190244675,0.3874702453613281,0.6477707624435425,-0.07619316130876541,0.3387404680252075,0.6303780674934387,-0.08928481489419937,0.5472577810287476,0.8152104020118713,-0.02528558112680912,0.5051193237304688,0.8112283945083618,-0.08143406361341476,0.5498894453048706,0.8289533853530884,-0.10084709525108337,0.5909002423286438,0.8478527069091797,-0.09761253744363785,0.5605029463768005,0.901848554611206,-0.03545880317687988,0.5462218523025513,0.9047871828079224,-0.08619587123394012,0.5931913256645203,0.9108361005783081,-0.0936475545167923,0.6358144879341125,0.9187166094779968,-0.08600305765867233,S
0.741660475730896,0.9630953073501587,1.1344861832185416e-06,0.743891179561615,0.8543704748153687,-0.0505605973303318,0.7071189284324646,0.7626906633377075,-0.07282591611146927,0.6266376972198486,0.7706983685493469,-0.09295058995485306,0.5550001263618469,0.7990171313285828,-0.11024443805217743,0.6134953498840332,0.641046404838562,-0.02981065958738327,0.5611746311187744,0.4986693263053894,-0.06661944836378098,0.5241076350212097,0.41783884167671204,-0.08960238099098206,0.49060946702957153,0.35054993629455566,-0.10157722234725952,0.5685201287269592,0.6946662664413452,-0.028175348415970802,0.48149001598358154,0.5959978103637695,-0.06646382063627243,0.4216318726539612,0.5446759462356567,-0.09081356972455978,0.37676841020584106,0.5049761533737183,-0.10053306072950363,0.5522783398628235,0.7662712335586548,-0.03302651643753052,0.5166855454444885,0.7659121751785278,-0.09615079313516617,0.561952531337738,0.8210053443908691,-0.1132463738322258,0.6018921136856079,0.8637073636054993,-0.10538919270038605,0.5536831617355347,0.8447306156158447,-0.04080863296985626,0.5413910746574402,0.8676955103874207,-0.09558204561471939,0.5883339643478394,0.9065099954605103,-0.10198984295129776,0.6288802027702332,0.9350051879882812,-0.09189020842313766,S
0.710093080997467,0.9730494022369385,1.250880814041011e-06,0.7371596097946167,0.8876265287399292,-0.06079994514584541,0.7176936268806458,0.7989587783813477,-0.08975978195667267,0.6400794386863708,0.7818248867988586,-0.11518523842096329,0.5649747252464294,0.7757881283760071,-0.13766831159591675,0.640423595905304,0.6305994391441345,-0.04920891672372818,0.6042624711990356,0.472587525844574,-0.09384957700967789,0.5775999426841736,0.3764186501502991,-0.11841503530740738,0.5517587661743164,0.2959049344062805,-0.12892918288707733,0.5886675715446472,0.6718369722366333,-0.04457825794816017,0.5175443291664124,0.540658712387085,-0.09265909343957901,0.46542227268218994,0.46751585602760315,-0.1190008595585823,0.4254342019557953,0.4067680537700653,-0.12637491524219513,0.5609549880027771,0.7373769283294678,-0.04649452865123749,0.532298743724823,0.7461255788803101,-0.1186961680650711,0.5671877264976501,0.8272829055786133,-0.1359904408454895,0.5991671085357666,0.8849039077758789,-0.12344872206449509,0.5505094528198242,0.8101550936698914,-0.05197301134467125,0.5376511812210083,0.8418672680854797,-0.10817349702119827,0.578833818435669,0.9009226560592651,-0.11146711558103561,0.6163766384124756,0.9429853558540344,-0.09659212827682495,S
0.6936129331588745,0.9890053272247314,1.2410746421664953e-06,0.7378485202789307,0.917794406414032,-0.0709126815199852,0.7307946085929871,0.8245125412940979,-0.10508836805820465,0.651515543460846,0.7975302338600159,-0.13350455462932587,0.5731759071350098,0.7840737104415894,-0.1587638407945633,0.6580544710159302,0.6398535966873169,-0.06381906569004059,0.6315470933914185,0.47589436173439026,-0.11296049505472183,0.6084028482437134,0.37255755066871643,-0.14160071313381195,0.5846235752105713,0.2852039039134979,-0.15625278651714325,0.6040859222412109,0.670982301235199,-0.05747883394360542,0.5438108444213867,0.5241575837135315,-0.11152283102273941,0.49193716049194336,0.4366087317466736,-0.14413467049598694,0.4508278965950012,0.3681621849536896,-0.15646705031394958,0.5720123052597046,0.7317543029785156,-0.057876501232385635,0.5401109457015991,0.7234145998954773,-0.1344141960144043,0.567206859588623,0.8038970232009888,-0.15579046308994293,0.5948193669319153,0.8675129413604736,-0.14660191535949707,0.5562105774879456,0.8053053021430969,-0.06289799511432648,0.5426992774009705,0.835759699344635,-0.12570670247077942,0.5776612162590027,0.8982280492782593,-0.13461336493492126,0.6117660999298096,0.9454144239425659,-0.12366577982902527,S
0.6972807049751282,0.9949003458023071,1.127416112467472e-06,0.7429375052452087,0.9279845952987671,-0.06837204843759537,0.7350359559059143,0.8297320008277893,-0.09922140091657639,0.6487945318222046,0.8083797097206116,-0.12462116777896881,0.5680332183837891,0.800956130027771,-0.14714741706848145,0.6638553738594055,0.6424907445907593,-0.057863324880599976,0.6341415643692017,0.4808861017227173,-0.10238425433635712,0.6116597652435303,0.37576645612716675,-0.13044659793376923,0.5885448455810547,0.2860245406627655,-0.14792342483997345,0.6067944169044495,0.6716648936271667,-0.05379657447338104,0.5449644327163696,0.5302717685699463,-0.10407289117574692,0.49507981538772583,0.4450523853302002,-0.13842196762561798,0.4541766047477722,0.3778432607650757,-0.15492022037506104,0.5738780498504639,0.734528124332428,-0.056363530457019806,0.5313809514045715,0.7058738470077515,-0.1310693621635437,0.5558457970619202,0.7761147022247314,-0.1556946486234665,0.5814271569252014,0.8355898857116699,-0.15193448960781097,0.560239315032959,0.8130359053611755,-0.06341242790222168,0.543062150478363,0.8367006778717041,-0.13177046179771423,0.5802372694015503,0.8965381383895874,-0.1469317227602005,0.6170986890792847,0.9433688521385193,-0.14149105548858643,S
0.6963117122650146,0.9926605224609375,1.1202690757272649e-06,0.7375591397285461,0.9323559999465942,-0.06994607299566269,0.7309051156044006,0.8380765318870544,-0.10206611454486847,0.6494775414466858,0.812166154384613,-0.12856557965278625,0.5684605240821838,0.8002275228500366,-0.15207655727863312,0.658970832824707,0.6424276828765869,-0.05923473834991455,0.627275824546814,0.4803514778614044,-0.1022128015756607,0.6031988859176636,0.3777437210083008,-0.12959761917591095,0.5791872143745422,0.28975144028663635,-0.14708122611045837,0.6038484573364258,0.672592043876648,-0.05443078652024269,0.5403427481651306,0.5331069827079773,-0.1036236509680748,0.48970460891723633,0.4507888853549957,-0.13789446651935577,0.4482516348361969,0.3862258493900299,-0.1548890918493271,0.5720360279083252,0.7363954186439514,-0.05625686049461365,0.5273466110229492,0.7061439752578735,-0.1298646181821823,0.5505407452583313,0.7744770646095276,-0.15442267060279846,0.5751504302024841,0.8321110606193542,-0.15126009285449982,0.5595403909683228,0.8142011761665344,-0.06270954012870789,0.5402777194976807,0.8383322358131409,-0.13103793561458588,0.5760458111763,0.898564338684082,-0.1467365324497223,0.6117633581161499,0.945810079574585,-0.1419113427400589,S
0.6897214651107788,0.995577335357666,1.1586068922042614e-06,0.733981728553772,0.9331694841384888,-0.07040157169103622,0.7280744314193726,0.8410654664039612,-0.10419362783432007,0.6432618498802185,0.8170084953308105,-0.13256974518299103,0.5614237189292908,0.808334469795227,-0.15811270475387573,0.6595885753631592,0.6478078961372375,-0.0627509281039238,0.6333497166633606,0.48510223627090454,-0.10987350344657898,0.6131113171577454,0.3802647590637207,-0.1384911686182022,0.591961681842804,0.2904168367385864,-0.1552927941083908,0.6028903126716614,0.6739451885223389,-0.058076635003089905,0.5417816042900085,0.5308694243431091,-0.11046863347291946,0.4919317960739136,0.44449979066848755,-0.14401274919509888,0.4521028995513916,0.37575268745422363,-0.158781498670578,0.5699511170387268,0.7346869707107544,-0.06008189916610718,0.5309903621673584,0.713837206363678,-0.13587825000286102,0.5561484098434448,0.7903248071670532,-0.15872308611869812,0.5826742053031921,0.8520323634147644,-0.1524432748556137,0.5564388632774353,0.8110208511352539,-0.06680691242218018,0.5391273498535156,0.839451789855957,-0.13348358869552612,0.5745694041252136,0.9001132249832153,-0.14655061066150665,0.6109176278114319,0.946129560470581,-0.13906437158584595,S
0.6799651980400085,1.0017216205596924,1.233849729942449e-06,0.7348976135253906,0.9368793964385986,-0.0656432956457138,0.7402210831642151,0.8401724100112915,-0.09825464338064194,0.6612082719802856,0.8212975263595581,-0.12698304653167725,0.5831425786018372,0.8199875354766846,-0.1533890813589096,0.6646447777748108,0.6544411778450012,-0.05918923392891884,0.6482972502708435,0.48930811882019043,-0.10708379745483398,0.633632242679596,0.38273823261260986,-0.1342983841896057,0.6181769967079163,0.2923000156879425,-0.1488656997680664,0.6057703495025635,0.6792594790458679,-0.0579347088932991,0.5515222549438477,0.529821515083313,-0.11271025240421295,0.5046440362930298,0.43415626883506775,-0.14639748632907867,0.4664860963821411,0.35620707273483276,-0.15959784388542175,0.5701726675033569,0.738862931728363,-0.06298106908798218,0.5385710000991821,0.7190650105476379,-0.14310680329799652,0.5694361925125122,0.8025103807449341,-0.1651444286108017,0.5987889766693115,0.8658673763275146,-0.15535441040992737,0.5523840188980103,0.8153896927833557,-0.07190380245447159,0.5394541621208191,0.8399645090103149,-0.13926583528518677,0.5787461400032043,0.9034223556518555,-0.1488947719335556,0.616335928440094,0.9492140412330627,-0.13747626543045044,S
0.6944166421890259,0.9807900190353394,1.2326682963248459e-06,0.7477284073829651,0.9219807982444763,-0.06610218435525894,0.7560930252075195,0.8286085724830627,-0.09986746311187744,0.6766675114631653,0.8142349123954773,-0.12947340309619904,0.5959404110908508,0.8204570412635803,-0.1573353260755539,0.6758707761764526,0.6532696485519409,-0.06721914559602737,0.6606223583221436,0.4877747893333435,-0.11686534434556961,0.6492701768875122,0.3820899724960327,-0.1440121978521347,0.6348205208778381,0.29211217164993286,-0.15816251933574677,0.6149274706840515,0.6775700449943542,-0.06652162969112396,0.5595279335975647,0.5326164960861206,-0.12164237350225449,0.5165538191795349,0.4406840205192566,-0.15277881920337677,0.47963130474090576,0.3657039701938629,-0.1640082597732544,0.5781869888305664,0.7353430390357971,-0.07194238901138306,0.5497685670852661,0.734646201133728,-0.1530311554670334,0.586030125617981,0.8168261051177979,-0.1739102602005005,0.61765456199646,0.8762004375457764,-0.16351406276226044,0.5592640042304993,0.8100351691246033,-0.08136290311813354,0.5531235337257385,0.8521448373794556,-0.1501387357711792,0.5989981889724731,0.9183661937713623,-0.15963904559612274,0.6402063965797424,0.9654312133789062,-0.14817224442958832,S
0.7144517302513123,0.9391171932220459,1.452404831070453e-06,0.7625098824501038,0.868305504322052,-0.04836142808198929,0.7671580910682678,0.7709058523178101,-0.07475114613771439,0.6920846104621887,0.7682237029075623,-0.10012660175561905,0.6167370676994324,0.8037689328193665,-0.12476199120283127,0.6711037755012512,0.6427751183509827,-0.05958973988890648,0.6412171125411987,0.47231239080429077,-0.10467942804098129,0.6245312094688416,0.3715435266494751,-0.12344016879796982,0.6090677976608276,0.2885662019252777,-0.12805962562561035,0.6124971508979797,0.6666380167007446,-0.06326945126056671,0.5759351253509521,0.5141013264656067,-0.11474516987800598,0.5480443835258484,0.4081156849861145,-0.14013361930847168,0.5223702192306519,0.3237263560295105,-0.14340360462665558,0.5756275653839111,0.7202332615852356,-0.07090330123901367,0.5721951127052307,0.7587155699729919,-0.14779499173164368,0.6147370934486389,0.8406903743743896,-0.1689590960741043,0.6517707705497742,0.8964614868164062,-0.15466022491455078,0.5571793913841248,0.7877439260482788,-0.08008353412151337,0.5754110813140869,0.8488134741783142,-0.13629896938800812,0.6304507851600647,0.9054993391036987,-0.13980309665203094,0.6762003898620605,0.9426155686378479,-0.1229487732052803,S
0.720665693283081,0.9173501133918762,1.5287444057321409e-06,0.7648329138755798,0.8425003290176392,-0.0565686970949173,0.7704281210899353,0.7422968745231628,-0.08715726435184479,0.7074441313743591,0.7427166104316711,-0.1143202930688858,0.6357950568199158,0.7807154655456543,-0.14120420813560486,0.6629062294960022,0.6332845687866211,-0.07617782801389694,0.6323100328445435,0.4648238718509674,-0.12552234530448914,0.6106334328651428,0.3639101982116699,-0.14620520174503326,0.5901138186454773,0.2780388593673706,-0.15234196186065674,0.6042245626449585,0.6661860346794128,-0.07686442881822586,0.5647038221359253,0.5275623202323914,-0.13219720125198364,0.5296604633331299,0.43582138419151306,-0.15811266005039215,0.498393177986145,0.35945501923561096,-0.16168226301670074,0.5699449777603149,0.7247416973114014,-0.08135183900594711,0.5787504315376282,0.7888994812965393,-0.15990689396858215,0.6294200420379639,0.8670133948326111,-0.17806623876094818,0.6721080541610718,0.9099634885787964,-0.1626167744398117,0.5543208718299866,0.7958564162254333,-0.08837854862213135,0.5777636170387268,0.8808479309082031,-0.14613467454910278,0.63818359375,0.9327831268310547,-0.14813582599163055,0.6882282495498657,0.9582248330116272,-0.13046260178089142,S
0.7319767475128174,0.9018765687942505,1.4000880810272065e-06,0.7698028087615967,0.8107748031616211,-0.05065801367163658,0.771996259689331,0.7052487134933472,-0.07919137924909592,0.721062421798706,0.7146303653717041,-0.10567356646060944,0.6614680290222168,0.7560274600982666,-0.13045531511306763,0.6685358285903931,0.6237385869026184,-0.06972318142652512,0.6383799910545349,0.4642235040664673,-0.12397885322570801,0.6262902617454529,0.36513835191726685,-0.14788182079792023,0.6104094982147217,0.2842881679534912,-0.156442329287529,0.6019619107246399,0.6757171750068665,-0.07276426255702972,0.5613539218902588,0.575063943862915,-0.1356888860464096,0.5345704555511475,0.50881427526474,-0.15929846465587616,0.5037397146224976,0.44939985871315,-0.15970006585121155,0.5642361640930176,0.74739009141922,-0.08016679435968399,0.6173507571220398,0.8268234729766846,-0.1490127146244049,0.6817985773086548,0.8773394227027893,-0.15182773768901825,0.7193834185600281,0.8831831812858582,-0.12942472100257874,0.548335611820221,0.8286386728286743,-0.09218472242355347,0.6095820665359497,0.9190074801445007,-0.1305014044046402,0.6712203025817871,0.9479475021362305,-0.12024113535881042,0.7071928977966309,0.9410330057144165,-0.09797926992177963,S
0.7293002009391785,0.87071293592453,1.4523552636092063e-06,0.7644301056861877,0.7592281103134155,-0.05435342714190483,0.7596210837364197,0.6483640670776367,-0.09141960740089417,0.7201412320137024,0.6797837018966675,-0.12472010403871536,0.6815764904022217,0.7485643625259399,-0.15865458548069,0.6664575934410095,0.614424467086792,-0.10351794958114624,0.6325893402099609,0.4649192690849304,-0.16340073943138123,0.6121235489845276,0.3733673393726349,-0.19315680861473083,0.5877413749694824,0.2908121943473816,-0.21090056002140045,0.6069144010543823,0.6868388056755066,-0.10832571983337402,0.5762284398078918,0.605650782585144,-0.18415091931819916,0.5568868517875671,0.5464291572570801,-0.2156868278980255,0.526100218296051,0.48452314734458923,-0.22664307057857513,0.5802720785140991,0.7747810482978821,-0.11486250907182693,0.6510848999023438,0.8287408947944641,-0.18342772126197815,0.7076063752174377,0.8485285043716431,-0.18437398970127106,0.7264531850814819,0.8324000239372253,-0.1691918671131134,0.5778975486755371,0.8640850782394409,-0.1266549527645111,0.6484135985374451,0.9248813986778259,-0.16443438827991486,0.7046876549720764,0.929085373878479,-0.1558251678943634,0.7250574827194214,0.9066739082336426,-0.14177952706813812,S
0.7362625598907471,0.8572239875793457,1.5066661944729276e-06,0.7467001676559448,0.7485666275024414,-0.0380711629986763,0.7290742993354797,0.6633766293525696,-0.08549730479717255,0.723355770111084,0.6403647661209106,-0.13307735323905945,0.7023240923881531,0.6481379270553589,-0.1779617816209793,0.6380621790885925,0.6214507222175598,-0.11389646679162979,0.6003208160400391,0.4790653586387634,-0.18654540181159973,0.5794823169708252,0.3885011374950409,-0.2311488687992096,0.5558552145957947,0.3061908781528473,-0.2631355822086334,0.6029927134513855,0.6991602778434753,-0.13424652814865112,0.5722043514251709,0.6111904978752136,-0.2363254278898239,0.5683228969573975,0.5448718070983887,-0.2860042154788971,0.5529875755310059,0.4801933467388153,-0.31259164214134216,0.5970141291618347,0.7906914949417114,-0.15118224918842316,0.6671079397201538,0.7421482801437378,-0.22696785628795624,0.7204990983009338,0.7706212401390076,-0.21007007360458374,0.7235048413276672,0.7922101020812988,-0.18791571259498596,0.6141262650489807,0.8773457407951355,-0.17325368523597717,0.6977095007896423,0.8545066714286804,-0.21922750771045685,0.7443921566009521,0.8574852347373962,-0.2024492472410202,0.733979344367981,0.8662746548652649,-0.183565154671669,S
0.7571068406105042,0.8455062508583069,1.570406993778306e-06,0.7298478484153748,0.7143979072570801,-0.023549919947981834,0.6933687329292297,0.6142495274543762,-0.06906738877296448,0.6943081617355347,0.5728592872619629,-0.11513884365558624,0.6965292692184448,0.6166820526123047,-0.1612994223833084,0.5985484719276428,0.6363959312438965,-0.11873917281627655,0.5609349608421326,0.5052946209907532,-0.1884779930114746,0.5309150218963623,0.41542741656303406,-0.23701252043247223,0.5026705861091614,0.333387553691864,-0.27478742599487305,0.6008743047714233,0.7274855971336365,-0.14941886067390442,0.5913681983947754,0.627037525177002,-0.24973048269748688,0.5942583084106445,0.526402473449707,-0.3032100796699524,0.5973828434944153,0.44389837980270386,-0.33801090717315674,0.6282296776771545,0.8176297545433044,-0.1744512915611267,0.6835374236106873,0.7201098203659058,-0.24588993191719055,0.7174094915390015,0.693076491355896,-0.24036501348018646,0.7217909097671509,0.6904295682907104,-0.23198023438453674,0.6729851961135864,0.891466498374939,-0.20306815207004547,0.725792407989502,0.8004392385482788,-0.2501618266105652,0.7541936635971069,0.7582256197929382,-0.2427680492401123,0.7449543476104736,0.7511676549911499,-0.2345808446407318,S
0.7219861745834351,0.9132766127586365,1.7459458376833936e-06,0.6745858788490295,0.7653875350952148,0.0039985692128539085,0.6627868413925171,0.6617817878723145,-0.05066091567277908,0.6898214817047119,0.5955893993377686,-0.11356489360332489,0.7006362676620483,0.5752118229866028,-0.17577704787254333,0.5732212662696838,0.6433448791503906,-0.11270476132631302,0.5397215485572815,0.5052347183227539,-0.18591558933258057,0.5093791484832764,0.4169885814189911,-0.23375144600868225,0.47922682762145996,0.3368811309337616,-0.270982563495636,0.5940748453140259,0.7225621342658997,-0.1607666015625,0.6080735325813293,0.5432641506195068,-0.2731764316558838,0.6186580061912537,0.43242311477661133,-0.32632461190223694,0.6251705288887024,0.34276431798934937,-0.36064642667770386,0.6411865949630737,0.7903938293457031,-0.19875428080558777,0.7124313712120056,0.6158800721168518,-0.2590881288051605,0.7375821471214294,0.6451006531715393,-0.22273370623588562,0.7275756001472473,0.6966118812561035,-0.19738690555095673,0.6930417418479919,0.8377194404602051,-0.24011766910552979,0.7506985068321228,0.7026892304420471,-0.26688820123672485,0.7694726586341858,0.704964816570282,-0.23116999864578247,0.750069260597229,0.748531699180603,-0.20531654357910156,S
0.7408552765846252,0.9390870332717896,1.525911443422956e-06,0.6811097860336304,0.8227854371070862,0.0035814170259982347,0.6583372354507446,0.7018364071846008,-0.04027098789811134,0.6915895938873291,0.6026811003684998,-0.09032154828310013,0.707537055015564,0.5368021726608276,-0.13646671175956726,0.5672570466995239,0.6753324270248413,-0.10364164412021637,0.5327192544937134,0.524179995059967,-0.16115523874759674,0.49857571721076965,0.43927204608917236,-0.19825418293476105,0.4627005457878113,0.3653906285762787,-0.2281179577112198,0.5990892648696899,0.7313371300697327,-0.14269906282424927,0.6067081689834595,0.529500424861908,-0.23778381943702698,0.6137652397155762,0.395011305809021,-0.28348371386528015,0.622503936290741,0.285209596157074,-0.3131718039512634,0.6543657183647156,0.7797715067863464,-0.17110899090766907,0.7089838981628418,0.5714612603187561,-0.22150035202503204,0.7307646870613098,0.6075599789619446,-0.1811962127685547,0.7244147658348083,0.6689960956573486,-0.15004390478134155,0.7147802114486694,0.8098821640014648,-0.20237676799297333,0.7588925361633301,0.6410880088806152,-0.21962523460388184,0.7734407782554626,0.6582408547401428,-0.17981992661952972,0.7601155042648315,0.709741473197937,-0.14922542870044708,S
0.7410102486610413,0.966315507888794,1.371386815662845e-06,0.6717694401741028,0.8572321534156799,-0.002599215367808938,0.6456533670425415,0.7174798250198364,-0.033997952938079834,0.683074414730072,0.5956240296363831,-0.06899946182966232,0.7111682295799255,0.5183159112930298,-0.10184262692928314,0.5741637349128723,0.7005622982978821,-0.08122861385345459,0.5415046811103821,0.5396776795387268,-0.12981553375720978,0.5058746337890625,0.44748127460479736,-0.16079765558242798,0.4723466634750366,0.37408286333084106,-0.18316207826137543,0.6174406409263611,0.7365652918815613,-0.10987061262130737,0.6211966276168823,0.5232535004615784,-0.17246438562870026,0.6274592280387878,0.385379821062088,-0.19724683463573456,0.6343063712120056,0.2724704444408417,-0.21322375535964966,0.6753701567649841,0.7668773531913757,-0.13317064940929413,0.7211607694625854,0.548222005367279,-0.172959104180336,0.7338249683380127,0.5832725763320923,-0.1443212330341339,0.7281106114387512,0.6396536231040955,-0.11972510069608688,0.7366968989372253,0.7893878817558289,-0.15903638303279877,0.7672662138938904,0.6172388792037964,-0.17179477214813232,0.7719582915306091,0.6436756253242493,-0.13852694630622864,0.7629796266555786,0.6962820887565613,-0.11204060167074203,S
0.7403205037117004,0.9700937867164612,1.3991985952088726e-06,0.6666863560676575,0.859251081943512,0.019617948681116104,0.6507459282875061,0.7190165519714355,-0.00751548120751977,0.687766432762146,0.6034038066864014,-0.03877638280391693,0.7148090600967407,0.514434278011322,-0.0668128952383995,0.5827295184135437,0.6983513832092285,-0.08740467578172684,0.5499676465988159,0.5289575457572937,-0.1330018937587738,0.5154792070388794,0.43267422914505005,-0.15974931418895721,0.48643726110458374,0.35648834705352783,-0.1802636831998825,0.6311590671539307,0.7253670692443848,-0.1209065243601799,0.6414186358451843,0.49859750270843506,-0.18385766446590424,0.6528134942054749,0.35712817311286926,-0.20766519010066986,0.6677548885345459,0.2480219006538391,-0.22496385872364044,0.6884234547615051,0.75310218334198,-0.143440380692482,0.7348654270172119,0.5389713048934937,-0.16687586903572083,0.7400726675987244,0.5778886079788208,-0.1210700199007988,0.7320955991744995,0.6351520419120789,-0.08973204344511032,0.7477399706840515,0.7768833637237549,-0.16708678007125854,0.7785265445709229,0.6156510710716248,-0.16422568261623383,0.7806791067123413,0.6434311270713806,-0.11901198327541351,0.7698842287063599,0.6946859359741211,-0.08612246066331863,S
0.7498436570167542,0.9763394594192505,1.3766715483143344e-06,0.6705088019371033,0.8642361164093018,0.031038552522659302,0.6475682854652405,0.733178973197937,0.0084464680403471,0.6748329997062683,0.6222372055053711,-0.02122792974114418,0.7010732293128967,0.5362198352813721,-0.047778453677892685,0.5945031046867371,0.6977356672286987,-0.08044566959142685,0.5609778165817261,0.5313341617584229,-0.12971341609954834,0.5295997858047485,0.43500185012817383,-0.1595756858587265,0.5028485655784607,0.35600900650024414,-0.18187372386455536,0.6432075500488281,0.7292500138282776,-0.12043332308530807,0.662632942199707,0.4882315993309021,-0.18869876861572266,0.6831469535827637,0.3419450521469116,-0.21552948653697968,0.7036230564117432,0.23217663168907166,-0.23373085260391235,0.7022465467453003,0.75706946849823,-0.1485535055398941,0.7518690228462219,0.5285125970840454,-0.17882198095321655,0.7581785917282104,0.5809015035629272,-0.1317165642976761,0.7488455772399902,0.6473871469497681,-0.09732267260551453,0.7647297382354736,0.7754397392272949,-0.17639081180095673,0.7965347170829773,0.6034842729568481,-0.17776165902614594,0.8002668023109436,0.6466125845909119,-0.12951801717281342,0.7884114384651184,0.7065184116363525,-0.09283118695020676,S
0.7684722542762756,0.9848369359970093,1.4360372233568341e-06,0.6829174757003784,0.8679081797599792,0.050089865922927856,0.6587060689926147,0.7383225560188293,0.03206704556941986,0.6747691035270691,0.6296098232269287,0.004421860910952091,0.6977481842041016,0.5407979488372803,-0.01983020082116127,0.6090932488441467,0.7020677328109741,-0.07744433730840683,0.5737106800079346,0.5326495170593262,-0.12726008892059326,0.5433830618858337,0.43131351470947266,-0.1602431833744049,0.5192291736602783,0.3488210439682007,-0.1870187371969223,0.6608942747116089,0.7274370789527893,-0.12297002226114273,0.684514045715332,0.48313069343566895,-0.19485987722873688,0.7084683775901794,0.33029767870903015,-0.22730839252471924,0.7318562269210815,0.21878057718276978,-0.2519511878490448,0.719554603099823,0.7546736001968384,-0.1525675356388092,0.7660539150238037,0.5229789614677429,-0.17000479996204376,0.7733561396598816,0.5774524211883545,-0.1089530810713768,0.7649646401405334,0.6459630131721497,-0.0701829120516777,0.7816476821899414,0.7716245651245117,-0.1814655065536499,0.8109710216522217,0.6055676937103271,-0.17224760353565216,0.8154149055480957,0.6511324644088745,-0.1162058413028717,0.8041508793830872,0.7102873921394348,-0.07606982439756393,S
0.7801022529602051,0.9913210868835449,1.4511622339341557e-06,0.6940754652023315,0.8770031332969666,0.05020357668399811,0.6645113229751587,0.7519261837005615,0.03512858971953392,0.668830931186676,0.6442837715148926,0.009940072894096375,0.6864296793937683,0.5558286905288696,-0.012519601732492447,0.6181479692459106,0.706496000289917,-0.06971444189548492,0.5823400020599365,0.5329745411872864,-0.1180422380566597,0.5567892789840698,0.4271512031555176,-0.15144167840480804,0.5368000864982605,0.3404117524623871,-0.17794214189052582,0.6733956933021545,0.7297980189323425,-0.11428934335708618,0.6996496915817261,0.4794326424598694,-0.17577171325683594,0.7277693152427673,0.3237308859825134,-0.20492061972618103,0.751896321773529,0.20880985260009766,-0.22848249971866608,0.7345638871192932,0.7550017237663269,-0.1441228985786438,0.7796589732170105,0.5243608355522156,-0.1582038700580597,0.7863147258758545,0.5823142528533936,-0.10243448615074158,0.7765152454376221,0.6532308459281921,-0.06796474754810333,0.7960380911827087,0.7703989744186401,-0.17312324047088623,0.8263499736785889,0.6164760589599609,-0.16668729484081268,0.8285185694694519,0.6635076403617859,-0.11657707393169403,0.81531822681427,0.7201760411262512,-0.08033742010593414,S
0.7778429985046387,0.9826678037643433,1.407479544468515e-06,0.7064895629882812,0.8284388780593872,0.09292162954807281,0.6872605085372925,0.7139741778373718,0.08063054829835892,0.6817212700843811,0.626132607460022,0.053420618176460266,0.6871291995048523,0.542099118232727,0.02927490882575512,0.6295449137687683,0.6761015057563782,-0.07267311960458755,0.5982111096382141,0.5214982032775879,-0.11829287558794022,0.5739958882331848,0.41871342062950134,-0.15392816066741943,0.5564348697662354,0.33570942282676697,-0.18654026091098785,0.6892167925834656,0.7050255537033081,-0.13229726254940033,0.7183787226676941,0.4734337627887726,-0.20012107491493225,0.7487255334854126,0.32211610674858093,-0.23575592041015625,0.7754423022270203,0.20600712299346924,-0.2694506049156189,0.750335693359375,0.7342088222503662,-0.16757269203662872,0.7896614670753479,0.5339223146438599,-0.1508825719356537,0.7926067113876343,0.5912541747093201,-0.06673257797956467,0.7841725945472717,0.6574358940124512,-0.026294346898794174,0.8144296407699585,0.7476812601089478,-0.2006087601184845,0.8353554010391235,0.6267620921134949,-0.1625201553106308,0.8354992866516113,0.6734017133712769,-0.09265350550413132,0.8238542079925537,0.7237915396690369,-0.050206106156110764,S
0.7751321196556091,0.9772101640701294,1.49711809172004e-06,0.7069482803344727,0.8243260979652405,0.08319739997386932,0.6878812909126282,0.7085543870925903,0.06337694823741913,0.6878865957260132,0.6174854636192322,0.03075271286070347,0.6981817483901978,0.5314943194389343,0.0014349691336974502,0.6312738060951233,0.6675084829330444,-0.08920879662036896,0.6061792969703674,0.5079119801521301,-0.13834695518016815,0.5830733776092529,0.4039279818534851,-0.175557941198349,0.5649393796920776,0.32023492455482483,-0.20984016358852386,0.6919348239898682,0.6963464617729187,-0.14635761082172394,0.7249441742897034,0.46787893772125244,-0.22337254881858826,0.7585776448249817,0.3182520568370819,-0.26306411623954773,0.7886844277381897,0.2037752866744995,-0.29910293221473694,0.7541193962097168,0.7280024886131287,-0.17866189777851105,0.7976323366165161,0.5344256162643433,-0.16852208971977234,0.7993199825286865,0.5994309186935425,-0.08114352077245712,0.7898208498954773,0.6688022613525391,-0.037723053246736526,0.8193506002426147,0.7455064654350281,-0.20926706492900848,0.8403762578964233,0.6206268668174744,-0.1749192774295807,0.8419692516326904,0.6726901531219482,-0.1017465889453888,0.8319503664970398,0.725490152835846,-0.05678388103842735,S
0.769383430480957,0.9794070720672607,1.5312014056689804e-06,0.6961435675621033,0.8373305797576904,0.06372416764497757,0.6788224577903748,0.7143628597259521,0.03917210176587105,0.6847612261772156,0.6156262755393982,0.00587391946464777,0.7016929388046265,0.5277290344238281,-0.023672092705965042,0.6312641501426697,0.6766458749771118,-0.10743851959705353,0.6075427532196045,0.5060423612594604,-0.16345930099487305,0.5839008688926697,0.399631142616272,-0.20180591940879822,0.564414381980896,0.31375089287757874,-0.23508353531360626,0.6929720044136047,0.7041051983833313,-0.15660478174686432,0.7293810248374939,0.46571266651153564,-0.24114494025707245,0.7638563513755798,0.3120082914829254,-0.281236469745636,0.7936992049217224,0.19837528467178345,-0.3147658407688141,0.7554976940155029,0.7340537309646606,-0.18298013508319855,0.8021824359893799,0.5254680514335632,-0.18836480379104614,0.801855742931366,0.587255597114563,-0.10676771402359009,0.7901722192764282,0.6541818976402283,-0.061741817742586136,0.8195216059684753,0.752353847026825,-0.20832662284374237,0.8435508012771606,0.613907516002655,-0.18743182718753815,0.8444502949714661,0.6646198034286499,-0.11918282508850098,0.8332024812698364,0.7166824340820312,-0.07430624216794968,S
0.7700682878494263,0.9642820358276367,1.5421447869812255e-06,0.7039748430252075,0.8100809454917908,0.07887023687362671,0.688485860824585,0.6912986636161804,0.05450785532593727,0.6932151317596436,0.6004339456558228,0.020140448585152626,0.7044615745544434,0.516177237033844,-0.010348133742809296,0.6343089938163757,0.6530150175094604,-0.10882576555013657,0.611707329750061,0.4886236786842346,-0.1615370512008667,0.5894248485565186,0.38251951336860657,-0.1992756873369217,0.5718125700950623,0.29580140113830566,-0.23342661559581757,0.6964631080627441,0.6849452257156372,-0.16297829151153564,0.7305541038513184,0.4566723704338074,-0.24974679946899414,0.7650441527366638,0.3047165870666504,-0.29231712222099304,0.7975446581840515,0.1927194893360138,-0.32938888669013977,0.7588011026382446,0.7172853350639343,-0.19043026864528656,0.8017621636390686,0.5270322561264038,-0.18434424698352814,0.7987909317016602,0.5919619798660278,-0.09354116022586823,0.7885439991950989,0.6593759059906006,-0.046994298696517944,0.8237081170082092,0.7352540493011475,-0.21606937050819397,0.8420814871788025,0.6074451804161072,-0.1806604564189911,0.8408926725387573,0.6612116098403931,-0.10294808447360992,0.8304869532585144,0.7139247059822083,-0.054778411984443665,S
0.7704071998596191,0.9659973382949829,1.503456587670371e-06,0.7008416652679443,0.8154771327972412,0.07226065546274185,0.6873683929443359,0.6889305114746094,0.046680595725774765,0.699181318283081,0.5913258194923401,0.012062828056514263,0.7194544672966003,0.5017774105072021,-0.018669841811060905,0.6299701929092407,0.6543905735015869,-0.11206746101379395,0.6085317134857178,0.4831806421279907,-0.16625230014324188,0.5866647958755493,0.37512144446372986,-0.20430999994277954,0.5679833292961121,0.2868811786174774,-0.23831452429294586,0.6910174489021301,0.6837366223335266,-0.16461247205734253,0.7261152863502502,0.4506290853023529,-0.24878889322280884,0.7609483599662781,0.29875728487968445,-0.2883811593055725,0.7920457124710083,0.18825110793113708,-0.3232649266719818,0.7541869282722473,0.7144938707351685,-0.19211915135383606,0.7994839549064636,0.5148748755455017,-0.18795737624168396,0.798328161239624,0.5771995186805725,-0.09854114055633545,0.7878710627555847,0.6455442309379578,-0.05191875621676445,0.8216588497161865,0.7327562570571899,-0.21842436492443085,0.8423241376876831,0.5954490303993225,-0.186125248670578,0.8425251245498657,0.6468891501426697,-0.11039109528064728,0.8329163789749146,0.7001848816871643,-0.0629575252532959,S
0.778310239315033,0.9749150276184082,1.437051309949311e-06,0.6955136656761169,0.8675517439842224,0.03141754865646362,0.6657665967941284,0.7358007431030273,0.00850624032318592,0.6862534284591675,0.6191697716712952,-0.01959882862865925,0.7193233370780945,0.5326723456382751,-0.043890878558158875,0.6185867786407471,0.696655809879303,-0.0923508033156395,0.5798918008804321,0.5073691010475159,-0.14394037425518036,0.5539370179176331,0.39376765489578247,-0.17449656128883362,0.5308192372322083,0.30516332387924194,-0.19665472209453583,0.6777811050415039,0.719006359577179,-0.13007666170597076,0.7046521306037903,0.4507802724838257,-0.19567136466503143,0.7310674786567688,0.29217246174812317,-0.22359570860862732,0.7517439126968384,0.1757664978504181,-0.2439596801996231,0.7418890595436096,0.7384384274482727,-0.1541689932346344,0.7864216566085815,0.49622613191604614,-0.18059246242046356,0.7891296148300171,0.5573137402534485,-0.12828205525875092,0.7798336148262024,0.6277751326560974,-0.09117544442415237,0.8087733387947083,0.74676513671875,-0.1774747371673584,0.8323372006416321,0.5800874829292297,-0.17637434601783752,0.8334918022155762,0.6325134038925171,-0.12493597716093063,0.824578046798706,0.6870625615119934,-0.08620966225862503,S
0.7928906679153442,0.9605880975723267,1.4012639439897612e-06,0.7053937911987305,0.8634577989578247,0.020318416878581047,0.6709922552108765,0.7230618596076965,-0.005652652122080326,0.693731963634491,0.5919598937034607,-0.03617839887738228,0.72544264793396,0.5013284087181091,-0.06295278668403625,0.6029383540153503,0.7169879674911499,-0.08566182106733322,0.547993540763855,0.5352315902709961,-0.1339355856180191,0.5100975036621094,0.42721042037010193,-0.15884514153003693,0.47818347811698914,0.3461974561214447,-0.1751149445772171,0.6587309241294861,0.7275134921073914,-0.12238573282957077,0.6589289903640747,0.46270471811294556,-0.18207456171512604,0.6686665415763855,0.3028032183647156,-0.2007099986076355,0.6769115924835205,0.18440571427345276,-0.21203435957431793,0.7217664122581482,0.7346068024635315,-0.14959591627120972,0.7561608552932739,0.4965495467185974,-0.182631716132164,0.7660220265388489,0.5522329807281494,-0.13800279796123505,0.7608113884925842,0.6224628686904907,-0.10194747149944305,0.788214921951294,0.734966516494751,-0.17669615149497986,0.8054935336112976,0.5573680996894836,-0.18036313354969025,0.8101404905319214,0.6038579344749451,-0.13288149237632751,0.804399847984314,0.6644042730331421,-0.09547322243452072,S
0.7844995260238647,0.9510970711708069,1.3643684724229388e-06,0.6957935094833374,0.8658081293106079,0.0060907453298568726,0.649750828742981,0.7239134311676025,-0.019178731366991997,0.6666691303253174,0.5851417779922485,-0.04884220287203789,0.6929470300674438,0.4898688793182373,-0.07505686581134796,0.5812486410140991,0.7328460812568665,-0.06681092828512192,0.5156485438346863,0.5666981339454651,-0.10805223137140274,0.4681464433670044,0.4716302752494812,-0.126148983836174,0.4286191761493683,0.4031466543674469,-0.13541580736637115,0.6314607858657837,0.7367862462997437,-0.09730590879917145,0.6072179675102234,0.4838336110115051,-0.14770331978797913,0.6001940369606018,0.33610039949417114,-0.15841278433799744,0.5958683490753174,0.22671949863433838,-0.16091026365756989,0.6943114995956421,0.7359758019447327,-0.1229640543460846,0.7177491188049316,0.506208062171936,-0.1611177623271942,0.7344211339950562,0.5515838861465454,-0.12959304451942444,0.7353499531745911,0.6148128509521484,-0.09769673645496368,0.7632917761802673,0.7311594486236572,-0.14904281497001648,0.7717705368995667,0.5454757213592529,-0.15545202791690826,0.7806323766708374,0.5845578908920288,-0.1142626628279686,0.7805163860321045,0.6456875205039978,-0.07986100018024445,S
0.7786481976509094,0.9343732595443726,1.1972522315772949e-06,0.6858841180801392,0.8523898720741272,0.003638826310634613,0.6301215887069702,0.7202757000923157,-0.021235613152384758,0.6395564675331116,0.5865968465805054,-0.05157880857586861,0.6651722192764282,0.498734712600708,-0.07859518378973007,0.556672990322113,0.7365008592605591,-0.054698310792446136,0.4807133674621582,0.6003923416137695,-0.09333811700344086,0.42652207612991333,0.52535480260849,-0.11300469189882278,0.3784041404724121,0.47143036127090454,-0.12445145100355148,0.5996755361557007,0.7424144148826599,-0.08426724374294281,0.5546625256538391,0.5198742151260376,-0.12714149057865143,0.5346729159355164,0.390594482421875,-0.13879328966140747,0.516623318195343,0.2921220064163208,-0.14391468465328217,0.6587780117988586,0.7414577603340149,-0.11079219728708267,0.6725597977638245,0.5155715942382812,-0.14743833243846893,0.6977289319038391,0.5470662117004395,-0.1258363127708435,0.7033871412277222,0.6050435900688171,-0.10202733427286148,0.7266762256622314,0.733138382434845,-0.13807962834835052,0.7364412546157837,0.5504539608955383,-0.14792034029960632,0.7506330013275146,0.5805218815803528,-0.11744511127471924,0.7517589330673218,0.6375808119773865,-0.09154688566923141,S
0.7647441029548645,0.9293322563171387,1.1860269069075002e-06,0.6755050420761108,0.8485500812530518,0.0031653144396841526,0.6175163984298706,0.7175469994544983,-0.021762246266007423,0.6264860033988953,0.5833930969238281,-0.052572425454854965,0.6502484083175659,0.4930765926837921,-0.08000314980745316,0.5369594097137451,0.7481260299682617,-0.05177250877022743,0.4592663645744324,0.618315577507019,-0.09149640798568726,0.40239405632019043,0.5482139587402344,-0.11475255340337753,0.3539087772369385,0.4993802011013031,-0.1298695206642151,0.5769456028938293,0.7519890666007996,-0.08156699687242508,0.5213262438774109,0.5464024543762207,-0.12422006577253342,0.4901216924190521,0.42293572425842285,-0.14180384576320648,0.4648432731628418,0.3299742043018341,-0.15310363471508026,0.632694661617279,0.7478491067886353,-0.10852552205324173,0.6378112435340881,0.5204195976257324,-0.14295682311058044,0.6676841974258423,0.532813310623169,-0.12679873406887054,0.6782709956169128,0.5794489979743958,-0.10935017466545105,0.6966255307197571,0.734009325504303,-0.13659048080444336,0.7050586342811584,0.5590042471885681,-0.14774249494075775,0.7211888432502747,0.5818233489990234,-0.1235557273030281,0.7227756977081299,0.6337380409240723,-0.10358404368162155,S
0.7540194988250732,0.9185487031936646,1.2770801731676329e-06,0.6599845886230469,0.8430392146110535,0.01641221158206463,0.5983738303184509,0.7200320959091187,-0.0047613149508833885,0.5916556715965271,0.5962975025177002,-0.0334554985165596,0.5934631824493408,0.507392942905426,-0.058142561465501785,0.5229575634002686,0.7349396347999573,-0.054277148097753525,0.44326069951057434,0.6012943983078003,-0.09558648616075516,0.3862919211387634,0.5310824513435364,-0.11737886816263199,0.33804890513420105,0.47991159558296204,-0.13204993307590485,0.5613653659820557,0.7419539093971252,-0.08930611610412598,0.5052061676979065,0.5326464176177979,-0.14718186855316162,0.47395312786102295,0.4056803286075592,-0.17050926387310028,0.45199185609817505,0.3092207908630371,-0.1834300458431244,0.6177394986152649,0.7386543154716492,-0.11795008927583694,0.6221932768821716,0.5013108849525452,-0.15664005279541016,0.6543275117874146,0.5242395401000977,-0.13073910772800446,0.6629678010940552,0.5784993171691895,-0.10567191243171692,0.6816872358322144,0.7240040302276611,-0.14666500687599182,0.692126989364624,0.5417913794517517,-0.1580030918121338,0.7125426530838013,0.57269686460495,-0.1272037774324417,0.7117210626602173,0.6337039470672607,-0.1011955663561821,S
0.7517549991607666,0.9064508676528931,1.2698401405941695e-06,0.6609967350959778,0.8212946653366089,0.023402251303195953,0.599116325378418,0.6975945234298706,0.004834721330553293,0.5845030546188354,0.5847289562225342,-0.023702384904026985,0.5786021947860718,0.5018726587295532,-0.04878518357872963,0.522175133228302,0.7084395289421082,-0.04503238946199417,0.4409489333629608,0.5743200778961182,-0.08653603494167328,0.38274943828582764,0.5026493668556213,-0.10871358960866928,0.3336097002029419,0.4474945068359375,-0.12404631823301315,0.5566206574440002,0.7145892977714539,-0.085121750831604,0.5001034736633301,0.4998852014541626,-0.14269797503948212,0.4688316583633423,0.3707043528556824,-0.16681541502475739,0.4478030800819397,0.2702358365058899,-0.1805705577135086,0.6114498972892761,0.7139660120010376,-0.11869151145219803,0.6179894208908081,0.47413432598114014,-0.1573207825422287,0.653025209903717,0.5071479082107544,-0.1295221894979477,0.6624760627746582,0.5668749213218689,-0.10362584888935089,0.673687219619751,0.7024863362312317,-0.15210269391536713,0.689285933971405,0.5194854736328125,-0.16602125763893127,0.7114947438240051,0.5534833669662476,-0.13540257513523102,0.7094077467918396,0.6167165637016296,-0.10922380536794662,S
0.7450156807899475,0.8863077163696289,1.2592340681294445e-06,0.645257294178009,0.8032218217849731,0.039220258593559265,0.5880895853042603,0.6768280267715454,0.023832889273762703,0.576594352722168,0.5607056617736816,-0.00312552391551435,0.5750425457954407,0.47181200981140137,-0.02624473161995411,0.5178029537200928,0.677374541759491,-0.04459004104137421,0.4375286400318146,0.5353729724884033,-0.08475574105978012,0.38074517250061035,0.4592295289039612,-0.10469501465559006,0.33336856961250305,0.3981904983520508,-0.11884360015392303,0.5543522834777832,0.67820143699646,-0.09026001393795013,0.5003986954689026,0.45834654569625854,-0.15012571215629578,0.47048699855804443,0.32584476470947266,-0.1735680252313614,0.45132681727409363,0.22639992833137512,-0.1874977946281433,0.6096737384796143,0.6748820543289185,-0.12635254859924316,0.6178399324417114,0.4364498257637024,-0.15945960581302643,0.6510760188102722,0.4741111993789673,-0.12363031506538391,0.6589714288711548,0.5380033850669861,-0.09417030960321426,0.6725256443023682,0.663331925868988,-0.16127537190914154,0.6890103816986084,0.4855421781539917,-0.1676589548587799,0.7102901935577393,0.5251964926719666,-0.13091804087162018,0.7061920762062073,0.5921005010604858,-0.10153235495090485,S
0.7399671673774719,0.8666955232620239,1.3062610833003419e-06,0.6409288644790649,0.7801238298416138,0.03449626266956329,0.5883030295372009,0.6474316120147705,0.016723185777664185,0.5901148319244385,0.5220728516578674,-0.011982747353613377,0.5992977023124695,0.42763006687164307,-0.037396159023046494,0.5152232050895691,0.6446319222450256,-0.04809495806694031,0.43665117025375366,0.49717921018600464,-0.08850035071372986,0.3807941675186157,0.41787755489349365,-0.10849066078662872,0.33274969458580017,0.35605257749557495,-0.12221188098192215,0.5529311895370483,0.6468335390090942,-0.09217437356710434,0.5018982291221619,0.4177451729774475,-0.1504623144865036,0.4743809103965759,0.2810535728931427,-0.17347672581672668,0.4563925862312317,0.17986392974853516,-0.18659889698028564,0.6099153161048889,0.6456722617149353,-0.12716172635555267,0.6235281229019165,0.411169171333313,-0.16131502389907837,0.654319167137146,0.449535071849823,-0.12854869663715363,0.6594944000244141,0.5137628316879272,-0.1002407968044281,0.6747416257858276,0.6372071504592896,-0.1610679030418396,0.692855715751648,0.46058064699172974,-0.1677037626504898,0.7138122320175171,0.502600908279419,-0.13089369237422943,0.7092950940132141,0.5698394775390625,-0.1011379137635231,S
0.7369039058685303,0.8522248268127441,1.3484678902386804e-06,0.6348503232002258,0.7678846120834351,0.031743329018354416,0.5791006684303284,0.6399201154708862,0.01484057679772377,0.5768032670021057,0.5151553153991699,-0.012439272366464138,0.5850623846054077,0.4198693037033081,-0.03625380992889404,0.5137119889259338,0.6219572424888611,-0.04871084541082382,0.4377630054950714,0.4665873944759369,-0.09090941399335861,0.38314056396484375,0.3820149004459381,-0.11211005598306656,0.33566221594810486,0.3177637457847595,-0.12617804110050201,0.5522324442863464,0.6215790510177612,-0.09043583273887634,0.506436824798584,0.3788301944732666,-0.15002848207950592,0.48133158683776855,0.23680439591407776,-0.17572690546512604,0.46404123306274414,0.13163530826568604,-0.19023633003234863,0.6098834872245789,0.6193972826004028,-0.12312621623277664,0.6270741820335388,0.37905293703079224,-0.16063721477985382,0.6558716297149658,0.42474108934402466,-0.13109786808490753,0.6575828194618225,0.4932171702384949,-0.10356906056404114,0.6748212575912476,0.6110997200012207,-0.15452103316783905,0.6980305314064026,0.4337456226348877,-0.165561243891716,0.7175206542015076,0.4802352488040924,-0.1315520703792572,0.7092001438140869,0.549725353717804,-0.10232038795948029,S
0.731231689453125,0.8417047262191772,1.3532829825635417e-06,0.6294950842857361,0.7514830827713013,0.037664931267499924,0.5745092630386353,0.6261507868766785,0.022083798423409462,0.5655064582824707,0.5071695446968079,-0.005058476701378822,0.5685611367225647,0.4122750461101532,-0.029052268713712692,0.512179970741272,0.59816974401474,-0.04769676551222801,0.4371189773082733,0.43646228313446045,-0.08929409086704254,0.3848473131656647,0.34911078214645386,-0.10842303931713104,0.33927103877067566,0.28190743923187256,-0.12094578146934509,0.5522026419639587,0.5954573750495911,-0.09269335865974426,0.5122705698013306,0.34594374895095825,-0.15385101735591888,0.49053865671157837,0.20170637965202332,-0.17926256358623505,0.47561192512512207,0.09684747457504272,-0.193349689245224,0.6111831068992615,0.5947470664978027,-0.12770386040210724,0.6336832642555237,0.3551313281059265,-0.16492541134357452,0.6618024706840515,0.4063316583633423,-0.132436141371727,0.6614580154418945,0.47721076011657715,-0.1030246689915657,0.6774014234542847,0.589714527130127,-0.16084836423397064,0.7030869722366333,0.4147503077983856,-0.1708449423313141,0.7224370837211609,0.46258744597435,-0.13461311161518097,0.7124077081680298,0.5321654081344604,-0.1037764698266983,S
0.7316820025444031,0.8380988836288452,1.3658715261044563e-06,0.6330633163452148,0.7427768111228943,0.03603276610374451,0.5826331973075867,0.611144483089447,0.017193667590618134,0.5860979557037354,0.4883115291595459,-0.012231816537678242,0.6016048192977905,0.39114367961883545,-0.03785151243209839,0.5140983462333679,0.5910472869873047,-0.05778215080499649,0.44123706221580505,0.42050880193710327,-0.10217668861150742,0.38797706365585327,0.3306315839290619,-0.12350718677043915,0.34071990847587585,0.2644686698913574,-0.13776905834674835,0.5572203993797302,0.5884646773338318,-0.10213369131088257,0.518639862537384,0.3344952464103699,-0.16528818011283875,0.49800270795822144,0.1845395565032959,-0.1912636011838913,0.48473793268203735,0.07604381442070007,-0.20684728026390076,0.6155363917350769,0.5883108377456665,-0.1359940469264984,0.6384696960449219,0.34392982721328735,-0.16954225301742554,0.6670235395431519,0.3927096128463745,-0.13147026300430298,0.6683539152145386,0.46093910932540894,-0.09981224685907364,0.6817042827606201,0.5822629928588867,-0.16873037815093994,0.7051970362663269,0.40682607889175415,-0.1732795685529709,0.724388062953949,0.453369140625,-0.13250041007995605,0.7157558798789978,0.5199007987976074,-0.09980292618274689,S
0.7308591604232788,0.8355318307876587,1.3752935501543107e-06,0.6305578947067261,0.7393032908439636,0.04207253456115723,0.580940306186676,0.6093134880065918,0.023860905319452286,0.5833249092102051,0.48952776193618774,-0.005053915549069643,0.5977608561515808,0.38932663202285767,-0.029203709214925766,0.5136464834213257,0.5848685503005981,-0.06199893355369568,0.44192537665367126,0.4124857783317566,-0.10804495960474014,0.3883095979690552,0.32024461030960083,-0.13144421577453613,0.34194666147232056,0.2514670193195343,-0.1483086198568344,0.5596223473548889,0.5819101333618164,-0.10777877271175385,0.5236905813217163,0.32710397243499756,-0.17578287422657013,0.5045613646507263,0.17401593923568726,-0.20535717904567719,0.4940475523471832,0.06282404065132141,-0.22471006214618683,0.6186890602111816,0.5829585790634155,-0.14110307395458221,0.6400530934333801,0.3377869427204132,-0.17051123082637787,0.6668688654899597,0.39127597212791443,-0.12480208277702332,0.6678121089935303,0.46170568466186523,-0.09024521708488464,0.6847524642944336,0.5777621865272522,-0.1734042465686798,0.7082633972167969,0.40488213300704956,-0.1737940013408661,0.7267890572547913,0.4518589377403259,-0.12896360456943512,0.7171127200126648,0.5171800255775452,-0.09434046596288681,S
0.725922703742981,0.8412418365478516,1.4026134067535168e-06,0.6248517632484436,0.7314314246177673,0.05696670711040497,0.5820204615592957,0.5997705459594727,0.038269054144620895,0.5915594100952148,0.48617231845855713,0.007071271073073149,0.6115753054618835,0.39004889130592346,-0.019361190497875214,0.5133723020553589,0.5796769857406616,-0.06704069674015045,0.44616472721099854,0.40831780433654785,-0.11393196880817413,0.39189276099205017,0.317160964012146,-0.13870295882225037,0.3472924530506134,0.2479628026485443,-0.1586197167634964,0.5623152256011963,0.5769835710525513,-0.1198415756225586,0.5306199789047241,0.3247073292732239,-0.19679084420204163,0.5131616592407227,0.16902995109558105,-0.23046787083148956,0.5083779692649841,0.056463003158569336,-0.25366470217704773,0.6226388216018677,0.5808947086334229,-0.15630429983139038,0.6442824006080627,0.3418402671813965,-0.17699192464351654,0.6661288738250732,0.40048548579216003,-0.11585275828838348,0.6661995053291321,0.47183772921562195,-0.0745512917637825,0.6909036636352539,0.5791966319084167,-0.19159935414791107,0.7069126963615417,0.41149574518203735,-0.17916151881217957,0.7241102457046509,0.45745882391929626,-0.12150812149047852,0.7171317934989929,0.5207226872444153,-0.08010231703519821,S
0.7218412756919861,0.8421281576156616,1.3731544186157407e-06,0.6319015026092529,0.6939492225646973,0.09925860166549683,0.6028900146484375,0.5670618414878845,0.08293710649013519,0.6146555542945862,0.46266841888427734,0.04662386700510979,0.634398341178894,0.37376868724823,0.014187092892825603,0.5139283537864685,0.5596018433570862,-0.057163506746292114,0.4535066485404968,0.39896780252456665,-0.1028832420706749,0.4018239676952362,0.30652332305908203,-0.13346464931964874,0.3605581223964691,0.23687371611595154,-0.16268005967140198,0.5673598051071167,0.5642586350440979,-0.13237428665161133,0.539759635925293,0.3311583995819092,-0.21787381172180176,0.527685821056366,0.1739524006843567,-0.26069504022598267,0.5292864441871643,0.057366520166397095,-0.29598918557167053,0.6279945969581604,0.5769904255867004,-0.18406373262405396,0.648223876953125,0.3649676442146301,-0.18438223004341125,0.669579267501831,0.4209238588809967,-0.10048382729291916,0.6742427349090576,0.4872281551361084,-0.05495278537273407,0.6988574266433716,0.576149582862854,-0.2332303673028946,0.7050483226776123,0.4288488030433655,-0.19780409336090088,0.7239560484886169,0.4710552394390106,-0.12147814780473709,0.7220129370689392,0.5280256271362305,-0.07409681379795074,S
0.7164714336395264,0.855797529220581,1.3891990420233924e-06,0.638163149356842,0.6949400305747986,0.10539501160383224,0.6159080266952515,0.5671059489250183,0.0867270901799202,0.6306285262107849,0.4698333740234375,0.04669814184308052,0.6473579406738281,0.3804396688938141,0.009832230396568775,0.516972005367279,0.5561372637748718,-0.057112034410238266,0.46472859382629395,0.3953617811203003,-0.10215464979410172,0.41976553201675415,0.2990074157714844,-0.1350632905960083,0.38388752937316895,0.2240077257156372,-0.16709427535533905,0.5705302953720093,0.5689541697502136,-0.134832963347435,0.5529537200927734,0.34150058031082153,-0.2178422212600708,0.5483642220497131,0.18552929162979126,-0.26223060488700867,0.5550467371940613,0.06636029481887817,-0.3012545704841614,0.631577730178833,0.5892576575279236,-0.18770819902420044,0.6571508646011353,0.3926761746406555,-0.1794019639492035,0.6736282110214233,0.4547842741012573,-0.09258496761322021,0.6761949062347412,0.5235733985900879,-0.04992743954062462,0.7012483477592468,0.5930836796760559,-0.23814883828163147,0.7107985019683838,0.4584199786186218,-0.19685718417167664,0.727888286113739,0.5034545063972473,-0.11905322968959808,0.724905252456665,0.5579150915145874,-0.07362348586320877,S
0.7100939750671387,0.9234328269958496,1.4896793345542392e-06,0.624855637550354,0.8140798807144165,0.019781745970249176,0.5907279253005981,0.669440746307373,-0.007273603696376085,0.6170852184295654,0.5453147888183594,-0.04219146445393562,0.6519074440002441,0.45780330896377563,-0.07414451986551285,0.5160502195358276,0.6451383233070374,-0.07598675042390823,0.47142666578292847,0.4458026885986328,-0.12781983613967896,0.43344566226005554,0.33140963315963745,-0.1551220417022705,0.4032610058784485,0.24380961060523987,-0.17261724174022675,0.5632612109184265,0.6535955667495728,-0.11357061564922333,0.5637507438659668,0.38813516497612,-0.17703190445899963,0.5684651136398315,0.22519266605377197,-0.20052292943000793,0.5762413144111633,0.10464158654212952,-0.21439090371131897,0.6236032843589783,0.6645857691764832,-0.14261852204799652,0.6707109212875366,0.4362729489803314,-0.1785890907049179,0.6850864887237549,0.49656468629837036,-0.14150385558605194,0.6782839298248291,0.5670955777168274,-0.10969504714012146,0.6909884810447693,0.6732168197631836,-0.1721467226743698,0.7258399724960327,0.5082192420959473,-0.17917174100875854,0.7342999577522278,0.55445796251297,-0.13887494802474976,0.7224451303482056,0.612869381904602,-0.10584335774183273,S
0.7110297679901123,0.9686240553855896,1.4333303397506825e-06,0.6216368675231934,0.8699110746383667,0.022571494802832603,0.5696704387664795,0.7415339946746826,2.757453330559656e-05,0.5622729659080505,0.6250579357147217,-0.030155181884765625,0.5712685585021973,0.5298792123794556,-0.05708468705415726,0.512827455997467,0.707927405834198,-0.07072024792432785,0.4611475467681885,0.5167572498321533,-0.12029751390218735,0.4194466769695282,0.4067831039428711,-0.14358626306056976,0.3879185914993286,0.3241090476512909,-0.156316876411438,0.5606085062026978,0.7163977026939392,-0.10667108744382858,0.5601281523704529,0.44601210951805115,-0.16924671828746796,0.5649863481521606,0.2829654812812805,-0.18735767900943756,0.5730919241905212,0.16328787803649902,-0.19440488517284393,0.6205960512161255,0.724266529083252,-0.13419631123542786,0.6637836694717407,0.4950637221336365,-0.1719457060098648,0.678134024143219,0.5496208667755127,-0.13443206250667572,0.6729962229728699,0.6166000962257385,-0.09972994774580002,0.6878402829170227,0.731258749961853,-0.16116002202033997,0.7199806571006775,0.5589525103569031,-0.16680072247982025,0.7292877435684204,0.6016448736190796,-0.12375587970018387,0.7218400239944458,0.6594283580780029,-0.08718333393335342,S
0.7135084271430969,1.0254820585250854,1.4726177823831677e-06,0.6273443698883057,0.9263240098953247,0.015211815945804119,0.5817884206771851,0.793525218963623,-0.01587924174964428,0.593483567237854,0.6716559529304504,-0.05365465208888054,0.6157530546188354,0.5762214660644531,-0.08887806534767151,0.5125596523284912,0.7799062728881836,-0.08513502031564713,0.4552760422229767,0.5958617925643921,-0.13724000751972198,0.413453608751297,0.49020832777023315,-0.16195537149906158,0.381757915019989,0.4102209806442261,-0.17612068355083466,0.5608052611351013,0.7923859357833862,-0.12136733531951904,0.5538187623023987,0.5260579586029053,-0.1856585144996643,0.555796205997467,0.3642551004886627,-0.20246733725070953,0.5610899329185486,0.24559268355369568,-0.20932534337043762,0.6212832927703857,0.801252543926239,-0.14971336722373962,0.6603164076805115,0.5689380168914795,-0.19012199342250824,0.6765651106834412,0.6208329796791077,-0.15239202976226807,0.6746668815612793,0.6889771819114685,-0.11825735121965408,0.6899909377098083,0.8057355880737305,-0.17814333736896515,0.7160465717315674,0.6285349130630493,-0.18573375046253204,0.7261150479316711,0.6711296439170837,-0.14247724413871765,0.7214895486831665,0.7311698198318481,-0.1067318394780159,S
0.7237153053283691,1.0793657302856445,1.4359800388774602e-06,0.6294773817062378,0.9781045913696289,0.031558338552713394,0.5757721662521362,0.8509858250617981,0.000949046341702342,0.5666938424110413,0.7380182147026062,-0.03793282434344292,0.5674661993980408,0.6434076428413391,-0.0730089545249939,0.511001467704773,0.8454177975654602,-0.09343297779560089,0.4554694890975952,0.6668248772621155,-0.14791883528232574,0.4137689471244812,0.569692850112915,-0.1735539585351944,0.3803223669528961,0.4940268397331238,-0.19007501006126404,0.5620434284210205,0.8671100735664368,-0.13886018097400665,0.5514475703239441,0.6066881418228149,-0.21658846735954285,0.5507131814956665,0.4446397125720978,-0.23496899008750916,0.5553195476531982,0.3261958658695221,-0.24297645688056946,0.6243525147438049,0.8785793781280518,-0.1729326695203781,0.6533645987510681,0.6311936378479004,-0.21093657612800598,0.6723794937133789,0.6785717010498047,-0.15665259957313538,0.6736518144607544,0.7482234239578247,-0.11423611640930176,0.6950649619102478,0.8793724179267883,-0.20682407915592194,0.7135919332504272,0.687080979347229,-0.2083955854177475,0.7250957489013672,0.7272732853889465,-0.15468886494636536,0.7231463193893433,0.7921243906021118,-0.11300402134656906,S
0.7402563095092773,1.140669822692871,1.3539336123358225e-06,0.6395708918571472,1.0465799570083618,0.029819337651133537,0.5820561051368713,0.9176555275917053,0.004708563443273306,0.576075553894043,0.7952204942703247,-0.028424503281712532,0.5785709023475647,0.6946505308151245,-0.05783334746956825,0.5215575695037842,0.9054056406021118,-0.07621370255947113,0.4576106667518616,0.7386523485183716,-0.12260802090167999,0.4106624722480774,0.6491432189941406,-0.14271633327007294,0.37390440702438354,0.5760312080383301,-0.1558302640914917,0.5726478099822998,0.9189745187759399,-0.1186555027961731,0.5507847666740417,0.6732246279716492,-0.18836505711078644,0.542718231678009,0.5201879143714905,-0.20395758748054504,0.5420496463775635,0.4031980037689209,-0.20971651375293732,0.6346741318702698,0.9279725551605225,-0.15104550123214722,0.6538216471672058,0.6911500692367554,-0.18816658854484558,0.6709346175193787,0.7396813035011292,-0.1399865746498108,0.6736044883728027,0.8059548735618591,-0.10032270103693008,0.7037045359611511,0.9325733184814453,-0.18303731083869934,0.712791383266449,0.7462663054466248,-0.1857517808675766,0.7228116393089294,0.7874178886413574,-0.13646844029426575,0.7224451303482056,0.8517840504646301,-0.09710591286420822,S
0.7135742902755737,1.2137510776519775,1.222993319061061e-06,0.6211742162704468,1.1199674606323242,0.008136420510709286,0.5759506225585938,0.9792001247406006,-0.012189887464046478,0.5863884687423706,0.8507790565490723,-0.037245672196149826,0.6051654815673828,0.7496426701545715,-0.0593685619533062,0.5275848507881165,0.9404156804084778,-0.05546557158231735,0.4631761312484741,0.7864532470703125,-0.09156997501850128,0.4143449664115906,0.7052621245384216,-0.10708499699831009,0.3777541518211365,0.6420738101005554,-0.11712001264095306,0.5841569900512695,0.922111451625824,-0.08315637707710266,0.5614027976989746,0.7141244411468506,-0.13315540552139282,0.5482796430587769,0.5762905478477478,-0.14816200733184814,0.544830858707428,0.4708835780620575,-0.15503309667110443,0.6445474624633789,0.9235150814056396,-0.1058247983455658,0.6562941074371338,0.7445066571235657,-0.13738597929477692,0.6549171209335327,0.7970379590988159,-0.11012854427099228,0.6515194177627563,0.8587109446525574,-0.08468717336654663,0.7053508162498474,0.9377648234367371,-0.12933789193630219,0.7121814489364624,0.8126658797264099,-0.13575543463230133,0.7085018754005432,0.850249171257019,-0.1049799695611,0.7072501182556152,0.8960956335067749,-0.0788450762629509,S
0.690007209777832,1.233015537261963,9.349649303658225e-07,0.6075246334075928,1.1111739873886108,0.05081938952207565,0.587604820728302,0.9743055701255798,0.04534759745001793,0.6225686073303223,0.8384218215942383,0.02982274629175663,0.6588082313537598,0.7440623044967651,0.020397445186972618,0.5297354459762573,0.9459196925163269,-0.020897066220641136,0.46195125579833984,0.8121691942214966,-0.0399521179497242,0.4107767343521118,0.7409429550170898,-0.046075839549303055,0.3723292052745819,0.6786754131317139,-0.05190056189894676,0.5821760296821594,0.9472758769989014,-0.06352114677429199,0.5551012754440308,0.7397680878639221,-0.11247861385345459,0.5390591025352478,0.6026629209518433,-0.13175234198570251,0.539155900478363,0.5012845993041992,-0.14328977465629578,0.64311683177948,0.9565004110336304,-0.09427481889724731,0.6657944917678833,0.7553081512451172,-0.10884770005941391,0.6705029010772705,0.7980199456214905,-0.06413719058036804,0.6693271398544312,0.8508648872375488,-0.03007495403289795,0.713331937789917,0.9677713513374329,-0.12276184558868408,0.7141868472099304,0.807461142539978,-0.10202618688344955,0.7174846529960632,0.8492702841758728,-0.04906630516052246,0.7182231545448303,0.8970537781715393,-0.011156179942190647,S
0.6846803426742554,1.2288599014282227,7.774011123728997e-07,0.6053959131240845,1.107549786567688,0.030090471729636192,0.5854418873786926,0.9696052074432373,0.014409531839191914,0.6203569173812866,0.8400691151618958,-0.008964416570961475,0.6573166251182556,0.7521660327911377,-0.02828327566385269,0.5307479500770569,0.9586614966392517,-0.04631362110376358,0.4639827609062195,0.8300460577011108,-0.07819174975156784,0.41405826807022095,0.7605247497558594,-0.0906471237540245,0.3756527006626129,0.702185869216919,-0.0979263111948967,0.5802583694458008,0.9632989764213562,-0.08505764603614807,0.5497475266456604,0.7646358609199524,-0.13471446931362152,0.5351014137268066,0.6348620057106018,-0.1486348807811737,0.5326200723648071,0.5362585783004761,-0.15522471070289612,0.6430232524871826,0.9729342460632324,-0.11564570665359497,0.6639246344566345,0.7765694260597229,-0.14412042498588562,0.6732401847839355,0.8141119480133057,-0.1075909361243248,0.673185408115387,0.8656039237976074,-0.07531863451004028,0.716177225112915,0.9869799613952637,-0.14492782950401306,0.7159861326217651,0.8233914971351624,-0.13927197456359863,0.7185013890266418,0.8586083054542542,-0.09378201514482498,0.7187809348106384,0.9072956442832947,-0.05887269601225853,S
0.6785746812820435,1.2252261638641357,7.439142564180656e-07,0.6027429699897766,1.1075619459152222,0.021409250795841217,0.5860013365745544,0.9679609537124634,0.003525100415572524,0.6234344840049744,0.8386574387550354,-0.020875873044133186,0.6610985398292542,0.753785252571106,-0.04128772392868996,0.5304726362228394,0.9588862657546997,-0.04845422878861427,0.4697114825248718,0.8311095833778381,-0.0816636011004448,0.4204062223434448,0.7624115943908691,-0.0976022332906723,0.3796732425689697,0.7053999900817871,-0.10800454020500183,0.5779210329055786,0.9665296077728271,-0.08383575081825256,0.5463012456893921,0.7804338932037354,-0.13055461645126343,0.5310032963752747,0.6614066362380981,-0.14444422721862793,0.5244450569152832,0.568874716758728,-0.1521298587322235,0.6393832564353943,0.9779781699180603,-0.11275091022253036,0.6606323719024658,0.7853859663009644,-0.14197710156440735,0.6710274815559387,0.8229787945747375,-0.10834809392690659,0.669572651386261,0.8760828971862793,-0.0786103829741478,0.7111786007881165,0.9929118156433105,-0.14136914908885956,0.7134726047515869,0.8284106254577637,-0.14070743322372437,0.7158820629119873,0.8627098798751831,-0.10001479089260101,0.7152041792869568,0.9125825762748718,-0.06839735060930252,S
0.6804278492927551,1.2195825576782227,5.681384891431662e-07,0.6035411953926086,1.0946842432022095,0.04403838887810707,0.5896843671798706,0.9640394449234009,0.02743595466017723,0.616997241973877,0.8476985692977905,0.00014798325719311833,0.6501877903938293,0.7703729867935181,-0.02234792709350586,0.5268720388412476,0.9648507833480835,-0.05093153193593025,0.46403011679649353,0.8304886221885681,-0.0895506739616394,0.4122626781463623,0.7620679140090942,-0.10847801715135574,0.36841797828674316,0.7051395177841187,-0.12198064476251602,0.5707690715789795,0.9810448884963989,-0.09935330599546432,0.5255069136619568,0.8138744235038757,-0.1585925817489624,0.5017915368080139,0.7044864296913147,-0.1775226891040802,0.48470795154571533,0.6256440877914429,-0.18952490389347076,0.6284788250923157,0.9963198900222778,-0.1378103643655777,0.6516239047050476,0.8018435835838318,-0.16676019132137299,0.6778027415275574,0.8178737163543701,-0.12717671692371368,0.6850717067718506,0.8595790863037109,-0.0957992821931839,0.6990806460380554,1.0081562995910645,-0.17450526356697083,0.7092469930648804,0.8446158170700073,-0.16919444501399994,0.7196402549743652,0.8617578148841858,-0.12595272064208984,0.7215139865875244,0.8999518752098083,-0.09444060921669006,S
0.7264121770858765,1.1742000579833984,3.001001402935799e-07,0.6316949129104614,1.0980124473571777,0.011422420851886272,0.5911251902580261,0.9769301414489746,0.007281881291419268,0.598206102848053,0.8734918236732483,-0.0032488040160387754,0.6164507269859314,0.7974607348442078,-0.010957550257444382,0.5258592963218689,0.9469419121742249,-0.011741665191948414,0.44548097252845764,0.8356038928031921,-0.024855701252818108,0.3968433141708374,0.7769484519958496,-0.028192633762955666,0.3585377633571625,0.7298052310943604,-0.028745992109179497,0.5699703693389893,0.9193338751792908,-0.03281748294830322,0.48007261753082275,0.8375047445297241,-0.04735387861728668,0.4271300137042999,0.7801449298858643,-0.05503629893064499,0.386924684047699,0.7403424978256226,-0.058742113411426544,0.626349687576294,0.910128116607666,-0.05203717574477196,0.6249815821647644,0.8664478063583374,-0.0647512897849083,0.6435188055038452,0.895468533039093,-0.06226126477122307,0.6531680226325989,0.937548816204071,-0.05590002238750458,0.6876930594444275,0.917012095451355,-0.07109259814023972,0.6978216767311096,0.8995245695114136,-0.06536632031202316,0.7055246829986572,0.9214383363723755,-0.05274486541748047,0.7116342782974243,0.9543182849884033,-0.041974447667598724,S
0.7270896434783936,1.1032354831695557,5.320103468875459e-07,0.6491312384605408,1.1152998208999634,-0.024413609877228737,0.5781076550483704,1.0981272459030151,-0.04435669258236885,0.5316769480705261,1.0784673690795898,-0.0675901547074318,0.5065034031867981,1.0514686107635498,-0.08955621719360352,0.5294533967971802,0.9522932767868042,-0.032206084579229355,0.4252462387084961,0.8943681120872498,-0.06924040615558624,0.35997703671455383,0.8680227398872375,-0.09064668416976929,0.30265989899635315,0.8464577794075012,-0.10020999610424042,0.5598370432853699,0.9038829207420349,-0.0439898744225502,0.45992642641067505,0.7874290943145752,-0.08502752333879471,0.39492496848106384,0.7242859601974487,-0.10806532949209213,0.34246915578842163,0.6747238039970398,-0.11635304242372513,0.6077996492385864,0.8756834864616394,-0.05923912674188614,0.5569944977760315,0.8299370408058167,-0.11536223441362381,0.5437430143356323,0.8667936325073242,-0.1333753913640976,0.5343645811080933,0.9090373516082764,-0.12858735024929047,0.6700984239578247,0.8585610389709473,-0.07469277083873749,0.639406681060791,0.7853760719299316,-0.10924289375543594,0.6307169198989868,0.8310412764549255,-0.10534016788005829,0.6285796165466309,0.897196352481842,-0.09268665313720703,S
0.692480742931366,1.085617184638977,9.753742915563635e-07,0.6174727082252502,1.0985133647918701,-0.01983337104320526,0.5608709454536438,1.0594863891601562,-0.04493098706007004,0.543110728263855,1.009032130241394,-0.07389826327562332,0.5288055539131165,0.9631299376487732,-0.10336606949567795,0.5101187825202942,0.9070139527320862,-0.04879098758101463,0.41204380989074707,0.8406313061714172,-0.08661734312772751,0.3499595820903778,0.8102518916130066,-0.10612071305513382,0.2953161299228668,0.7830605506896973,-0.11767810583114624,0.5541321635246277,0.8420590758323669,-0.06710578501224518,0.4811457395553589,0.696973443031311,-0.10834670811891556,0.4278695583343506,0.606725811958313,-0.13464657962322235,0.38225722312927246,0.539664626121521,-0.14703473448753357,0.6119324564933777,0.8217899203300476,-0.08634930104017258,0.5491487979888916,0.8024922609329224,-0.14088670909404755,0.5346471667289734,0.8745048642158508,-0.15926264226436615,0.5302664041519165,0.9353597164154053,-0.15799467265605927,0.6717538833618164,0.832263171672821,-0.1052471324801445,0.6334916949272156,0.8726961016654968,-0.15073765814304352,0.5997329354286194,0.9259454011917114,-0.16022582352161407,0.573733389377594,0.9679408669471741,-0.15716500580310822,S
0.660178005695343,1.1540541648864746,1.1223637557122856e-06,0.7026621103286743,1.0504505634307861,-0.05813641473650932,0.6890354752540588,0.9215672612190247,-0.0823524072766304,0.6133741140365601,0.9233843088150024,-0.0987066924571991,0.5487244129180908,0.9828391075134277,-0.1171540915966034,0.5828245282173157,0.8089878559112549,-0.05849665403366089,0.5321947932243347,0.6502652168273926,-0.08854151517152786,0.49835190176963806,0.5558528304100037,-0.1095077246427536,0.46928414702415466,0.4826432764530182,-0.12418260425329208,0.5274301171302795,0.8623868227005005,-0.053590789437294006,0.4397699236869812,0.7528713941574097,-0.08434168994426727,0.37631160020828247,0.6977301836013794,-0.11391350626945496,0.3243829607963562,0.660391628742218,-0.13216717541217804,0.4987174868583679,0.93177729845047,-0.0524037703871727,0.4438786804676056,0.8542492389678955,-0.09408656507730484,0.40794670581817627,0.8154420256614685,-0.12590238451957703,0.37474116683006287,0.7897817492485046,-0.1439647078514099,0.49064528942108154,1.0120749473571777,-0.054462265223264694,0.48656409978866577,0.9978388547897339,-0.09461519122123718,0.5167353749275208,1.018877625465393,-0.10509724915027618,0.5423821806907654,1.0495021343231201,-0.10720068961381912,S
0.6409815549850464,1.2098997831344604,1.053471692102903e-06,0.6859688758850098,1.10843026638031,-0.0514163039624691,0.6759171485900879,0.9856648445129395,-0.06890831887722015,0.6072531342506409,0.9516956210136414,-0.08452275395393372,0.5487300753593445,0.9617396593093872,-0.09784532338380814,0.607000470161438,0.8306401968002319,-0.03356556221842766,0.5721692442893982,0.6523970365524292,-0.06695766001939774,0.5477327704429626,0.5414056777954102,-0.08772791922092438,0.52434241771698,0.45476576685905457,-0.09800123423337936,0.5505969524383545,0.8677085638046265,-0.03081507980823517,0.4760662317276001,0.7242480516433716,-0.0674048662185669,0.4182279706001282,0.6404154300689697,-0.09384814649820328,0.3724832534790039,0.5769665837287903,-0.10549730807542801,0.5156059265136719,0.9268401861190796,-0.034016747027635574,0.48517823219299316,0.8761850595474243,-0.08687561750411987,0.5074490308761597,0.930747926235199,-0.10401870310306549,0.526265025138855,0.9788276553153992,-0.09726252406835556,0.494920015335083,0.9932668805122375,-0.041273538023233414,0.46842771768569946,0.9370650053024292,-0.07834827154874802,0.49116188287734985,0.9599303007125854,-0.07851731777191162,0.5166695713996887,0.9895168542861938,-0.066749207675457,S
0.6363893151283264,1.235754370689392,1.0060925887955818e-06,0.6761438250541687,1.1531213521957397,-0.06309553980827332,0.6649621725082397,1.0515483617782593,-0.08958537131547928,0.5980222225189209,1.0051909685134888,-0.11320862919092178,0.5334077477455139,0.9842365384101868,-0.13454371690750122,0.6143848896026611,0.8513197302818298,-0.04813303053379059,0.5901941061019897,0.6745854020118713,-0.0881696492433548,0.5720806121826172,0.5634297728538513,-0.11283297836780548,0.5507455468177795,0.475250244140625,-0.1251828968524933,0.5574080944061279,0.8794828057289124,-0.043395034968853,0.4934176206588745,0.7272756099700928,-0.08736687153577805,0.4408496916294098,0.6367058157920837,-0.11453447490930557,0.39600324630737305,0.5717526078224182,-0.12428566068410873,0.5189231634140015,0.9412937760353088,-0.04572088643908501,0.4785405993461609,0.8980265855789185,-0.10936868190765381,0.5014337301254272,0.9660475254058838,-0.12723185122013092,0.5212530493736267,1.0212881565093994,-0.1170932874083519,0.49550318717956543,1.0145115852355957,-0.052591901272535324,0.4638848304748535,0.9811784029006958,-0.10087332874536514,0.4840574860572815,1.0279825925827026,-0.10355114936828613,0.5062323212623596,1.0718809366226196,-0.08992096781730652,S
0.625805139541626,1.2524125576019287,8.461212246402283e-07,0.6512669324874878,1.1782708168029785,-0.07313594222068787,0.6273782253265381,1.0757378339767456,-0.10017435997724533,0.5635799169540405,1.011333703994751,-0.11991147696971893,0.5118225812911987,0.9564526677131653,-0.13712570071220398,0.6077817678451538,0.8627676963806152,-0.05161341652274132,0.5870757699012756,0.6938900947570801,-0.0856006070971489,0.5674700736999512,0.5856384038925171,-0.10887068510055542,0.5439654588699341,0.49725812673568726,-0.123857282102108,0.5572261810302734,0.8842757344245911,-0.039841897785663605,0.49278122186660767,0.7380586862564087,-0.08072369545698166,0.43608006834983826,0.6595664024353027,-0.1100449487566948,0.38918882608413696,0.596811056137085,-0.12304810434579849,0.5239776372909546,0.940426230430603,-0.035317860543727875,0.46923550963401794,0.8771453499794006,-0.09932976216077805,0.48027655482292175,0.9157039523124695,-0.12535089254379272,0.49831295013427734,0.9462829232215881,-0.12454023212194443,0.5081329345703125,1.0070569515228271,-0.035456977784633636,0.457907110452652,0.9813398718833923,-0.0960797369480133,0.4777429699897766,1.0385968685150146,-0.1100381389260292,0.5101348757743835,1.0926356315612793,-0.10410268604755402,S
0.6361054182052612,1.2655727863311768,8.918022444959206e-07,0.6437454223632812,1.1937532424926758,-0.08501889556646347,0.6132659912109375,1.0949901342391968,-0.11478675156831741,0.5565347671508789,1.0198079347610474,-0.1342063546180725,0.5096446871757507,0.9536956548690796,-0.14983507990837097,0.607146143913269,0.8739792704582214,-0.058978985995054245,0.5817481279373169,0.7051325440406799,-0.09241704642772675,0.5606900453567505,0.5958305597305298,-0.11811129003763199,0.5349705219268799,0.5034260749816895,-0.13615839183330536,0.5535833239555359,0.8989503979682922,-0.03874366730451584,0.4852754771709442,0.7583763599395752,-0.07898694276809692,0.42559996247291565,0.678214430809021,-0.11067484319210052,0.3754309415817261,0.6120581030845642,-0.12681086361408234,0.5199953317642212,0.9577940106391907,-0.02682630345225334,0.45981499552726746,0.8871860504150391,-0.08511991798877716,0.4648140072822571,0.9143256545066833,-0.1122608482837677,0.47716596722602844,0.9345117211341858,-0.11524403840303421,0.5069481134414673,1.0259760618209839,-0.02115466259419918,0.4547888934612274,0.999646782875061,-0.07682584971189499,0.46470117568969727,1.0464729070663452,-0.09357590228319168,0.4871954023838043,1.0874258279800415,-0.09181701391935349,S
0.6183096170425415,1.269615650177002,9.567719416736509e-07,0.6417033672332764,1.1895889043807983,-0.08662694692611694,0.6308680176734924,1.0891579389572144,-0.11381516605615616,0.5903241634368896,1.0182265043258667,-0.13047315180301666,0.5500966310501099,0.9506716132164001,-0.1431283950805664,0.6036452651023865,0.8731735348701477,-0.05457795411348343,0.5734971165657043,0.7035022974014282,-0.08371948450803757,0.551197350025177,0.5948578715324402,-0.10543186217546463,0.5262131094932556,0.5044862031936646,-0.11938629299402237,0.5472250580787659,0.9007070660591125,-0.030733836814761162,0.47977492213249207,0.762105405330658,-0.06598158180713654,0.41914159059524536,0.683576762676239,-0.09521497786045074,0.3693196177482605,0.622126579284668,-0.10870764404535294,0.5123522281646729,0.9596932530403137,-0.015809981152415276,0.45850005745887756,0.9077983498573303,-0.07360430806875229,0.46856844425201416,0.9596919417381287,-0.1037142351269722,0.4853447377681732,0.9976052045822144,-0.10582466423511505,0.4988354742527008,1.0219842195510864,-0.006936106830835342,0.4490911066532135,1.0044752359390259,-0.062092505395412445,0.46142858266830444,1.056530475616455,-0.08155226707458496,0.4878622889518738,1.100205421447754,-0.08018627017736435,S
0.6289858222007751,1.2432701587677002,7.603810558975965e-07,0.6414481997489929,1.1634060144424438,-0.0731891617178917,0.6131128668785095,1.054808497428894,-0.09400413185358047,0.5539570450782776,0.9866771101951599,-0.10452543944120407,0.5083463788032532,0.9400690793991089,-0.11193004250526428,0.5983611941337585,0.8525603413581848,-0.04027344286441803,0.5640332698822021,0.6872612237930298,-0.059907227754592896,0.5411772727966309,0.5818355083465576,-0.07949542999267578,0.5159726142883301,0.49292412400245667,-0.09571120142936707,0.5478725433349609,0.8764166235923767,-0.02276933379471302,0.4732971787452698,0.737082839012146,-0.045899081975221634,0.4111172556877136,0.6597201824188232,-0.07155495882034302,0.3597636818885803,0.5988266468048096,-0.08751384168863297,0.5151569843292236,0.9245398044586182,-0.013210021890699863,0.45668601989746094,0.8105723857879639,-0.04864658787846565,0.4238584041595459,0.7584989070892334,-0.07776673138141632,0.40170127153396606,0.7135131359100342,-0.09314557164907455,0.5004265904426575,0.9831706285476685,-0.009874182753264904,0.45899462699890137,0.9291306138038635,-0.051807768642902374,0.46669861674308777,0.9559869170188904,-0.0678822472691536,0.4878779351711273,0.9906073212623596,-0.07192318141460419,S
0.600270688533783,1.2384698390960693,9.582164466337417e-07,0.645697832107544,1.1514191627502441,-0.06083033233880997,0.6391150951385498,1.046581506729126,-0.08167470991611481,0.5769831538200378,1.0069748163223267,-0.0985456332564354,0.5180429220199585,0.9815887808799744,-0.11248986423015594,0.5867308974266052,0.8440127372741699,-0.04175600782036781,0.5579479336738586,0.6653854250907898,-0.07377805560827255,0.5373045206069946,0.5551596879959106,-0.09351372718811035,0.5133233070373535,0.46741023659706116,-0.10470988601446152,0.5278446078300476,0.8717717528343201,-0.03617260977625847,0.4630747139453888,0.7228128910064697,-0.07430335879325867,0.40473029017448425,0.6425243616104126,-0.10034864395856857,0.35448962450027466,0.5883686542510986,-0.11047238856554031,0.4881528615951538,0.9341181516647339,-0.03759515658020973,0.44764387607574463,0.883397102355957,-0.09454354643821716,0.4708414673805237,0.9309239983558655,-0.11647895723581314,0.4936067461967468,0.9741648435592651,-0.11215086281299591,0.46365195512771606,1.0086218118667603,-0.043697893619537354,0.43492987751960754,0.987696647644043,-0.09250000864267349,0.4533778131008148,1.0211983919143677,-0.1036183312535286,0.476635605096817,1.055110216140747,-0.09709877520799637,S
0.5988495945930481,1.1935603618621826,1.02545061508863e-06,0.6394288539886475,1.1004184484481812,-0.06669684499502182,0.6301694512367249,0.99273681640625,-0.08989325910806656,0.5675873160362244,0.9611128568649292,-0.10876603424549103,0.5074524283409119,0.9531811475753784,-0.12459016591310501,0.5721521973609924,0.789530873298645,-0.043657395988702774,0.5381845235824585,0.6161532402038574,-0.07771742343902588,0.5171559453010559,0.5097904205322266,-0.09835731238126755,0.4927302598953247,0.4249650835990906,-0.10965752601623535,0.5137044191360474,0.8310081958770752,-0.03737722709774971,0.44719064235687256,0.6892402172088623,-0.07834667712450027,0.3869517743587494,0.6110230684280396,-0.1051672026515007,0.33523672819137573,0.5561296343803406,-0.11421263217926025,0.4765944480895996,0.9090105295181274,-0.039420630782842636,0.4418650269508362,0.8860648274421692,-0.1016228199005127,0.4670051038265228,0.9478597044944763,-0.12508447468280792,0.4891554117202759,0.9916213154792786,-0.1187296137213707,0.4553862512111664,0.9964834451675415,-0.04637898877263069,0.43706750869750977,0.9959074258804321,-0.09542244672775269,0.4629676640033722,1.0362204313278198,-0.10462386906147003,0.4871041774749756,1.065649151802063,-0.09616664052009583,S
0.5951594114303589,1.1158156394958496,1.0449833780512563e-06,0.6333791017532349,1.0389277935028076,-0.06827294826507568,0.6303775310516357,0.9410765171051025,-0.09597842395305634,0.5458521246910095,0.9261411428451538,-0.11981453746557236,0.4730040431022644,0.9278096556663513,-0.1396365612745285,0.5592330098152161,0.7394598722457886,-0.045817065984010696,0.5261977910995483,0.567170262336731,-0.08696143329143524,0.5012781023979187,0.4618746340274811,-0.1115633025765419,0.474832683801651,0.37574777007102966,-0.12498090416193008,0.49892884492874146,0.7754855155944824,-0.04209311306476593,0.42372655868530273,0.6309731602668762,-0.09284026175737381,0.3634178638458252,0.5542894601821899,-0.12579245865345,0.31497877836227417,0.49635469913482666,-0.13810189068317413,0.4649995267391205,0.8428440093994141,-0.04669024795293808,0.4289817810058594,0.8276728987693787,-0.12222369760274887,0.4556419551372528,0.8956611752510071,-0.14889633655548096,0.47987914085388184,0.9454947113990784,-0.14136530458927155,0.4482629895210266,0.9188037514686584,-0.055511269718408585,0.42132991552352905,0.9052950143814087,-0.11187521368265152,0.4481981694698334,0.9461895227432251,-0.11998505890369415,0.4761529862880707,0.9802401065826416,-0.10927992314100266,S
0.5670620203018188,1.0629234313964844,1.1756615094782319e-06,0.6097041964530945,1.000921607017517,-0.07683824002742767,0.6072795391082764,0.9029232859611511,-0.1115683913230896,0.5214906930923462,0.8734408020973206,-0.14032334089279175,0.44078490138053894,0.8625770807266235,-0.16470375657081604,0.5444249510765076,0.6954552531242371,-0.06276361644268036,0.509750485420227,0.5227892398834229,-0.11292143911123276,0.4836461842060089,0.41435423493385315,-0.14075152575969696,0.458448201417923,0.3253486752510071,-0.1555812805891037,0.4840073585510254,0.7251477837562561,-0.05703088268637657,0.4078301191329956,0.5776318907737732,-0.11715101450681686,0.3469882011413574,0.4992673397064209,-0.15068258345127106,0.3003101348876953,0.4363154172897339,-0.16120105981826782,0.4492085874080658,0.790133535861969,-0.059863172471523285,0.40990811586380005,0.7770031094551086,-0.14392955601215363,0.4369674623012543,0.8528410196304321,-0.16652999818325043,0.4636097252368927,0.9040117263793945,-0.15457263588905334,0.43225783109664917,0.866468608379364,-0.06760762631893158,0.41472557187080383,0.8742132186889648,-0.13472290337085724,0.4515063166618347,0.9253748059272766,-0.14432217180728912,0.48409005999565125,0.9596068263053894,-0.13217931985855103,S
0.551491916179657,1.0114870071411133,1.2055195384164108e-06,0.5934783220291138,0.952473521232605,-0.07316659390926361,0.5911652445793152,0.8615214824676514,-0.10919774323701859,0.5127448439598083,0.8280581831932068,-0.14003808796405792,0.4333455264568329,0.800592839717865,-0.16733743250370026,0.526194155216217,0.6481586694717407,-0.06652257591485977,0.4915701448917389,0.4697573781013489,-0.11665599793195724,0.46513235569000244,0.35661962628364563,-0.14469172060489655,0.4402925372123718,0.2626139223575592,-0.1598312109708786,0.46734970808029175,0.6771863102912903,-0.0632350891828537,0.39634010195732117,0.5282854437828064,-0.12155850231647491,0.3335378170013428,0.4483587443828583,-0.1533217579126358,0.28412556648254395,0.38322293758392334,-0.16380685567855835,0.43284741044044495,0.7392354011535645,-0.06762673705816269,0.3824903070926666,0.723747968673706,-0.15275900065898895,0.41084861755371094,0.80821293592453,-0.17307449877262115,0.44291624426841736,0.8673446774482727,-0.16030342876911163,0.41708528995513916,0.8162784576416016,-0.07648323476314545,0.3913257122039795,0.8355795741081238,-0.1481129378080368,0.4322473108768463,0.8986022472381592,-0.1573721319437027,0.47377127408981323,0.9404986500740051,-0.1442636251449585,S
0.5687627196311951,0.93951016664505,1.3022366829318344e-06,0.5903518199920654,0.9000892639160156,-0.08713398873806,0.5735971927642822,0.8219429850578308,-0.12767232954502106,0.4972333014011383,0.7823261618614197,-0.15973635017871857,0.4141150712966919,0.750777542591095,-0.18857987225055695,0.5103254318237305,0.595615565776825,-0.08208176493644714,0.4736899733543396,0.4202806353569031,-0.13242223858833313,0.44707974791526794,0.30938681960105896,-0.16101914644241333,0.42076003551483154,0.21504256129264832,-0.177105113863945,0.45324352383613586,0.6263112425804138,-0.07132995128631592,0.3787604570388794,0.4772464632987976,-0.12966977059841156,0.31624922156333923,0.39734479784965515,-0.1625681072473526,0.26744651794433594,0.33348965644836426,-0.1745527684688568,0.41998767852783203,0.6926961541175842,-0.06859458237886429,0.36397358775138855,0.6825867295265198,-0.1523248255252838,0.38785862922668457,0.7600437998771667,-0.1751176118850708,0.4178707003593445,0.8150992393493652,-0.16584131121635437,0.4073609411716461,0.7714226245880127,-0.071598581969738,0.3776554763317108,0.7986123561859131,-0.14396899938583374,0.4196380078792572,0.8619219064712524,-0.156182661652565,0.4637511670589447,0.9062947034835815,-0.1462833434343338,S
0.5519018769264221,0.8966435790061951,1.549851162963023e-06,0.5736488699913025,0.8538119792938232,-0.09741537272930145,0.5482728481292725,0.7769769430160522,-0.14448708295822144,0.47389426827430725,0.7369548082351685,-0.1816975474357605,0.3885962665081024,0.7111145257949829,-0.21603426337242126,0.49257147312164307,0.5597087740898132,-0.09714528918266296,0.45769405364990234,0.38112518191337585,-0.15762440860271454,0.4314442574977875,0.26832640171051025,-0.19333970546722412,0.4056698977947235,0.17206677794456482,-0.21258926391601562,0.4342700242996216,0.5927116274833679,-0.0823872834444046,0.36386343836784363,0.44080883264541626,-0.1502925157546997,0.3018512725830078,0.3525732159614563,-0.18941450119018555,0.2528232932090759,0.27887898683547974,-0.20459400117397308,0.3979244828224182,0.6613918542861938,-0.0761532261967659,0.35192805528640747,0.6589339375495911,-0.16923105716705322,0.38288483023643494,0.7456256151199341,-0.19326317310333252,0.4184737503528595,0.8033511638641357,-0.18213345110416412,0.3809017837047577,0.7401732206344604,-0.07611151039600372,0.3566385507583618,0.7681152820587158,-0.15294939279556274,0.39767614006996155,0.8317071795463562,-0.16400665044784546,0.4411306083202362,0.8738434910774231,-0.1520809680223465,S
0.5339503288269043,0.8673760890960693,1.5730294080640306e-06,0.5583930015563965,0.8197639584541321,-0.09837956726551056,0.5321099162101746,0.7419049739837646,-0.14589552581310272,0.4573144018650055,0.7023237347602844,-0.18281789124011993,0.3732593059539795,0.6766729354858398,-0.2165345549583435,0.4748004376888275,0.5295214653015137,-0.10088630765676498,0.44308942556381226,0.3517526090145111,-0.16270972788333893,0.4166688024997711,0.23888692259788513,-0.19818776845932007,0.3911523222923279,0.14365652203559875,-0.2166345715522766,0.4165375828742981,0.5614034533500671,-0.0850093886256218,0.3471085727214813,0.4091449975967407,-0.15418700873851776,0.28707045316696167,0.31976476311683655,-0.19174017012119293,0.24005162715911865,0.24610862135887146,-0.2048507034778595,0.3810318112373352,0.6283792853355408,-0.07769998162984848,0.33575478196144104,0.6288014054298401,-0.1716853380203247,0.3683508038520813,0.7164636850357056,-0.19379961490631104,0.405011385679245,0.7753012776374817,-0.18028275668621063,0.3649400472640991,0.70528244972229,-0.0765894204378128,0.34120988845825195,0.7318485975265503,-0.15267527103424072,0.38068699836730957,0.7956762313842773,-0.16214993596076965,0.42147204279899597,0.8388142585754395,-0.14856907725334167,S
0.5218945145606995,0.8547936677932739,1.500156031397637e-06,0.5442556142807007,0.7978671789169312,-0.089695043861866,0.516326367855072,0.7175387144088745,-0.1332065910100937,0.4410942792892456,0.6799185276031494,-0.1684526801109314,0.3595530092716217,0.6556883454322815,-0.20024918019771576,0.4617404639720917,0.5057934522628784,-0.08452322334051132,0.4312627911567688,0.33253273367881775,-0.14443717896938324,0.40564996004104614,0.2199547290802002,-0.18089580535888672,0.3805253207683563,0.12535664439201355,-0.2001032829284668,0.40337881445884705,0.5369479656219482,-0.0724886879324913,0.33709415793418884,0.3860324025154114,-0.1398399919271469,0.2773745656013489,0.2961038053035736,-0.17782245576381683,0.2292037308216095,0.22307878732681274,-0.19082531332969666,0.3672997057437897,0.6024433970451355,-0.06902109831571579,0.32137495279312134,0.6016636490821838,-0.15955427289009094,0.3566609025001526,0.6866200566291809,-0.17992301285266876,0.39423656463623047,0.7437286376953125,-0.16501250863075256,0.3509802222251892,0.6788932085037231,-0.07150209695100784,0.32331010699272156,0.700355589389801,-0.143026664853096,0.3621681034564972,0.7629875540733337,-0.14938414096832275,0.4022475481033325,0.8050798773765564,-0.13346779346466064,S
0.5095226764678955,0.8423151969909668,1.5372338566521648e-06,0.5305678248405457,0.7896641492843628,-0.10154319554567337,0.5027627348899841,0.7089706063270569,-0.15055151283740997,0.42647585272789,0.6660721302032471,-0.1892721951007843,0.34139275550842285,0.6395977735519409,-0.22442393004894257,0.44923093914985657,0.4927302598953247,-0.09853466600179672,0.4154953360557556,0.3188702166080475,-0.16214416921138763,0.3896167576313019,0.2056630551815033,-0.20063461363315582,0.3645700216293335,0.11051371693611145,-0.2208361029624939,0.3918629586696625,0.5251410007476807,-0.08151350915431976,0.32275766134262085,0.37619078159332275,-0.15400156378746033,0.2628644108772278,0.2839556038379669,-0.19381123781204224,0.21514368057250977,0.208083838224411,-0.20741446316242218,0.3558492064476013,0.5910374522209167,-0.07395868003368378,0.30782586336135864,0.5957369208335876,-0.1700497269630432,0.34491267800331116,0.6841611266136169,-0.1920057088136673,0.3843670189380646,0.7403104305267334,-0.17700625956058502,0.3383069634437561,0.6651037931442261,-0.07314484566450119,0.30822616815567017,0.6886880397796631,-0.1484823077917099,0.3463037610054016,0.7529122829437256,-0.15648719668388367,0.3857569694519043,0.7929679155349731,-0.14134877920150757,S
0.5022603869438171,0.8398919105529785,1.4902036582498113e-06,0.517417311668396,0.7789385914802551,-0.0997927188873291,0.48590385913848877,0.6968759894371033,-0.147105872631073,0.40988650918006897,0.6576244831085205,-0.1845335066318512,0.32572540640830994,0.6357400417327881,-0.2186458855867386,0.4352313280105591,0.48578840494155884,-0.09167379140853882,0.4022669792175293,0.31843701004981995,-0.15228848159313202,0.37573710083961487,0.20614609122276306,-0.1906278431415558,0.3498462438583374,0.11260673403739929,-0.21143995225429535,0.3795108497142792,0.5205798149108887,-0.07472845911979675,0.310561865568161,0.37791118025779724,-0.14471963047981262,0.24919861555099487,0.2863127887248993,-0.18484634160995483,0.19931578636169434,0.21297624707221985,-0.1993536502122879,0.3446785509586334,0.5880550146102905,-0.06754887849092484,0.2929719388484955,0.5938667058944702,-0.1624070107936859,0.3310975432395935,0.6819112300872803,-0.18648727238178253,0.3705703020095825,0.7374851107597351,-0.17331138253211975,0.32720017433166504,0.6628819108009338,-0.06699366122484207,0.29469841718673706,0.6850166916847229,-0.14216206967830658,0.3324460983276367,0.7493135929107666,-0.152401864528656,0.3715576231479645,0.7884924411773682,-0.13941584527492523,S
0.49586182832717896,0.8391971588134766,1.489192982262466e-06,0.5099842548370361,0.7815663814544678,-0.10508217662572861,0.47764289379119873,0.7009851932525635,-0.15391665697097778,0.40297603607177734,0.6592104434967041,-0.19125677645206451,0.31929489970207214,0.6313373446464539,-0.22462506592273712,0.4298560917377472,0.4853636920452118,-0.09550481289625168,0.3966287076473236,0.31833645701408386,-0.15567517280578613,0.3689623177051544,0.2056291103363037,-0.19363807141780853,0.34211471676826477,0.11171466112136841,-0.2144107073545456,0.3755524754524231,0.5189434289932251,-0.07507067173719406,0.30640530586242676,0.37509334087371826,-0.14435125887393951,0.24482499063014984,0.28396546840667725,-0.18351374566555023,0.19491904973983765,0.2129005789756775,-0.19735437631607056,0.34094202518463135,0.5836368203163147,-0.06481283158063889,0.2923402190208435,0.5876126289367676,-0.15784312784671783,0.32951849699020386,0.6764026284217834,-0.18067792057991028,0.3667849898338318,0.7329506874084473,-0.16720233857631683,0.3229869306087494,0.6541014909744263,-0.061885543167591095,0.29240745306015015,0.678834855556488,-0.13594366610050201,0.33001071214675903,0.7463271617889404,-0.14620493352413177,0.3674909472465515,0.7877498865127563,-0.13354884088039398,S
0.4926818609237671,0.8428494930267334,1.3989055105412262e-06,0.5059524774551392,0.7840198278427124,-0.0933278501033783,0.4764663875102997,0.7040646076202393,-0.13699615001678467,0.4012048542499542,0.6624618172645569,-0.1715235412120819,0.319021999835968,0.6389742493629456,-0.2027503401041031,0.4268650710582733,0.48999184370040894,-0.0833616703748703,0.39272260665893555,0.32076987624168396,-0.13937871158123016,0.3650016188621521,0.2085774540901184,-0.17498864233493805,0.3374387323856354,0.11556729674339294,-0.19451583921909332,0.37194114923477173,0.5237361788749695,-0.06767334789037704,0.30118483304977417,0.38025039434432983,-0.1317346692085266,0.24015457928180695,0.2909175157546997,-0.16952723264694214,0.1914689540863037,0.22077813744544983,-0.18359708786010742,0.33858004212379456,0.5904203653335571,-0.060915473848581314,0.2906075716018677,0.5886547565460205,-0.14755447208881378,0.32373008131980896,0.6705493927001953,-0.17018984258174896,0.3587437570095062,0.7254884243011475,-0.15873345732688904,0.32360225915908813,0.665289044380188,-0.06055065616965294,0.295421838760376,0.6893426179885864,-0.13073356449604034,0.332763671875,0.7506282329559326,-0.14039891958236694,0.37129849195480347,0.790005624294281,-0.12808384001255035,S
0.49258890748023987,0.8459608554840088,1.3914689134253422e-06,0.5070052146911621,0.788543164730072,-0.09401914477348328,0.47837385535240173,0.7081776857376099,-0.1379128098487854,0.404036283493042,0.66812664270401,-0.17240627110004425,0.32195907831192017,0.6457229852676392,-0.20375801622867584,0.4263344705104828,0.49433374404907227,-0.08533455431461334,0.39363065361976624,0.3263232111930847,-0.14225296676158905,0.3660925030708313,0.2140408754348755,-0.17849992215633392,0.3384375274181366,0.1207624077796936,-0.1984780877828598,0.37213847041130066,0.527732253074646,-0.0696064680814743,0.30186593532562256,0.3851082921028137,-0.13425575196743011,0.24079877138137817,0.29547029733657837,-0.17254363000392914,0.19151264429092407,0.2243916094303131,-0.1871490478515625,0.3392404317855835,0.5939708948135376,-0.06276809424161911,0.2923727333545685,0.5959023237228394,-0.15036332607269287,0.3247757852077484,0.678514301776886,-0.1735253483057022,0.35888564586639404,0.7338001728057861,-0.16243486106395721,0.3249700665473938,0.6680585145950317,-0.06234893947839737,0.29755938053131104,0.6952670216560364,-0.13329948484897614,0.33466482162475586,0.7577288150787354,-0.1431625336408615,0.3726998567581177,0.7982362508773804,-0.13104215264320374,S
0.4982157349586487,0.8537160158157349,1.4650787534264964e-06,0.5124051570892334,0.7964422106742859,-0.10102593153715134,0.4803144037723541,0.7148069143295288,-0.14716707170009613,0.4055156111717224,0.6755231618881226,-0.18234150111675262,0.3221467137336731,0.6504209637641907,-0.2139991670846939,0.42910781502723694,0.49840596318244934,-0.09111130982637405,0.3977583050727844,0.33176809549331665,-0.1498459130525589,0.37048473954200745,0.21910274028778076,-0.1869383603334427,0.3432791233062744,0.12623310089111328,-0.2072656899690628,0.37388694286346436,0.534589409828186,-0.0730230063199997,0.3040100932121277,0.3894028067588806,-0.13913042843341827,0.24313603341579437,0.2982930541038513,-0.1772504448890686,0.19427363574504852,0.22757825255393982,-0.1911032646894455,0.34018757939338684,0.603469729423523,-0.0648135170340538,0.29453951120376587,0.6071305871009827,-0.15505582094192505,0.32925575971603394,0.6906049251556396,-0.17901720106601715,0.36425280570983887,0.7428808212280273,-0.16763027012348175,0.32483673095703125,0.6795305013656616,-0.0635775625705719,0.2996300458908081,0.7093785405158997,-0.1365731656551361,0.3380901515483856,0.7721264362335205,-0.14766009151935577,0.37581905722618103,0.8086791038513184,-0.1362449824810028,S
0.497935950756073,0.8669021725654602,1.426780499969027e-06,0.5162895321846008,0.8112468123435974,-0.09839319437742233,0.4889325797557831,0.7325225472450256,-0.14451651275157928,0.4151085615158081,0.693368136882782,-0.17993271350860596,0.3339357376098633,0.6632466912269592,-0.21193325519561768,0.4359690248966217,0.5120927095413208,-0.09391722828149796,0.40525469183921814,0.34208643436431885,-0.15354493260383606,0.37826576828956604,0.2291085124015808,-0.19089998304843903,0.3505801558494568,0.13508281111717224,-0.21110014617443085,0.3803953230381012,0.5453482866287231,-0.07676895707845688,0.31307870149612427,0.397482693195343,-0.14157459139823914,0.25145551562309265,0.3067832589149475,-0.17884518206119537,0.2016402631998062,0.23554888367652893,-0.19292403757572174,0.34567931294441223,0.6121518611907959,-0.06872881203889847,0.30312448740005493,0.6137098670005798,-0.15577436983585358,0.33305972814559937,0.6978161334991455,-0.1776145100593567,0.3651026487350464,0.7523869276046753,-0.16613081097602844,0.3291908800601959,0.6871833205223083,-0.0675152987241745,0.3043615520000458,0.7155993580818176,-0.13725309073925018,0.3411755859851837,0.7802022695541382,-0.14544622600078583,0.37868934869766235,0.8203701972961426,-0.1325366497039795,S
0.5051555633544922,0.8783270120620728,1.4151831919662072e-06,0.5231116414070129,0.8322020769119263,-0.10557283461093903,0.49679920077323914,0.7558348774909973,-0.15487834811210632,0.42440080642700195,0.7122301459312439,-0.19213086366653442,0.3426344394683838,0.6782766580581665,-0.22558686137199402,0.4494664669036865,0.5275329947471619,-0.10039559751749039,0.4192688763141632,0.3532153367996216,-0.16054779291152954,0.3937698304653168,0.23939186334609985,-0.1974027156829834,0.3671322464942932,0.1457897126674652,-0.21672537922859192,0.39371931552886963,0.5590628385543823,-0.07926096022129059,0.3254467248916626,0.4093611240386963,-0.1459362655878067,0.2659648656845093,0.3172484040260315,-0.18309637904167175,0.21731680631637573,0.24475985765457153,-0.19636331498622894,0.3572535812854767,0.621783971786499,-0.06779421865940094,0.3186681866645813,0.6230672001838684,-0.15643459558486938,0.353767067193985,0.7084739804267883,-0.17796027660369873,0.3878079652786255,0.7615820169448853,-0.1653471142053604,0.3384379744529724,0.6899848580360413,-0.06372479349374771,0.31508830189704895,0.7108590602874756,-0.1340968757867813,0.3536640405654907,0.7785089612007141,-0.14197930693626404,0.39097803831100464,0.8213434219360352,-0.12838517129421234,S
0.5212809443473816,0.8994989991188049,1.3753913208347512e-06,0.5382538437843323,0.8548521399497986,-0.10017561912536621,0.512082576751709,0.778675377368927,-0.14829039573669434,0.4419853985309601,0.7341751456260681,-0.1851973533630371,0.3601944148540497,0.7054979801177979,-0.21902690827846527,0.4682561457157135,0.5482202172279358,-0.09990432113409042,0.44083744287490845,0.376376748085022,-0.16061384975910187,0.4160316586494446,0.2635916769504547,-0.1979154497385025,0.3906128704547882,0.169308602809906,-0.21804359555244446,0.4115810990333557,0.5774181485176086,-0.08179087936878204,0.3465263545513153,0.4249122738838196,-0.14811940491199493,0.28789496421813965,0.33168163895606995,-0.1857328712940216,0.24132058024406433,0.2566000819206238,-0.20011605322360992,0.3741112947463989,0.641141414642334,-0.07232555747032166,0.33059948682785034,0.6330872178077698,-0.160149484872818,0.3570888638496399,0.7205386161804199,-0.18199720978736877,0.3878503143787384,0.7780438661575317,-0.1707838922739029,0.356514036655426,0.713189423084259,-0.06961952894926071,0.32950517535209656,0.7391235828399658,-0.14142192900180817,0.3654972314834595,0.8076207041740417,-0.15020258724689484,0.4039202034473419,0.8516058921813965,-0.1373913437128067,S
0.5355772972106934,0.9368417263031006,1.3685679505215376e-06,0.5573469400405884,0.8942221403121948,-0.09483157843351364,0.5360120534896851,0.8134174346923828,-0.14000368118286133,0.46354496479034424,0.7620975375175476,-0.17526835203170776,0.38075679540634155,0.7277400493621826,-0.20690622925758362,0.49025794863700867,0.5835953950881958,-0.09134054183959961,0.46567168831825256,0.4079439043998718,-0.15121789276599884,0.44154226779937744,0.29458555579185486,-0.18634867668151855,0.4181336760520935,0.20041993260383606,-0.20397232472896576,0.43190136551856995,0.6090705394744873,-0.07627592980861664,0.36949753761291504,0.4512518644332886,-0.14133012294769287,0.31477659940719604,0.35602661967277527,-0.17603595554828644,0.27263733744621277,0.2786375880241394,-0.18720662593841553,0.393171101808548,0.671431839466095,-0.06994256377220154,0.35066622495651245,0.6698830723762512,-0.15853498876094818,0.3808220326900482,0.7591363191604614,-0.1771034449338913,0.4138231575489044,0.814752459526062,-0.16187359392642975,0.3733786344528198,0.7445586323738098,-0.06985002756118774,0.3454303443431854,0.7627952098846436,-0.14053675532341003,0.3840981423854828,0.8340722322463989,-0.14455406367778778,0.4239636957645416,0.8812234997749329,-0.1272016167640686,S
0.5323233604431152,0.9824573993682861,1.1774935728681157e-06,0.5734568238258362,0.9310863018035889,-0.08314502239227295,0.5652302503585815,0.8508163690567017,-0.12695765495300293,0.4829200506210327,0.806660532951355,-0.16385938227176666,0.40382885932922363,0.7688711285591125,-0.1971091330051422,0.5195845365524292,0.6241672039031982,-0.08089116215705872,0.4990542531013489,0.4534408450126648,-0.14057421684265137,0.4780859351158142,0.3424173891544342,-0.17540524899959564,0.45951762795448303,0.248896986246109,-0.1926681101322174,0.45914608240127563,0.6477015614509583,-0.07373995333909988,0.4005914330482483,0.4883078932762146,-0.137420192360878,0.34795257449150085,0.3948795199394226,-0.1701659858226776,0.30703628063201904,0.3206273019313812,-0.18009711802005768,0.4202602803707123,0.7075200080871582,-0.07461977750062943,0.38310733437538147,0.6988323330879211,-0.1633325070142746,0.415145605802536,0.788740873336792,-0.17933809757232666,0.4464833438396454,0.8499447107315063,-0.16192033886909485,0.39875486493110657,0.7826751470565796,-0.08079811185598373,0.37418970465660095,0.7864513993263245,-0.1504904180765152,0.41201305389404297,0.8613060116767883,-0.15117649734020233,0.4489513039588928,0.9179675579071045,-0.13118110597133636,S
0.5307767391204834,1.0477714538574219,1.0453990171299665e-06,0.5892689824104309,0.9944558143615723,-0.07407812029123306,0.5980785489082336,0.9063493609428406,-0.11087287962436676,0.5178226828575134,0.8644727468490601,-0.14234566688537598,0.443327933549881,0.8243446350097656,-0.16995729506015778,0.5503994822502136,0.6912882328033447,-0.06832008808851242,0.5317671895027161,0.5137238502502441,-0.1234230250120163,0.5177519917488098,0.40242090821266174,-0.15392182767391205,0.504303514957428,0.30948010087013245,-0.1677868813276291,0.49006906151771545,0.7049852013587952,-0.062438204884529114,0.43401485681533813,0.5431585311889648,-0.12080038338899612,0.3870987594127655,0.4430960416793823,-0.15166854858398438,0.350735068321228,0.3643938899040222,-0.1597365140914917,0.44959744811058044,0.7580698132514954,-0.06422758847475052,0.41961124539375305,0.7529803514480591,-0.1434507966041565,0.4462728798389435,0.836186945438385,-0.1598052829504013,0.47133350372314453,0.8898151516914368,-0.14368836581707,0.42230892181396484,0.8280141949653625,-0.07083899527788162,0.41202405095100403,0.8411831855773926,-0.1294342577457428,0.44527122378349304,0.9026055335998535,-0.13001412153244019,0.4746909737586975,0.9431249499320984,-0.11159145832061768,S
0.5529415607452393,1.0959632396697998,8.774173352321668e-07,0.6076586246490479,1.0462620258331299,-0.06659888476133347,0.6198712587356567,0.9689083099365234,-0.10088834911584854,0.5421919226646423,0.9327996373176575,-0.13187196850776672,0.4718094766139984,0.9015599489212036,-0.1589430570602417,0.5834764838218689,0.7645289301872253,-0.06664489954710007,0.5709468126296997,0.5850570201873779,-0.11873360723257065,0.5596953630447388,0.4749758541584015,-0.14624443650245667,0.5472796559333801,0.3831018805503845,-0.15936912596225739,0.5239570736885071,0.7722036242485046,-0.06472088396549225,0.469070702791214,0.60770583152771,-0.12183202803134918,0.4258163273334503,0.5135729312896729,-0.15038272738456726,0.3921182453632355,0.4413294792175293,-0.15756911039352417,0.4832821786403656,0.822021484375,-0.06978760659694672,0.45099613070487976,0.8151450157165527,-0.14413316547870636,0.4747249186038971,0.8926989436149597,-0.15845699608325958,0.4955519437789917,0.9440239071846008,-0.14259807765483856,0.4562402665615082,0.889049768447876,-0.07966236770153046,0.4425439238548279,0.8979568481445312,-0.13131442666053772,0.47114917635917664,0.9470273852348328,-0.13106828927993774,0.49575990438461304,0.9811444878578186,-0.11430680751800537,S
0.5879956483840942,1.177448034286499,7.795959504619532e-07,0.6326944828033447,1.1227484941482544,-0.06101362779736519,0.6309506297111511,1.0375783443450928,-0.08950398862361908,0.5677518844604492,0.9926772117614746,-0.11470499634742737,0.5063002109527588,0.9602940082550049,-0.13763739168643951,0.6111629605293274,0.8450213074684143,-0.0635204091668129,0.5978779792785645,0.6670149564743042,-0.10824663937091827,0.5873733758926392,0.5568559765815735,-0.13279259204864502,0.5739941596984863,0.4663081467151642,-0.1451254040002823,0.5505894422531128,0.855226993560791,-0.06148393079638481,0.49738019704818726,0.6920978426933289,-0.11125022917985916,0.45730799436569214,0.5991498231887817,-0.13824206590652466,0.4234139621257782,0.5289372801780701,-0.14611396193504333,0.5050093531608582,0.9067561030387878,-0.06497178226709366,0.47814035415649414,0.8767189979553223,-0.13047753274440765,0.5013689994812012,0.9517513513565063,-0.14443139731884003,0.5168531537055969,1.0060492753982544,-0.13123658299446106,0.47382545471191406,0.9755264520645142,-0.07280611991882324,0.46230965852737427,0.9646458625793457,-0.12064912170171738,0.4847041666507721,1.0134862661361694,-0.12019870430231094,0.5009124875068665,1.0559654235839844,-0.10428651422262192,S
0.6573922038078308,1.2460343837738037,8.590901074967405e-07,0.6941534280776978,1.1824740171432495,-0.06437639892101288,0.6837111115455627,1.114313006401062,-0.09981502592563629,0.6199421286582947,1.0826160907745361,-0.13190452754497528,0.5623166561126709,1.0574902296066284,-0.16239510476589203,0.6422398090362549,0.9220714569091797,-0.07345361262559891,0.6224619746208191,0.7459474802017212,-0.11996570974588394,0.6094371676445007,0.6392637491226196,-0.14690710604190826,0.5965679883956909,0.5493003129959106,-0.16060592234134674,0.5857217311859131,0.937048077583313,-0.06935859471559525,0.5261926651000977,0.7794210910797119,-0.11780340224504471,0.4817519783973694,0.6875346899032593,-0.1442253738641739,0.44511526823043823,0.6228930950164795,-0.1531728059053421,0.544041097164154,0.9855412840843201,-0.07082471996545792,0.49996793270111084,0.9580827951431274,-0.1329682171344757,0.5186222791671753,1.023687481880188,-0.14771834015846252,0.5347738862037659,1.0778286457061768,-0.13686013221740723,0.5151891112327576,1.0460015535354614,-0.07705406099557877,0.47911590337753296,1.0240681171417236,-0.12068873643875122,0.49132660031318665,1.0687241554260254,-0.1202322319149971,0.5052303075790405,1.1124744415283203,-0.10587622970342636,S
0.6992393732070923,1.292344570159912,7.141789524212072e-07,0.7056161761283875,1.1912678480148315,-0.024556776508688927,0.6752749681472778,1.0968282222747803,-0.045579198747873306,0.6264162063598633,1.0515539646148682,-0.06987697631120682,0.5824931859970093,1.031636357307434,-0.09366185963153839,0.6681880950927734,0.9758467674255371,-0.03887713700532913,0.6465798020362854,0.8072007894515991,-0.07564389705657959,0.6308079957962036,0.7071519494056702,-0.09503376483917236,0.6187174320220947,0.6250522136688232,-0.10391784459352493,0.6277491450309753,0.9993590116500854,-0.04873934015631676,0.5515450239181519,0.8539621829986572,-0.08993355929851532,0.5019130706787109,0.7730973362922668,-0.11058392375707626,0.4634079337120056,0.712053656578064,-0.11705111712217331,0.5975576639175415,1.0467054843902588,-0.06039184704422951,0.5419005751609802,1.0060824155807495,-0.10920730233192444,0.5593569278717041,1.0602022409439087,-0.11650031805038452,0.5779181122779846,1.103737473487854,-0.1046101525425911,0.5807238817214966,1.1018770933151245,-0.07333409786224365,0.5406517386436462,1.0716874599456787,-0.10330530256032944,0.556546688079834,1.1131048202514648,-0.09623225778341293,0.576332688331604,1.15399968624115,-0.07999373972415924,S
0.7038145065307617,1.3311651945114136,4.801785848940199e-07,0.6943599581718445,1.221210241317749,-0.005522699095308781,0.66103196144104,1.1247658729553223,-0.015056056901812553,0.6146280169487,1.0634537935256958,-0.025039296597242355,0.5771308541297913,1.0139236450195312,-0.034491073340177536,0.6802183985710144,1.021844744682312,-0.035250209271907806,0.6615560054779053,0.869859516620636,-0.058515481650829315,0.6476837396621704,0.7848214507102966,-0.07204797863960266,0.6331958770751953,0.7109811902046204,-0.08100687712430954,0.6470298171043396,1.0543105602264404,-0.04306788742542267,0.5666501522064209,0.9367884397506714,-0.06851602345705032,0.5147493481636047,0.8777236342430115,-0.08588989824056625,0.47190624475479126,0.8292337656021118,-0.09830040484666824,0.6175481081008911,1.1063966751098633,-0.04966604337096214,0.5603725910186768,1.0613962411880493,-0.0763990730047226,0.5652673840522766,1.1028836965560913,-0.08581994473934174,0.5743178725242615,1.1323566436767578,-0.08620665967464447,0.5995303988456726,1.1589868068695068,-0.055096469819545746,0.5544750094413757,1.1307828426361084,-0.07463690638542175,0.5586974620819092,1.1595478057861328,-0.0767378956079483,0.5679881572723389,1.1830065250396729,-0.07292857766151428,S
0.5582296252250671,1.0210379362106323,9.777523928278242e-07,0.594441294670105,1.0164134502410889,-0.07101418823003769,0.5904590487480164,1.0004420280456543,-0.11913968622684479,0.5300503373146057,1.0005865097045898,-0.15888197720050812,0.48119252920150757,0.9928081035614014,-0.19988133013248444,0.5827376842498779,0.8481148481369019,-0.12563900649547577,0.579973578453064,0.7150627970695496,-0.18183442950248718,0.5693554282188416,0.6304675340652466,-0.21174858510494232,0.5600273013114929,0.5570230484008789,-0.22744911909103394,0.5288062691688538,0.8438321352005005,-0.11788904666900635,0.478562593460083,0.7114379405975342,-0.18081392347812653,0.4363716244697571,0.6262290477752686,-0.2101999670267105,0.40554749965667725,0.5539483428001404,-0.22014150023460388,0.48712828755378723,0.8745185136795044,-0.11156786233186722,0.4475884735584259,0.8836960196495056,-0.17996260523796082,0.45984381437301636,0.9503111839294434,-0.19003985822200775,0.4747081696987152,0.9968868494033813,-0.1769498586654663,0.4600127041339874,0.9204258918762207,-0.10918483138084412,0.4317253828048706,0.9407711625099182,-0.15930970013141632,0.44472336769104004,0.9898591041564941,-0.15677998960018158,0.46228817105293274,1.031238079071045,-0.1403721421957016,S
0.5094076991081238,1.0096287727355957,1.1825225101347314e-06,0.5517938733100891,1.002824068069458,-0.06861098110675812,0.555021345615387,0.9752718806266785,-0.10732436180114746,0.49929818511009216,0.9496304988861084,-0.13779273629188538,0.4505659341812134,0.9151244163513184,-0.1661844104528427,0.5652763247489929,0.7958446145057678,-0.08407768607139587,0.5665818452835083,0.6675294637680054,-0.13123475015163422,0.5611146688461304,0.576700747013092,-0.15799318253993988,0.5541634559631348,0.502243161201477,-0.17161275446414948,0.5109159350395203,0.7869928479194641,-0.07449818402528763,0.47862088680267334,0.6651269197463989,-0.12074428796768188,0.44500330090522766,0.5827730894088745,-0.1447964906692505,0.4191146790981293,0.5112309455871582,-0.15227805078029633,0.46808508038520813,0.8167189359664917,-0.06955806165933609,0.43151935935020447,0.8137416839599609,-0.1284407675266266,0.44509851932525635,0.88492351770401,-0.13713201880455017,0.46295568346977234,0.9302918910980225,-0.1239590272307396,0.43776506185531616,0.8672240972518921,-0.06906018406152725,0.41591477394104004,0.8828274607658386,-0.11656659096479416,0.43337482213974,0.9326074123382568,-0.11571412533521652,0.45449429750442505,0.9662203192710876,-0.10002823919057846,S
0.4964272677898407,0.9825056791305542,1.1776018027376267e-06,0.5403440594673157,0.9892638921737671,-0.08567328006029129,0.546345055103302,0.9563699960708618,-0.13322193920612335,0.4831513464450836,0.9058704376220703,-0.17085249722003937,0.433832585811615,0.8437595963478088,-0.20450618863105774,0.5552666783332825,0.7509964108467102,-0.095458023250103,0.5536343455314636,0.6127465963363647,-0.15051528811454773,0.5502591729164124,0.5248581171035767,-0.1816667765378952,0.5416581034660339,0.4496387839317322,-0.19806160032749176,0.4968140423297882,0.7391505241394043,-0.08181586861610413,0.45866480469703674,0.6056904792785645,-0.1422949880361557,0.42700278759002686,0.5206923484802246,-0.1742531657218933,0.4026026725769043,0.4489656388759613,-0.18379659950733185,0.45114198327064514,0.7680392861366272,-0.0745854377746582,0.41677534580230713,0.7595219612121582,-0.15299789607524872,0.4316265881061554,0.8389886021614075,-0.1675920933485031,0.4524434506893158,0.8885106444358826,-0.15224824845790863,0.41944602131843567,0.8174157738685608,-0.07229602336883545,0.397127628326416,0.8238747119903564,-0.13491341471672058,0.41507670283317566,0.8837494254112244,-0.13731889426708221,0.43583786487579346,0.925676167011261,-0.11979572474956512,S
0.501183032989502,0.9796918630599976,1.2729891523122205e-06,0.5413764715194702,0.981253981590271,-0.09115908294916153,0.5440893173217773,0.9235154390335083,-0.13739436864852905,0.47571834921836853,0.8585033416748047,-0.1729428619146347,0.41949334740638733,0.7887959480285645,-0.2041502147912979,0.546937882900238,0.7056097388267517,-0.08993136882781982,0.5464723110198975,0.5553084015846252,-0.14600124955177307,0.5437582731246948,0.45536333322525024,-0.1778910905122757,0.5362372994422913,0.3710467517375946,-0.19466237723827362,0.4884355068206787,0.6994224786758423,-0.07615704834461212,0.44925448298454285,0.5464828610420227,-0.14081823825836182,0.4160463213920593,0.44981780648231506,-0.17523616552352905,0.3884417414665222,0.3721650540828705,-0.18463991582393646,0.4436604380607605,0.7355860471725464,-0.06982824951410294,0.4042065143585205,0.7131092548370361,-0.1607959121465683,0.4223446547985077,0.8077279925346375,-0.17735260725021362,0.4440758526325226,0.8694713711738586,-0.1586521565914154,0.4117424190044403,0.7959921360015869,-0.06834026426076889,0.3831946551799774,0.7926207780838013,-0.1450212299823761,0.4056578576564789,0.8710196614265442,-0.1491546928882599,0.4280017912387848,0.9264963865280151,-0.1291007697582245,S
0.49758243560791016,0.9816614389419556,1.3597731367553934e-06,0.5428115725517273,0.9695788025856018,-0.09761182218790054,0.5435598492622375,0.8927360773086548,-0.14656251668930054,0.4718678295612335,0.8180475831031799,-0.18389518558979034,0.40350770950317383,0.7497093081474304,-0.2181694358587265,0.5433661937713623,0.6711556315422058,-0.0994454175233841,0.5410441160202026,0.5094314813613892,-0.16172116994857788,0.5368800163269043,0.400083065032959,-0.19906264543533325,0.5294005870819092,0.30490249395370483,-0.2194054275751114,0.4826012849807739,0.6667656898498535,-0.08502551913261414,0.44408953189849854,0.4988965690135956,-0.15498940646648407,0.4056859314441681,0.38737279176712036,-0.19504021108150482,0.37269526720046997,0.2944020628929138,-0.20913811028003693,0.4358663856983185,0.7067092061042786,-0.07813537865877151,0.39178773760795593,0.6721163392066956,-0.17412018775939941,0.4063725471496582,0.7698298692703247,-0.19397559762001038,0.4263097643852234,0.8394054174423218,-0.17761005461215973,0.40348607301712036,0.7707726955413818,-0.07701047509908676,0.37443798780441284,0.774946391582489,-0.15808936953544617,0.3956950902938843,0.8589502573013306,-0.16593985259532928,0.4200618267059326,0.920501708984375,-0.14885172247886658,S
0.49823877215385437,0.9897987842559814,1.3608981817014865e-06,0.5404271483421326,0.9711172580718994,-0.11029060930013657,0.5384268164634705,0.8897291421890259,-0.16322238743305206,0.46925878524780273,0.8121184706687927,-0.20249103009700775,0.3967774212360382,0.7413382530212402,-0.2382260113954544,0.5411661863327026,0.656356930732727,-0.10984115302562714,0.5388156771659851,0.4880501627922058,-0.17183279991149902,0.5357241034507751,0.37234917283058167,-0.2109449952840805,0.5293208956718445,0.27053990960121155,-0.23393428325653076,0.4823218584060669,0.6544366478919983,-0.089248888194561,0.445629358291626,0.48597925901412964,-0.15951675176620483,0.4044329524040222,0.36907461285591125,-0.201462522149086,0.3693951368331909,0.27270159125328064,-0.2190106213092804,0.43538573384284973,0.6963099241256714,-0.07767826318740845,0.39290285110473633,0.658029317855835,-0.17101453244686127,0.4069419503211975,0.7538723945617676,-0.19420160353183746,0.4275569021701813,0.8251829147338867,-0.18271158635616302,0.40416204929351807,0.7566456198692322,-0.07360854744911194,0.3733169436454773,0.7596390247344971,-0.15307770669460297,0.3936121165752411,0.8403443098068237,-0.16621817648410797,0.4205113351345062,0.8994559645652771,-0.1554037481546402,S
0.49009600281715393,1.0050885677337646,1.3029115280005499e-06,0.5395324230194092,0.9857130646705627,-0.10991033166646957,0.5456871390342712,0.9012066721916199,-0.16099058091640472,0.47164949774742126,0.8224427103996277,-0.19836586713790894,0.39563432335853577,0.7520237565040588,-0.2318088263273239,0.544129490852356,0.6646876931190491,-0.10647201538085938,0.5415904521942139,0.4947153627872467,-0.16783063113689423,0.5371617674827576,0.3786373436450958,-0.20526939630508423,0.5309265851974487,0.27863308787345886,-0.22627198696136475,0.48183485865592957,0.661859929561615,-0.08577509969472885,0.4424316883087158,0.49095678329467773,-0.1549822837114334,0.40341758728027344,0.37340691685676575,-0.19437798857688904,0.3730177581310272,0.2794008255004883,-0.20926664769649506,0.43362024426460266,0.7032600045204163,-0.07459918409585953,0.3933640718460083,0.6724510788917542,-0.16887809336185455,0.4074035882949829,0.7755489349365234,-0.1903012990951538,0.42775818705558777,0.8489118814468384,-0.17604731023311615,0.401760071516037,0.7619423270225525,-0.07087370753288269,0.3728359043598175,0.7635868787765503,-0.15023286640644073,0.3929116129875183,0.8492057919502258,-0.1611618548631668,0.4188981354236603,0.9105638265609741,-0.14778070151805878,S
0.4957103729248047,1.0337316989898682,1.1567282172109117e-06,0.5492332577705383,1.0130856037139893,-0.09382633864879608,0.5607325434684753,0.9277395009994507,-0.1408088356256485,0.480752557516098,0.8512231707572937,-0.17840571701526642,0.4038378894329071,0.7834314703941345,-0.21285299956798553,0.5516548156738281,0.6922957897186279,-0.09463924914598465,0.5498716235160828,0.5220711827278137,-0.15555202960968018,0.5459818243980408,0.4080674648284912,-0.19175469875335693,0.5388826131820679,0.3104185163974762,-0.21175254881381989,0.4862560033798218,0.6909433603286743,-0.08395989239215851,0.4471610486507416,0.514503002166748,-0.15223978459835052,0.4111455976963043,0.39968881011009216,-0.19020862877368927,0.3813675343990326,0.3050943613052368,-0.20421580970287323,0.43676266074180603,0.7366327047348022,-0.08146604150533676,0.4015686810016632,0.698192298412323,-0.17420822381973267,0.4188385307788849,0.8005865812301636,-0.1928141713142395,0.4380604326725006,0.8723044395446777,-0.17729520797729492,0.40233463048934937,0.8042402267456055,-0.08502930402755737,0.3817431628704071,0.8010387420654297,-0.16156263649463654,0.406690776348114,0.8834308385848999,-0.16840364038944244,0.4330180883407593,0.9412247538566589,-0.15259112417697906,S
0.497541218996048,1.060726523399353,1.0369327583248378e-06,0.5544007420539856,1.0328121185302734,-0.08519342541694641,0.5673384666442871,0.9545997381210327,-0.12806250154972076,0.48808518052101135,0.8905100226402283,-0.16350558400154114,0.4195604920387268,0.8245393633842468,-0.19509878754615784,0.5605988502502441,0.7275412082672119,-0.08533205091953278,0.5612666606903076,0.5594653487205505,-0.1449982076883316,0.5566467642784119,0.4479832351207733,-0.17882239818572998,0.5477187633514404,0.35374367237091064,-0.1966395229101181,0.4959378242492676,0.7269291281700134,-0.07775722444057465,0.45528966188430786,0.5532175302505493,-0.14551495015621185,0.4184161424636841,0.44458818435668945,-0.18159714341163635,0.3890621066093445,0.3526846468448639,-0.19358862936496735,0.44650745391845703,0.7712006568908691,-0.07828424870967865,0.41458824276924133,0.7401881217956543,-0.16793781518936157,0.43528616428375244,0.8319425582885742,-0.1868128776550293,0.4573942720890045,0.8891490697860718,-0.17176221311092377,0.411518931388855,0.8354602456092834,-0.08419488370418549,0.39608296751976013,0.830095648765564,-0.1534673571586609,0.4231962263584137,0.90025395154953,-0.15858076512813568,0.4510901868343353,0.9453083276748657,-0.14290264248847961,S
0.5112632513046265,1.0842540264129639,8.860468483362638e-07,0.5693743228912354,1.058775782585144,-0.07835398614406586,0.5832763910293579,0.9919421672821045,-0.1190159022808075,0.5055697560310364,0.9397326707839966,-0.1531183272600174,0.440542995929718,0.8833836317062378,-0.183046355843544,0.5755477547645569,0.7741630673408508,-0.08434131741523743,0.5742518901824951,0.6077045202255249,-0.14032234251499176,0.5689079165458679,0.5013328790664673,-0.16982996463775635,0.5597735047340393,0.41019484400749207,-0.18439681828022003,0.5140687227249146,0.7683344483375549,-0.07724699378013611,0.4693853259086609,0.6021362543106079,-0.1416412740945816,0.42896169424057007,0.5003235340118408,-0.17315302789211273,0.39665600657463074,0.4159426987171173,-0.18172015249729156,0.46783751249313354,0.8085174560546875,-0.07707411795854568,0.4328112006187439,0.7933350801467896,-0.15882469713687897,0.4505084156990051,0.8786921501159668,-0.17447158694267273,0.4702971279621124,0.933551549911499,-0.15851035714149475,0.4351823627948761,0.8688461780548096,-0.08208460360765457,0.41619545221328735,0.871879518032074,-0.14173932373523712,0.4383350610733032,0.937325119972229,-0.14341111481189728,0.4618576765060425,0.9826263785362244,-0.12654127180576324,S
0.5579611659049988,1.1335649490356445,7.9736429370314e-07,0.6019091606140137,1.1029266119003296,-0.07037652283906937,0.6028691530227661,1.0447003841400146,-0.1112266406416893,0.5335843563079834,0.9967010617256165,-0.14752115309238434,0.4710219204425812,0.9497565627098083,-0.18090364336967468,0.6033607125282288,0.8362920880317688,-0.0865272656083107,0.5996916890144348,0.6727414131164551,-0.14375098049640656,0.5925601720809937,0.5682706236839294,-0.1763133406639099,0.5829083323478699,0.4788854718208313,-0.1941092312335968,0.5439351201057434,0.8314132690429688,-0.0838240534067154,0.49276164174079895,0.6700962781906128,-0.147084578871727,0.45295146107673645,0.5694302320480347,-0.17975156009197235,0.4216647744178772,0.4858666956424713,-0.19115865230560303,0.49793004989624023,0.8735072016716003,-0.08668261766433716,0.4579315781593323,0.855728030204773,-0.16141559183597565,0.47975635528564453,0.9283227920532227,-0.17471399903297424,0.500943660736084,0.9775950908660889,-0.16105814278125763,0.46684643626213074,0.9358929991722107,-0.09468229115009308,0.44460222125053406,0.942462146282196,-0.148142009973526,0.46651023626327515,0.9946653842926025,-0.1482761651277542,0.48749274015426636,1.0320338010787964,-0.13287679851055145,S
0.6168044209480286,1.1882970333099365,7.878960559537518e-07,0.656635046005249,1.1462020874023438,-0.07716479897499084,0.6519826054573059,1.0787392854690552,-0.11949308216571808,0.5918387174606323,1.0150712728500366,-0.15487411618232727,0.540272057056427,0.9607741832733154,-0.1878945678472519,0.6555393934249878,0.897239089012146,-0.10029423236846924,0.648672342300415,0.7294222116470337,-0.15936991572380066,0.6398143172264099,0.6256515979766846,-0.19170412421226501,0.6316735744476318,0.5369275808334351,-0.20809529721736908,0.597483217716217,0.8989779949188232,-0.09125526249408722,0.5415996313095093,0.7414029240608215,-0.15976925194263458,0.4949677884578705,0.642349898815155,-0.19372166693210602,0.45787134766578674,0.5621906518936157,-0.2041158378124237,0.552327573299408,0.938034176826477,-0.08715926110744476,0.5034302473068237,0.9217528700828552,-0.16669851541519165,0.5187764763832092,0.9974304437637329,-0.18041443824768066,0.5359667539596558,1.0527797937393188,-0.16465842723846436,0.5221587419509888,0.9926121234893799,-0.08802775293588638,0.486349880695343,0.9852644205093384,-0.14492014050483704,0.4995148777961731,1.0415010452270508,-0.14455536007881165,0.5143164396286011,1.0888707637786865,-0.12700048089027405,S
0.6798033118247986,1.2359670400619507,8.048313588915335e-07,0.720543384552002,1.173790693283081,-0.06208094581961632,0.713079035282135,1.0885202884674072,-0.09715176373720169,0.6510065793991089,1.0290943384170532,-0.1267559975385666,0.5900470018386841,1.0026527643203735,-0.15553930401802063,0.7196314334869385,0.9499393701553345,-0.0901491567492485,0.7234904766082764,0.780722439289093,-0.14469869434833527,0.7171041965484619,0.6789169311523438,-0.17370913922786713,0.7062912583351135,0.5914139747619629,-0.1888241022825241,0.6601359844207764,0.9539943933486938,-0.08563172817230225,0.6062125563621521,0.7963413596153259,-0.14711008965969086,0.5621702671051025,0.7068855166435242,-0.1758800446987152,0.5243496894836426,0.6323068737983704,-0.18442946672439575,0.6121974587440491,0.9915490746498108,-0.08442151546478271,0.5668232440948486,0.9774459600448608,-0.15422189235687256,0.5838446617126465,1.0473031997680664,-0.16294226050376892,0.6012651324272156,1.092570424079895,-0.1465403288602829,0.5791900157928467,1.0412116050720215,-0.08695163577795029,0.5471174716949463,1.0305793285369873,-0.13299866020679474,0.5631417036056519,1.0828800201416016,-0.12641173601150513,0.5787501335144043,1.1230758428573608,-0.10686492174863815,S
0.741672694683075,1.275801658630371,6.754927994734317e-07,0.7778122425079346,1.186651587486267,-0.03043203055858612,0.7684954404830933,1.0910981893539429,-0.055492300540208817,0.7223554849624634,1.0344401597976685,-0.0787232294678688,0.6792404055595398,1.0043814182281494,-0.10119146853685379,0.7866513133049011,0.9924318194389343,-0.0699853003025055,0.7958354353904724,0.8239366412162781,-0.11002223193645477,0.7947291135787964,0.7278558015823364,-0.12823081016540527,0.7925068736076355,0.6503493785858154,-0.13704821467399597,0.7388690710067749,1.0030722618103027,-0.07387445867061615,0.678556501865387,0.841362476348877,-0.12386111915111542,0.6340242028236389,0.7587209343910217,-0.146370992064476,0.6001935601234436,0.6967471837997437,-0.15368589758872986,0.6952061653137207,1.0374449491500854,-0.07676492631435394,0.6484768986701965,0.9957074522972107,-0.12786035239696503,0.6698843240737915,1.051963210105896,-0.1292504221200943,0.6943181157112122,1.0933762788772583,-0.11402781307697296,0.6646351218223572,1.0806723833084106,-0.08040126413106918,0.6301328539848328,1.0513062477111816,-0.11142345517873764,0.6482789516448975,1.0986491441726685,-0.10001774877309799,0.6676616072654724,1.138289451599121,-0.08061934262514114,S
0.8246957063674927,0.9525100588798523,-1.6034148586641095e-07,0.812280535697937,0.9143437147140503,0.012119212187826633,0.7947452664375305,0.8710081577301025,0.01811295934021473,0.7814252376556396,0.8433892726898193,0.018824122846126556,0.7707404494285583,0.8207042217254639,0.020129770040512085,0.8058937788009644,0.8384873867034912,0.03337954729795456,0.7818455696105957,0.8042683005332947,0.03225664794445038,0.7702282071113586,0.8093289732933044,0.026197314262390137,0.7683416604995728,0.8253225684165955,0.023633472621440887,0.8030806183815002,0.8326461315155029,0.0253427904099226,0.779670000076294,0.7968410849571228,0.028503386303782463,0.7678982615470886,0.806061863899231,0.02309178002178669,0.7665809392929077,0.8217287659645081,0.01946844905614853,0.7971701622009277,0.8271062970161438,0.016045866534113884,0.7743662595748901,0.7903152704238892,0.02103542350232601,0.7632246613502502,0.7997016906738281,0.019096773117780685,0.7640560865402222,0.8136386871337891,0.016916424036026,0.7880885601043701,0.8233301043510437,0.0069904448464512825,0.7673101425170898,0.7888351082801819,0.013637479394674301,0.7572394609451294,0.7962191700935364,0.018251122906804085,0.7570022940635681,0.8126172423362732,0.02132517099380493,S
0.6013891100883484,1.0735986232757568,6.708480668748962e-07,0.638873279094696,1.0654464960098267,-0.06796514242887497,0.6431024074554443,1.0479680299758911,-0.1130269318819046,0.6118283867835999,1.0310381650924683,-0.1495981514453888,0.5869937539100647,1.0066027641296387,-0.186536967754364,0.6362422108650208,0.8989903926849365,-0.11803832650184631,0.6230315566062927,0.7643069624900818,-0.16582490503787994,0.6038204431533813,0.6783359050750732,-0.19139492511749268,0.5849713087081909,0.6069961786270142,-0.20533743500709534,0.586933970451355,0.898775577545166,-0.10459542274475098,0.5230059623718262,0.7807369232177734,-0.16843591630458832,0.4780850410461426,0.7076205611228943,-0.19854167103767395,0.44656553864479065,0.6507332921028137,-0.2089260369539261,0.5498210787773132,0.9253107309341431,-0.0911463052034378,0.5145975947380066,0.9285210371017456,-0.1538689136505127,0.5210433602333069,0.9818378686904907,-0.16229821741580963,0.5272237062454224,1.018596887588501,-0.14958834648132324,0.5257741212844849,0.9614235162734985,-0.08135656267404556,0.5054959058761597,0.9585986137390137,-0.12412245571613312,0.5140268802642822,1.0008151531219482,-0.11970864236354828,0.5234912633895874,1.0410462617874146,-0.10313805937767029,S
0.5803306102752686,1.0273141860961914,1.1122309615529957e-06,0.6251686215400696,1.0272953510284424,-0.06631812453269958,0.6497836709022522,1.015624761581421,-0.11124731600284576,0.623354971408844,1.0311304330825806,-0.14975692331790924,0.592230498790741,1.039977788925171,-0.18888145685195923,0.6187669038772583,0.8513032793998718,-0.10438476502895355,0.6030920743942261,0.7265729904174805,-0.15456438064575195,0.5920074582099915,0.6490121483802795,-0.18287210166454315,0.5775061845779419,0.5781216621398926,-0.19772657752037048,0.5630998611450195,0.8509591817855835,-0.09784070402383804,0.5125407576560974,0.7386453151702881,-0.15061193704605103,0.4724372327327728,0.6673561334609985,-0.17756083607673645,0.440537691116333,0.6072359681129456,-0.18730507791042328,0.5219133496284485,0.8783323168754578,-0.09399600327014923,0.489967405796051,0.891504168510437,-0.15483833849430084,0.5018777847290039,0.9505895376205444,-0.16576501727104187,0.5149155259132385,0.9917585849761963,-0.15469330549240112,0.4947996437549591,0.919317901134491,-0.09434054046869278,0.4771553575992584,0.9315900802612305,-0.13739927113056183,0.49129432439804077,0.9769471287727356,-0.13370521366596222,0.5079712867736816,1.0145819187164307,-0.1179300919175148,S
0.5532061457633972,1.0161150693893433,1.1929743095606682e-06,0.6087359189987183,1.0169742107391357,-0.07071522623300552,0.6286416053771973,1.0015860795974731,-0.11610682308673859,0.5871672034263611,0.9986258745193481,-0.15444102883338928,0.5583134293556213,0.9942578673362732,-0.1929011195898056,0.6098301410675049,0.8214655518531799,-0.10172758251428604,0.5956692695617676,0.6932753324508667,-0.15477493405342102,0.5848543047904968,0.6113622188568115,-0.18440616130828857,0.572260320186615,0.5402871370315552,-0.1994761824607849,0.5522453188896179,0.8199172019958496,-0.09507520496845245,0.5055732727050781,0.6992614269256592,-0.15008044242858887,0.46403446793556213,0.6226508021354675,-0.17852593958377838,0.43188127875328064,0.5575109720230103,-0.18741579353809357,0.5078645944595337,0.8547419905662537,-0.09203772991895676,0.47109365463256836,0.8580294847488403,-0.15908265113830566,0.48509255051612854,0.9234459400177002,-0.17331412434577942,0.5055619478225708,0.966131865978241,-0.16170363128185272,0.47819727659225464,0.906619131565094,-0.09309551864862442,0.4582763612270355,0.92523592710495,-0.14505450427532196,0.4759131371974945,0.9719544649124146,-0.14624746143817902,0.4999566078186035,1.007364273071289,-0.13109512627124786,S
0.5757871270179749,1.0112273693084717,1.0932004670394235e-06,0.6117762327194214,1.0053833723068237,-0.0759536400437355,0.6078869104385376,0.9815333485603333,-0.1231968030333519,0.5378040075302124,0.9661151170730591,-0.16272315382957458,0.4854562282562256,0.9422271847724915,-0.20118798315525055,0.6059885621070862,0.7922030091285706,-0.10010279715061188,0.591715931892395,0.656306266784668,-0.1543773114681244,0.5805476307868958,0.56834477186203,-0.18712899088859558,0.5678102970123291,0.49171751737594604,-0.20627857744693756,0.5487000942230225,0.7968611717224121,-0.0917789489030838,0.49873048067092896,0.6709980964660645,-0.14996550977230072,0.45435526967048645,0.5897571444511414,-0.1806764006614685,0.42249810695648193,0.5184324979782104,-0.19250795245170593,0.5057817697525024,0.8395346403121948,-0.08856470137834549,0.4683803915977478,0.832594633102417,-0.15689273178577423,0.48131993412971497,0.8905601501464844,-0.1699085384607315,0.5024983286857605,0.9193941950798035,-0.1596887856721878,0.4755585789680481,0.8999331593513489,-0.09055089205503464,0.4518832564353943,0.9169436097145081,-0.1431339532136917,0.47436976432800293,0.9583194255828857,-0.14521238207817078,0.5037062764167786,0.9823178052902222,-0.13288164138793945,S
0.5777710676193237,0.9976344108581543,1.347459374301252e-06,0.6160681247711182,0.9894511103630066,-0.09794600307941437,0.6088231801986694,0.9621663689613342,-0.15555112063884735,0.5410366058349609,0.952680230140686,-0.2012433260679245,0.4841248095035553,0.9142583608627319,-0.2457578480243683,0.6028936505317688,0.7555606365203857,-0.12442745268344879,0.5878497362136841,0.616217851638794,-0.18887372314929962,0.5733117461204529,0.5176433324813843,-0.23009172081947327,0.556398332118988,0.43496790528297424,-0.25428488850593567,0.5478594303131104,0.7671577334403992,-0.10815269500017166,0.4989052414894104,0.633960485458374,-0.17554500699043274,0.45071715116500854,0.5484586954116821,-0.21483750641345978,0.40993547439575195,0.4741828441619873,-0.23162491619586945,0.5076017379760742,0.8134808540344238,-0.09841016680002213,0.4620886445045471,0.8058333396911621,-0.17772555351257324,0.4798193573951721,0.8695664405822754,-0.1976139098405838,0.5029870867729187,0.9028193354606628,-0.18919909000396729,0.4768405854701996,0.873841404914856,-0.09517639130353928,0.4528141915798187,0.8844819068908691,-0.15675315260887146,0.4731678366661072,0.9265470504760742,-0.1640232652425766,0.5002040863037109,0.9504796266555786,-0.15398217737674713,S
0.5916041731834412,0.992548406124115,1.217969384015305e-06,0.6313170194625854,0.9785360097885132,-0.08127240091562271,0.6208323240280151,0.946922779083252,-0.13226625323295593,0.5462974905967712,0.9324663877487183,-0.17529013752937317,0.487277090549469,0.8951911926269531,-0.21673402190208435,0.6029179096221924,0.7430458068847656,-0.10636855661869049,0.5885429382324219,0.5989872813224792,-0.16786929965019226,0.5726494789123535,0.4984772205352783,-0.20652730762958527,0.5554916262626648,0.4131072461605072,-0.22906169295310974,0.5465849041938782,0.7548233866691589,-0.09841679781675339,0.4945349097251892,0.614712119102478,-0.16152149438858032,0.44707033038139343,0.5224130749702454,-0.19996322691440582,0.4083402752876282,0.438203364610672,-0.2177068144083023,0.5073343515396118,0.8033509850502014,-0.0954228863120079,0.4636848568916321,0.7782502770423889,-0.1709732860326767,0.4805973768234253,0.8417196869850159,-0.18674235045909882,0.5021745562553406,0.8840246200561523,-0.17626012861728668,0.48037993907928467,0.8713412284851074,-0.09773045778274536,0.4553384482860565,0.8642111420631409,-0.15527582168579102,0.4759700298309326,0.9009713530540466,-0.1573694348335266,0.5007903575897217,0.928974986076355,-0.14362147450447083,S
0.5910831689834595,0.9999532699584961,1.2910727491544094e-06,0.637052059173584,0.9775109887123108,-0.08147543668746948,0.6309112906455994,0.9388300180435181,-0.13191725313663483,0.5584548115730286,0.9229129552841187,-0.1745920330286026,0.49678921699523926,0.8847184181213379,-0.21520274877548218,0.6077620983123779,0.728583812713623,-0.104547880589962,0.594052791595459,0.5752991437911987,-0.1668529510498047,0.5754638314247131,0.4678730070590973,-0.20528219640254974,0.555513858795166,0.3778766393661499,-0.22761602699756622,0.5494946241378784,0.7445358037948608,-0.09780589491128922,0.4977511465549469,0.6042835116386414,-0.1632007211446762,0.4486510753631592,0.5093926787376404,-0.20209430158138275,0.4065738320350647,0.4224594533443451,-0.21984072029590607,0.5099316239356995,0.7973313927650452,-0.09644420444965363,0.4688064157962799,0.7745455503463745,-0.1752186417579651,0.4926125407218933,0.8433231115341187,-0.19042247533798218,0.5165661573410034,0.8883156180381775,-0.17867833375930786,0.4840364456176758,0.8689267635345459,-0.100495345890522,0.4621048867702484,0.862861156463623,-0.16087333858013153,0.48763617873191833,0.9023202657699585,-0.163119375705719,0.5140570998191833,0.9300645589828491,-0.14888539910316467,S
0.6047236919403076,1.0137107372283936,1.3126226576787303e-06,0.651871919631958,0.986931324005127,-0.09014769643545151,0.6476131081581116,0.9335219264030457,-0.14247439801692963,0.5710382461547852,0.9129893779754639,-0.1857779622077942,0.5036038756370544,0.87690269947052,-0.226880744099617,0.6185958385467529,0.7233299612998962,-0.10806901752948761,0.5995942950248718,0.5642197132110596,-0.1714508831501007,0.5801957845687866,0.4532082974910736,-0.21148596704006195,0.559730052947998,0.3620973527431488,-0.23484811186790466,0.5594351291656494,0.7419131398200989,-0.0975518673658371,0.5054962635040283,0.5960385203361511,-0.16403184831142426,0.45570069551467896,0.4982679784297943,-0.20442438125610352,0.4125559329986572,0.41243794560432434,-0.2227276861667633,0.5191218256950378,0.7960073947906494,-0.09377509355545044,0.4800177812576294,0.7728262543678284,-0.17435796558856964,0.5002782940864563,0.8409850597381592,-0.19308364391326904,0.5213416218757629,0.8857062458992004,-0.18295761942863464,0.49150389432907104,0.8664549589157104,-0.0962764248251915,0.4732853174209595,0.861299455165863,-0.15678207576274872,0.49637851119041443,0.8983005285263062,-0.16178886592388153,0.5201923251152039,0.9219740629196167,-0.14988189935684204,S
0.6204079389572144,1.0365409851074219,1.2055645584041486e-06,0.6757426261901855,0.9996411204338074,-0.07651427388191223,0.6798921227455139,0.9312151670455933,-0.11978255957365036,0.5962457060813904,0.903510570526123,-0.15725745260715485,0.522111713886261,0.8710598349571228,-0.19227483868598938,0.6370226144790649,0.7275533080101013,-0.08651391416788101,0.6177407503128052,0.5610402822494507,-0.14565609395503998,0.6003509759902954,0.44758814573287964,-0.18094699084758759,0.5815783143043518,0.35478082299232483,-0.2000824213027954,0.5755791664123535,0.7442090511322021,-0.08116291463375092,0.5221256017684937,0.5931787490844727,-0.14295941591262817,0.4737253487110138,0.49317190051078796,-0.17910033464431763,0.430656373500824,0.4085257053375244,-0.1932106763124466,0.5360144972801208,0.7993727922439575,-0.08221527189016342,0.5031774044036865,0.7755792737007141,-0.1585005819797516,0.5281338691711426,0.8423210382461548,-0.1734408438205719,0.5499644875526428,0.8873251676559448,-0.1595824658870697,0.5098200440406799,0.8733223080635071,-0.08861102908849716,0.49655452370643616,0.8658099174499512,-0.14332902431488037,0.5247205495834351,0.9029415249824524,-0.14327870309352875,0.5489992499351501,0.9302075505256653,-0.12687379121780396,S
0.6455743312835693,1.041922926902771,1.1939060868826346e-06,0.7029131054878235,1.000319004058838,-0.07973717898130417,0.7141209244728088,0.9290925860404968,-0.12342458963394165,0.6359492540359497,0.8966606855392456,-0.16125071048736572,0.5590331554412842,0.8661884665489197,-0.19631336629390717,0.6663839817047119,0.7156769037246704,-0.0846305787563324,0.6459715962409973,0.5444400906562805,-0.1445908397436142,0.6288565993309021,0.430233895778656,-0.1800386756658554,0.6093854904174805,0.33614683151245117,-0.198434516787529,0.6049760580062866,0.7329928874969482,-0.07788500934839249,0.5496156215667725,0.5760680437088013,-0.14101237058639526,0.5026764869689941,0.4787130057811737,-0.17651723325252533,0.462457537651062,0.39976269006729126,-0.18830467760562897,0.5647215247154236,0.7900863289833069,-0.07847786694765091,0.5340635776519775,0.7727714776992798,-0.1566818654537201,0.5634008049964905,0.8429275751113892,-0.17269961535930634,0.5894923806190491,0.8889158368110657,-0.1576135754585266,0.5381132960319519,0.8642776608467102,-0.08469071239233017,0.5275518298149109,0.8611932396888733,-0.13801930844783783,0.5567547082901001,0.9025892019271851,-0.13712874054908752,0.5815424919128418,0.9303533434867859,-0.11957037448883057,S
0.6845098733901978,1.0490232706069946,1.2343798516667448e-06,0.7448126077651978,1.0053030252456665,-0.0863509401679039,0.7569245100021362,0.9237798452377319,-0.1303134560585022,0.673842191696167,0.8838098049163818,-0.16680747270584106,0.5912414193153381,0.8494827151298523,-0.19997239112854004,0.703856885433197,0.705676794052124,-0.08511799573898315,0.6837338209152222,0.5285952091217041,-0.1438143253326416,0.6702340245246887,0.41291528940200806,-0.17869117856025696,0.6538410186767578,0.3169443905353546,-0.1972927451133728,0.640198826789856,0.7234119772911072,-0.07531963288784027,0.5850303769111633,0.5619717836380005,-0.13787443935871124,0.5412622094154358,0.4633437395095825,-0.17394055426120758,0.5029517412185669,0.3851892650127411,-0.18635521829128265,0.5979087948799133,0.7815227508544922,-0.07390357553958893,0.5679246187210083,0.763873815536499,-0.15542848408222198,0.5978054404258728,0.8356080055236816,-0.1758531630039215,0.6229197382926941,0.8819311857223511,-0.16327401995658875,0.5701014995574951,0.8555670380592346,-0.07843378931283951,0.5636519193649292,0.8599618673324585,-0.13882948458194733,0.5957447290420532,0.9084664583206177,-0.14366886019706726,0.6213281154632568,0.9402376413345337,-0.12920092046260834,S
0.7245534062385559,1.0651061534881592,1.2327533340794616e-06,0.7886082530021667,1.0123385190963745,-0.08302530646324158,0.8027948141098022,0.9209396839141846,-0.12302599847316742,0.7149998545646667,0.880294680595398,-0.15591837465763092,0.6282605528831482,0.8533226847648621,-0.18548274040222168,0.7422685623168945,0.7090215086936951,-0.07770754396915436,0.72103351354599,0.5260247588157654,-0.13163678348064423,0.7098822593688965,0.4100130498409271,-0.16312161087989807,0.6943362355232239,0.3131709098815918,-0.17969177663326263,0.6765012145042419,0.7269099354743958,-0.06705151498317719,0.6227577924728394,0.5641594529151917,-0.12524662911891937,0.5814016461372375,0.4619452655315399,-0.16006475687026978,0.5438863635063171,0.3819076120853424,-0.1727699339389801,0.6327864527702332,0.7848208546638489,-0.06451170891523361,0.6043677926063538,0.7699704170227051,-0.14151088893413544,0.6321361660957336,0.8367396593093872,-0.16450883448123932,0.6548829674720764,0.883165180683136,-0.1552794873714447,0.6031153798103333,0.8585584759712219,-0.06767331063747406,0.6004084348678589,0.8678839802742004,-0.12621036171913147,0.6358079314231873,0.9163531064987183,-0.13398948311805725,0.6641901135444641,0.9502345323562622,-0.12247050553560257,S
0.7557151913642883,1.0819170475006104,1.2170988838988706e-06,0.8239012956619263,1.0357978343963623,-0.08987360447645187,0.841741681098938,0.9423789978027344,-0.13395288586616516,0.7548536062240601,0.899908185005188,-0.16958516836166382,0.6635374426841736,0.867867648601532,-0.20185089111328125,0.7796623110771179,0.7275477647781372,-0.09181522578001022,0.7582443356513977,0.5400766134262085,-0.1501176655292511,0.7464461922645569,0.4218551218509674,-0.1835647076368332,0.7307103872299194,0.32233983278274536,-0.20185160636901855,0.7122722268104553,0.7435619235038757,-0.08016417920589447,0.6579143404960632,0.5817500352859497,-0.14304955303668976,0.6157463788986206,0.479580819606781,-0.1784728318452835,0.5784326791763306,0.3990909159183502,-0.19215160608291626,0.6655259728431702,0.8014304637908936,-0.07683473825454712,0.6405076384544373,0.7819724678993225,-0.15864714980125427,0.6690210103988647,0.8566010594367981,-0.1807895004749298,0.6906560063362122,0.9089192152023315,-0.17113812267780304,0.632354199886322,0.8752179145812988,-0.07980851083993912,0.633922278881073,0.8919640779495239,-0.14431063830852509,0.6694749593734741,0.9420915842056274,-0.1550641804933548,0.6950671076774597,0.9756782054901123,-0.14563670754432678,S
0.7857500910758972,1.1194877624511719,1.101608859244152e-06,0.8547793030738831,1.0591365098953247,-0.07833588868379593,0.8676436543464661,0.9575527310371399,-0.11602962762117386,0.7755245566368103,0.9280918836593628,-0.14739805459976196,0.6890571713447571,0.9042539596557617,-0.17587195336818695,0.8043557405471802,0.760186493396759,-0.08072588592767715,0.7872350811958313,0.5700480937957764,-0.13427484035491943,0.7755120396614075,0.45120394229888916,-0.16543230414390564,0.7601205706596375,0.350862979888916,-0.18349385261535645,0.7384074926376343,0.7798489928245544,-0.07443980127573013,0.6833407878875732,0.6172881722450256,-0.13508754968643188,0.636257529258728,0.5195012092590332,-0.17052008211612701,0.5958127379417419,0.442177414894104,-0.18504048883914948,0.6945094466209412,0.8388850092887878,-0.07527641952037811,0.6575103998184204,0.8035168647766113,-0.15576542913913727,0.6831197738647461,0.881110668182373,-0.1766689270734787,0.7051058411598206,0.9385563731193542,-0.1667458713054657,0.6664894819259644,0.91352379322052,-0.08142706751823425,0.6544141173362732,0.9182965159416199,-0.1472652554512024,0.6866450309753418,0.9696952700614929,-0.15699423849582672,0.7148005366325378,1.0083650350570679,-0.14660963416099548,S
0.7897199392318726,1.1793088912963867,1.0159262728848262e-06,0.8652925491333008,1.1083054542541504,-0.06777646392583847,0.8866521120071411,1.0004104375839233,-0.09657853096723557,0.8199901580810547,0.9724256992340088,-0.12111413478851318,0.7547798752784729,0.9506134986877441,-0.14389313757419586,0.8145166039466858,0.8051358461380005,-0.06650499254465103,0.8054388165473938,0.614196240901947,-0.11216074228286743,0.7956547737121582,0.49499616026878357,-0.13856519758701324,0.7800449132919312,0.39393913745880127,-0.153114914894104,0.7515621185302734,0.8300485014915466,-0.06339291483163834,0.7005025148391724,0.6704698801040649,-0.11743202805519104,0.6519192457199097,0.574951708316803,-0.14993228018283844,0.6086803674697876,0.5041390657424927,-0.16240064799785614,0.7081705331802368,0.8886107802391052,-0.06662724912166595,0.6707161068916321,0.8503924012184143,-0.1427164226770401,0.6886374950408936,0.9287018179893494,-0.16419599950313568,0.7034591436386108,0.991328775882721,-0.15445871651172638,0.6806445717811584,0.9614965319633484,-0.07419730722904205,0.6623991131782532,0.9577814936637878,-0.1352417767047882,0.6838802695274353,1.0124138593673706,-0.14259517192840576,0.7038127183914185,1.0595524311065674,-0.13049130141735077,S
0.7794387340545654,1.232558012008667,9.468560051573149e-07,0.8422319889068604,1.1713824272155762,-0.07026313245296478,0.8619832992553711,1.0675090551376343,-0.10355725884437561,0.7974475622177124,1.0111876726150513,-0.12864826619625092,0.7298622727394104,0.9676455855369568,-0.15496785938739777,0.8309897780418396,0.860837996006012,-0.07884909212589264,0.8309015035629272,0.6753340363502502,-0.11899567395448685,0.8229251503944397,0.5669487118721008,-0.145346999168396,0.8115166425704956,0.4756331443786621,-0.1629452407360077,0.7681941390037537,0.873394787311554,-0.07343535870313644,0.7387834191322327,0.6915231943130493,-0.11324519664049149,0.7061302661895752,0.5971702337265015,-0.14427123963832855,0.6751697063446045,0.5192497968673706,-0.16202478110790253,0.7222047448158264,0.9244085550308228,-0.07268527150154114,0.6787076592445374,0.8059781193733215,-0.12837836146354675,0.6630706191062927,0.7928685545921326,-0.15726637840270996,0.6536880135536194,0.7816744446754456,-0.16843843460083008,0.6936461329460144,0.9970420002937317,-0.07618103176355362,0.6794570684432983,0.96308434009552,-0.13415555655956268,0.698378324508667,1.0124624967575073,-0.14756061136722565,0.7187809944152832,1.0616753101348877,-0.14671918749809265,S
0.8332192301750183,1.2808895111083984,6.817913345003035e-07,0.8815494775772095,1.2122466564178467,-0.06833510845899582,0.882482647895813,1.1187725067138672,-0.10081764310598373,0.8128252625465393,1.0604313611984253,-0.1292567402124405,0.749258279800415,1.0114821195602417,-0.15511563420295715,0.8355890512466431,0.9249271750450134,-0.06541682779788971,0.8240312933921814,0.7278921604156494,-0.10243702679872513,0.8139602541923523,0.6196482181549072,-0.12505170702934265,0.7981063723564148,0.5279672145843506,-0.1390121430158615,0.7769055366516113,0.9496286511421204,-0.059235185384750366,0.713797926902771,0.781840980052948,-0.10635426640510559,0.6620265245437622,0.7003189921379089,-0.13725128769874573,0.6166212558746338,0.6419301629066467,-0.15161198377609253,0.7372082471847534,1.001467227935791,-0.05886612832546234,0.7037651538848877,0.9370510578155518,-0.1203920915722847,0.7271448969841003,0.9815507531166077,-0.13859732449054718,0.744260847568512,1.0229313373565674,-0.1334742158651352,0.7118407487869263,1.059841275215149,-0.06371105462312698,0.68732750415802,1.0013550519943237,-0.11076751351356506,0.7069935202598572,1.0352610349655151,-0.1138228103518486,0.7277976274490356,1.0808664560317993,-0.10361471772193909,S
0.8708719611167908,1.3267936706542969,7.077538839439512e-07,0.8933156132698059,1.2050329446792603,-0.03372958302497864,0.8663609027862549,1.089937448501587,-0.05279109254479408,0.798663854598999,1.028090476989746,-0.07201311737298965,0.7404013276100159,1.000076413154602,-0.09038032591342926,0.8495937585830688,0.9731672406196594,-0.042942121624946594,0.8284175395965576,0.7917386293411255,-0.0755530297756195,0.8115752339363098,0.6868166923522949,-0.09267953783273697,0.7944671511650085,0.5993516445159912,-0.10162672400474548,0.7922578454017639,1.0065010786056519,-0.04482011869549751,0.7162900567054749,0.8674901127815247,-0.0835019052028656,0.6642417311668396,0.789377748966217,-0.10536063462495804,0.6208076477050781,0.7278621196746826,-0.1147591695189476,0.7485353946685791,1.064066767692566,-0.04893800616264343,0.705335795879364,1.0255378484725952,-0.09852110594511032,0.7356114983558655,1.0825645923614502,-0.11076825857162476,0.7601256966590881,1.1285778284072876,-0.1027657762169838,0.7200398445129395,1.12685227394104,-0.0547725073993206,0.6885756254196167,1.0982115268707275,-0.09036463499069214,0.7110018730163574,1.1433453559875488,-0.0904143825173378,0.73162442445755,1.1875441074371338,-0.07894377410411835,S
0.8866955041885376,1.3397760391235352,4.707581240381842e-07,0.863227903842926,1.1977258920669556,-0.004540435969829559,0.8235940933227539,1.0776153802871704,-0.013990340754389763,0.781657338142395,0.997638463973999,-0.02672363631427288,0.7415201663970947,0.9413436651229858,-0.039540667086839676,0.8362471461296082,1.009276270866394,-0.03717516362667084,0.8104369044303894,0.8485974669456482,-0.06550224125385284,0.7911115884780884,0.7601966857910156,-0.07820998877286911,0.7700474858283997,0.6814849972724915,-0.08662983775138855,0.8020821213722229,1.048025131225586,-0.0522119402885437,0.7097917199134827,0.933950662612915,-0.08592040091753006,0.6502775549888611,0.8785799145698547,-0.10393741726875305,0.5997048020362854,0.8314909934997559,-0.11587155610322952,0.7739229202270508,1.1077240705490112,-0.06693893671035767,0.7073013782501221,1.0781759023666382,-0.10845115780830383,0.7263080477714539,1.1203234195709229,-0.12024173885583878,0.7459273338317871,1.147398591041565,-0.11958727240562439,0.7602700591087341,1.1684341430664062,-0.08061211556196213,0.7135273218154907,1.154478907585144,-0.11289935559034348,0.7265883684158325,1.1881096363067627,-0.11932171136140823,0.7419836521148682,1.2142086029052734,-0.11776735633611679,S
